X,Y,CMUN,CDENTIDAD,CDNUCLEO,CDTNUCLEO,ETIQUETA,DESCR,BUSCA,POB,PART_JUD,COD,lng,lat,dis_bomberos_drive_08:30,dis_bomberos_drive_11:00,dis_bomberos_transit_08:30,dis_bomberos_transit_11:00,dis_csmental_drive_08:30,dis_csmental_drive_11:00,dis_csmental_transit_08:30,dis_csmental_transit_11:00,dis_hospt2_1_drive_08:30,dis_hospt2_1_drive_11:00,dis_hospt2_1_transit_08:30,dis_hospt2_1_transit_11:00,dis_hospt2_2_drive_08:30,dis_hospt2_2_drive_11:00,dis_hospt2_2_transit_08:30,dis_hospt2_2_transit_11:00,dis_hospt2_3_drive_08:30,dis_hospt2_3_drive_11:00,dis_hospt2_3_transit_08:30,dis_hospt2_3_transit_11:00,dis_hospt2_4_drive_08:30,dis_hospt2_4_drive_11:00,dis_hospt2_4_transit_08:30,dis_hospt2_4_transit_11:00,dis_hospt3_1_drive_08:30,dis_hospt3_1_drive_11:00,dis_hospt3_1_transit_08:30,dis_hospt3_1_transit_11:00,dis_hospt3_2_drive_08:30,dis_hospt3_2_drive_11:00,dis_hospt3_2_transit_08:30,dis_hospt3_2_transit_11:00,dis_hospt3_3_drive_08:30,dis_hospt3_3_drive_11:00,dis_hospt3_3_transit_08:30,dis_hospt3_3_transit_11:00,dis_juzgados_drive_08:30,dis_juzgados_drive_11:00,dis_juzgados_transit_08:30,dis_juzgados_transit_11:00,dur_bomberos_drive_08:30,dur_bomberos_drive_11:00,dur_bomberos_transit_08:30,dur_bomberos_transit_11:00,dur_csmental_drive_08:30,dur_csmental_drive_11:00,dur_csmental_transit_08:30,dur_csmental_transit_11:00,dur_hospt2_1_drive_08:30,dur_hospt2_1_drive_11:00,dur_hospt2_1_transit_08:30,dur_hospt2_1_transit_11:00,dur_hospt2_2_drive_08:30,dur_hospt2_2_drive_11:00,dur_hospt2_2_transit_08:30,dur_hospt2_2_transit_11:00,dur_hospt2_3_drive_08:30,dur_hospt2_3_drive_11:00,dur_hospt2_3_transit_08:30,dur_hospt2_3_transit_11:00,dur_hospt2_4_drive_08:30,dur_hospt2_4_drive_11:00,dur_hospt2_4_transit_08:30,dur_hospt2_4_transit_11:00,dur_hospt3_1_drive_08:30,dur_hospt3_1_drive_11:00,dur_hospt3_1_transit_08:30,dur_hospt3_1_transit_11:00,dur_hospt3_2_drive_08:30,dur_hospt3_2_drive_11:00,dur_hospt3_2_transit_08:30,dur_hospt3_2_transit_11:00,dur_hospt3_3_drive_08:30,dur_hospt3_3_drive_11:00,dur_hospt3_3_transit_08:30,dur_hospt3_3_transit_11:00,dur_juzgados_drive_08:30,dur_juzgados_drive_11:00,dur_juzgados_transit_08:30,dur_juzgados_transit_11:00,mean_dis_all,mean_dis_bomberos_all,mean_dis_bomberos_drive,mean_dis_bomberos_transit,mean_dis_csmental_all,mean_dis_csmental_drive,mean_dis_csmental_transit,mean_dis_drive,mean_dis_hospt2_all,mean_dis_hospt2_drive,mean_dis_hospt2_transit,mean_dis_hospt3_all,mean_dis_hospt3_drive,mean_dis_hospt3_transit,mean_dis_juzgados_all,mean_dis_juzgados_drive,mean_dis_juzgados_transit,mean_dis_transit,mean_dur_all,mean_dur_bomberos_all,mean_dur_bomberos_drive,mean_dur_bomberos_transit,mean_dur_csmental_all,mean_dur_csmental_drive,mean_dur_csmental_transit,mean_dur_drive,mean_dur_hospt2_all,mean_dur_hospt2_drive,mean_dur_hospt2_transit,mean_dur_hospt3_all,mean_dur_hospt3_drive,mean_dur_hospt3_transit,mean_dur_juzgados_all,mean_dur_juzgados_drive,mean_dur_juzgados_transit,mean_dur_transit,weigh_mean_dis_all,weigh_mean_dis_bomberos_all,weigh_mean_dis_bomberos_drive,weigh_mean_dis_bomberos_transit,weigh_mean_dis_csmental_all,weigh_mean_dis_csmental_drive,weigh_mean_dis_csmental_transit,weigh_mean_dis_drive,weigh_mean_dis_hospt2_all,weigh_mean_dis_hospt2_drive,weigh_mean_dis_hospt2_transit,weigh_mean_dis_hospt3_all,weigh_mean_dis_hospt3_drive,weigh_mean_dis_hospt3_transit,weigh_mean_dis_juzgados_all,weigh_mean_dis_juzgados_drive,weigh_mean_dis_juzgados_transit,weigh_mean_dis_transit,weigh_mean_dur_all,weigh_mean_dur_bomberos_all,weigh_mean_dur_bomberos_drive,weigh_mean_dur_bomberos_transit,weigh_mean_dur_csmental_all,weigh_mean_dur_csmental_drive,weigh_mean_dur_csmental_transit,weigh_mean_dur_drive,weigh_mean_dur_hospt2_all,weigh_mean_dur_hospt2_drive,weigh_mean_dur_hospt2_transit,weigh_mean_dur_hospt3_all,weigh_mean_dur_hospt3_drive,weigh_mean_dur_hospt3_transit,weigh_mean_dur_juzgados_all,weigh_mean_dur_juzgados_drive,weigh_mean_dur_juzgados_transit,weigh_mean_dur_transit
443758.167706114,4474944.92782651,"079","01","01","0790101",Madrid,Madrid,Madrid Núcleo,"3422416","11","1",-3.6629893726,40.4232353619,1633,1633,1827,1652,1582,1582,1293,1293,14163,14163,12782,12782,,,,,,,,,,,,,1929,1929,2174,2213,8244,8244,7175,7175,,,,,1043,1043,1242,825,403,455,1052,1166,402,458,712,700,1467,1489,3163,3223,,,,,,,,,,,,,464,476,1063,1317,793,835,2281,2341,,,,,253,281,702,754,4567.54166666667,1686.25,1633,1739.5,1437.5,1582,1293,4765.66666666667,13472.5,14163,12782,4885.375,5086.5,4684.25,1038.25,1043,1033.5,4369.41666666667,1093.75,769,429,1109,568,430,706,648,2335.5,1478,3193,1196.25,642,1750.5,497.5,267,728,1539.5,15632027680.6667,5771048980,5588805328,5953292632,4919723000,5414262112,4425183888,16310093850.6667,46108499560,48471677808,43745321312,16719785566,17408118984,16031452148,3553323412,3569579888,3537066936,14953961510.6667,3743267500,2631837904,1468216464,3795459344,1943932288,1471638880,2416225696,2217725568,7993052568,5058330848,10927774288,4094065140,2197191072,5990939208,1702651960,913785072,2491518848,5268809432
441460.301177286,4458883.18214624,"065","06","01","0650601",Arroyo Culebro,Arroyo Culebro,Arroyo Culebro Núcleo,"15","10","1",-3.68860193,40.27838299,8882,8882,15474,15474,9017,9017,14381,16840,17429,17429,31413,28730,,,,,,,,,,,,,29482,20222,27191,27452,11309,13468,17105,19104,,,,,12584,12584,12190,12975,681,673,4022,4142,683,666,4888,5335,1478,1383,6484,6484,,,,,,,,,,,,,1807,1367,7179,6731,881,786,5206,5348,,,,,737,690,3706,4072,17026.4166666667,12178,8882,15474,12313.75,9017,15610.5,14192.0833333333,23750.25,17429,30071.5,20666.625,18620.25,22713,12583.25,12584,12582.5,19860.75,3142.875,2379.5,677,4082,2893,674.5,5111.5,986,3957.25,1430.5,6484,3663.125,1210.25,6116,2301.25,713.5,3889,5299.75,255396.25,182670,133230,232110,184706.25,135255,234157.5,212881.25,356253.75,261435,451072.5,309999.375,279303.75,340695,188748.75,188760,188737.5,297911.25,47143.125,35692.5,10155,61230,43395,10117.5,76672.5,14790,59358.75,21457.5,97260,54946.875,18153.75,91740,34518.75,10702.5,58335,79496.25
441919.785547023,4463523.08727193,"065","09","01","0650901",Adaro,Adaro,Adaro Núcleo,"260","10","1",-3.683618564,40.3202145107,8445,8445,11837,11837,5984,5984,5696,5696,14397,14772,15060,26331,,,,,,,,,,,,,16125,16125,17866,22656,9370,9370,8419,8419,,,,,6257,6257,6368,10399,917,905,3590,3770,686,661,2155,2244,1477,1359,4274,5212,,,,,,,,,,,,,1917,1316,4373,5396,881,727,2405,2562,,,,,620,606,2399,3445,11338.125,10141,8445,11837,5840,5984,5696,10127.5833333333,17640,14584.5,20695.5,13543.75,12747.5,14340,7320.25,6257,8383.5,12548.6666666667,2245.70833333333,2295.5,911,3680,1436.5,673.5,2199.5,1006,3080.5,1418,4743,2447.125,1210.25,3684,1767.5,613,2922,3485.41666666667,2947912.5,2636660,2195700,3077620,1518400,1555840,1480960,2633171.66666667,4586400,3791970,5380830,3521375,3314350,3728400,1903265,1626820,2179710,3262653.33333333,583884.166666667,596830,236860,956800,373490,175110,571870,261560,800930,368680,1233180,636252.5,314665,957840,459550,159380,759720,906208.333333333
444695.313530534,4463904.82026985,"065","04","01","0650401",Perales del Río,Perales del Río,Perales del Río Núcleo,"134","10","1",-3.65098499,40.32384187,10904,10904,17875,17875,11288,9159,8605,8605,13942,13942,19587,19587,,,,,,,,,,,,,24470,15295,20638,20638,8541,8541,11191,11191,,,,,9098,9098,10984,10984,933,988,3604,3844,981,865,2312,2312,1502,1368,4322,4502,,,,,,,,,,,,,1723,1316,4415,4595,820,733,2604,2544,,,,,716,682,2955,2955,13455.9166666667,14389.5,10904,17875,9414.25,10223.5,8605,12098.5,16764.5,13942,19587,15063.125,14211.75,15914.5,10041,9098,10984,14813.3333333333,2232.95833333333,2342.25,960.5,3724,1617.5,923,2312,1052.25,2923.5,1435,4412,2343.75,1148,3539.5,1827,699,2955,3413.66666666667,1803092.83333333,1928193,1461136,2395250,1261509.5,1369949,1153070,1621199,2246443,1868228,2624658,2018458.75,1904374.5,2132543,1345494,1219132,1471856,1984986.66666667,299216.416666667,313861.5,128707,499016,216745,123682,309808,141001.5,391749,192290,591208,314062.5,153832,474293,244818,93666,395970,457431.333333333
444458.042376964,4464051.6162025,"065","04","02","0650402",Casas del Cura,Casas del Cura,Casas del Cura Núcleo,"8836","10","1",-3.653790468,40.3251485617,11161,11161,17620,17620,8904,8904,8350,8350,13687,13687,19332,19332,,,,,,,,,,,,,24214,15039,20383,20383,8285,8285,10936,10936,,,,,8842,8842,10729,10729,961,1019,3401,3641,875,834,2109,2109,1452,1332,4119,4299,,,,,,,,,,,,,1684,1293,4212,4392,785,704,2401,2341,,,,,682,647,2752,2752,13154.625,14390.5,11161,17620,8627,8904,8350,11750.9166666667,16509.5,13687,19332,14807.625,13955.75,15659.5,9785.5,8842,10729,14558.3333333333,2116.5,2255.5,990,3521,1481.75,854.5,2109,1022.33333333333,2800.5,1392,4209,2226.5,1116.5,3336.5,1708.25,664.5,2752,3210.66666666667,116234266.5,127154458,98618596,155690320,76228172,78675744,73780600,103831099.666667,145877942,120938332,170817552,130840174.5,123313007,138367342,86464678,78127912,94801444,128637433.333333,18701394,19929598,8747640,31111556,13092743,7550362,18635124,9033337.33333333,24745218,12299712,37190724,19673354,9865394,29481314,15094097,5871522,24316672,28369450.6666667
445508.100003384,4463388.50984367,"065","04","03","0650403",Caserío de Perales,Caserío de Perales,Caserío de Perales Núcleo,"970","10","1",-3.641374327,40.3192440077,11367,11367,19157,19157,11751,11751,9887,9887,14982,14982,20869,20869,,,,,,,,,,,,,25509,16334,21920,21920,9580,9580,12473,12473,,,,,10137,10137,12265,12265,1001,1061,3704,3943,1042,1121,2325,2325,1610,1492,4335,4515,,,,,,,,,,,,,1835,1442,4428,4608,931,855,2617,2557,,,,,837,811,2968,2968,14609.125,15262,11367,19157,10819,11751,9887,13123.0833333333,17925.5,14982,20869,16223.625,15250.75,17196.5,11201,10137,12265,16095.1666666667,2305.45833333333,2427.25,1031,3823.5,1703.25,1081.5,2325,1169.83333333333,2988,1551,4425,2409.125,1265.75,3552.5,1896,824,2968,3441.08333333333,14170851.25,14804140,11025990,18582290,10494430,11398470,9590390,12729390.8333333,17387735,14532540,20242930,15736916.25,14793227.5,16680605,10864970,9832890,11897050,15612311.6666667,2236294.58333333,2354432.5,1000070,3708795,1652152.5,1049055,2255250,1134738.33333333,2898360,1504470,4292250,2336851.25,1227777.5,3445925,1839120,799280,2878960,3337850.83333333
468177.79704874,4489192.78055199,"032","01","01","0320101",Camarma de Esteruelas,Camarma de Esteruelas,Camarma de Esteruelas Núcleo,"7132","4","2",-3.3758496372,40.552884426,10472,10472,14306,14306,7951,7951,8942,8942,8894,8894,10147,10803,14664,14664,19024,20865,,,,,,,,,,,,,,,,,,,,,9317,9317,10927,10927,1300,1272,2912,2912,792,684,1367,1367,869,843,2835,2309,1160,1001,3487,4033,,,,,,,,,,,,,,,,,,,,,838,758,2452,2452,11589.25,12389,10472,14306,8446.5,7951,8942,10259.6,13494.375,11779,15209.75,,,,10122,9317,10927,12918.9,1782.15,2099,1286,2912,1052.5,738,1367,951.7,2067.125,968.25,3166,,,,1625,798,2452,2612.6,82654531,88358348,74686304,102030392,60240438,56706532,63774344,73171467.2,96241882.5,84007828,108475937,,,,72190104,66448844,77931364,92137594.8,12710293.8,14970068,9171752,20768384,7506430,5263416,9749444,6787524.4,14742735.5,6905559,22579912,,,,11589500,5691336,17487664,18633063.2
468412.59961419,4494292.20419039,"032","04","01","0320401","Practicante, El",El Practicante,El Practicante Núcleo,"542","4","2",-3.373331723,40.5988326527,15881,15881,20319,52510,13360,13360,17448,51726,14302,14302,23873,54283,20073,20073,25037,56861,,,,,,,,,,,,,,,,,,,,,14726,14726,16940,49746,1569,1533,3226,6526,1055,944,2937,6957,1135,1105,3807,7279,1412,1268,4101,7280,,,,,,,,,,,,,,,,,,,,,1098,1021,2826,6295,26271.35,26147.75,15881,36414.5,23973.5,13360,34587,15668.4,28600.5,17187.5,40013.5,,,,24034.5,14726,33343,36874.3,3168.7,3213.5,1551,4876,2973.25,999.5,4947,1214,3423.375,1230,5616.75,,,,2810,1059.5,4560.5,5123.4,14239071.7,14172080.5,8607502,19736659,12993637,7241120,18746154,8492272.8,15501471,9315625,21687317,,,,13026699,7981492,18071906,19985870.6,1717435.4,1741717,840642,2642792,1611501.5,541729,2681274,657988,1855469.25,666660,3044278.5,,,,1523020,574249,2471791,2776882.8
467127.49455152,4486496.78937304,"032","03","01","0320301",Alcamar,Alcamar,Alcamar Núcleo,"420","4","2",-3.3881142165,40.528555892,8056,8056,11124,11124,5535,5535,5759,5759,6477,6477,6964,7620,12248,12248,15841,17682,,,,,,,,,,,,,,,,,,,,,6900,6900,7744,7744,1138,1100,2417,2417,622,506,872,872,696,670,2340,1814,998,822,2992,3538,,,,,,,,,,,,,,,,,,,,,683,588,1957,1957,8789.65,9590,8056,11124,5647,5535,5759,7843.2,10694.625,9362.5,12026.75,,,,7322,6900,7744,9736.1,1449.95,1768,1119,2417,718,564,872,782.3,1733.75,796.5,2671,,,,1296.25,635.5,1957,2117.6,3691653,4027800,3383520,4672080,2371740,2324700,2418780,3294144,4491742.5,3932250,5051235,,,,3075240,2898000,3252480,4089162,608979,742560,469980,1015140,301560,236880,366240,328566,728175,334530,1121820,,,,544425,266910,821940,889392
459885.279657368,4476392.41239269,"148","04","01","1480401","Castillo, El",El Castillo,El Castillo Núcleo,"779","2","2",-3.4729786486,40.4372093463,2829,2829,2705,2532,4848,4848,6935,6262,17869,17869,17737,18421,6213,6213,7912,10631,,,,,,,,,,,,,,,,,,,,,4499,4499,3752,5496,419,417,1084,823,800,826,2361,2002,1153,1129,4561,4393,702,716,2905,2851,,,,,,,,,,,,,,,,,,,,,591,574,1749,1389,7744.95,2723.75,2829,2618.5,5723.25,4848,6598.5,7251.6,12858.125,12041,13675.25,,,,4561.5,4499,4624,8238.3,1572.25,685.75,418,953.5,1497.25,813,2181.5,732.7,2301.25,925,3677.5,,,,1075.75,582.5,1569,2411.8,6033316.05,2121801.25,2203791,2039811.5,4458411.75,3776592,5140231.5,5648996.4,10016479.375,9379939,10653019.75,,,,3553408.5,3504721,3602096,6417635.7,1224782.75,534199.25,325622,742776.5,1166357.75,633327,1699388.5,570773.3,1792673.75,720575,2864772.5,,,,838009.25,453767.5,1222251,1878792.2
460618.799788809,4478292.2148966,"148","01","01","1480101",Torrejón de Ardoz,Torrejón de Ardoz,Torrejón de Ardoz Núcleo,"139715","2","2",-3.4644480341,40.4543593662,1383,1383,1031,1031,1642,1642,1620,3127,13377,13377,15641,16078,2973,2973,5712,3287,,,,,,,,,,,,,,,,,,,,,3198,3198,3972,3725,265,246,835,835,294,316,1367,1379,914,904,3822,3959,455,482,2196,1581,,,,,,,,,,,,,,,,,,,,,465,436,1358,1394,5018.5,1207,1383,1031,2007.75,1642,2373.5,4514.6,9177.25,8175,10179.5,,,,3523.25,3198,3848.5,5522.4,1175.15,545.25,255.5,835,839,305,1373,477.7,1789.125,688.75,2889.5,,,,913.25,450.5,1376,1872.6,701159727.5,168636005,193225845,144046165,280512791.25,229412030,331613552.5,630757339,1282199483.75,1142170125,1422228842.5,,,,492250873.75,446808570,537693177.5,771562116,164186082.25,76179603.75,35697182.5,116662025,117220885,42613075,191828695,66741855.5,249967599.375,96228706.25,403706492.5,,,,127594723.75,62941607.5,192247840,261630309
474522.75194823,4474009.36366669,"166","01","01","1660101",Valverde de Alcalá,Valverde de Alcalá,Valverde de Alcalá Núcleo,"550","4","2",-3.3003007248,40.4163176922,12050,12050,16244,16244,12748,12748,17878,20506,23960,23960,21653,22233,18278,18278,27432,26439,,,,,,,,,,,,,,,,,,,,,19592,19592,21860,21434,1064,1030,2185,2185,1152,1105,3142,2780,1377,1335,2822,3370,1209,1179,4393,3790,,,,,,,,,,,,,,,,,,,,,1096,1083,4228,3598,19258.95,14147,12050,16244,15970,12748,19192,17325.6,22779.125,21119,24439.25,,,,20619.5,19592,21647,21192.3,2206.15,1616,1047,2185,2044.75,1128.5,2961,1163,2434.375,1275,3593.75,,,,2501.25,1089.5,3913,3249.3,10592422.5,7780850,6627500,8934200,8783500,7011400,10555600,9529080,12528518.75,11615450,13441587.5,,,,11340725,10775600,11905850,11655765,1213382.5,888800,575850,1201750,1124612.5,620675,1628550,639650,1338906.25,701250,1976562.5,,,,1375687.5,599225,2152150,1787115
477628.60860057,4474965.81107165,"048","01","01","0480101",Corpa,Corpa,Corpa Núcleo,"794","4","2",-3.2637259827,40.4250236616,15937,15937,15246,15246,16635,16635,16609,16609,28045,28045,21232,21232,22363,22363,26856,26856,,,,,,,,,,,,,,,,,,,,,23677,23677,21850,21850,1260,1230,3542,3542,1348,1307,3981,3981,1595,1559,5057,5057,1416,1398,5721,5721,,,,,,,,,,,,,,,,,,,,,1307,1304,6121,6121,20845,15591.5,15937,15246,16622,16635,16609,21331.4,24624,25204,24044,,,,22763.5,23677,21850,20358.6,3128.4,2393.5,1245,3542,2654.25,1327.5,3981,1372.4,3440.5,1492,5389,,,,3713.25,1305.5,6121,4884.4,16550930,12379651,12653978,12105324,13197868,13208190,13187546,16937131.6,19551456,20011976,19090936,,,,18074219,18799538,17348900,16164728.4,2483949.6,1900439,988530,2812348,2107474.5,1054035,3160914,1089685.6,2731757,1184648,4278866,,,,2948320.5,1036567,4860074,3878213.6
472113.78248403,4489072.56394476,"083","02","01","0830201",Meco,Meco,Meco Núcleo,"15806","4","2",-3.329357485,40.5519432947,9442,9442,14695,14695,8250,8250,16038,16038,6759,6759,10312,10312,15968,15968,21078,21078,,,,,,,,,,,,,,,,,,,,,10568,10568,15374,17349,1055,1086,2390,2390,718,722,2876,3176,630,628,1325,1325,1066,1007,3500,3200,,,,,,,,,,,,,,,,,,,,,809,808,3076,3563,12947.15,12068.5,9442,14695,12144,8250,16038,10197.4,13529.25,11363.5,15695,,,,13464.75,10568,16361.5,15696.9,1767.5,1730.25,1070.5,2390,1873,720,3026,852.9,1585.125,832.75,2337.5,,,,2064,808.5,3319.5,2682.1,204642652.9,190754711,149240252,232269170,191948064,130399500,253496628,161180104.4,213843325.5,179611481,248075170,,,,212823838.5,167037808,258609869,248105201.4,27937105,27348331.5,16920323,37776340,29604638,11380320,47828956,13480937.4,25054485.75,13162446.5,36946525,,,,32623584,12779151,52468017,42393272.6
477316.07392668,4479576.36270673,"012","01","01","0120101",Anchuelo,Anchuelo,Anchuelo Núcleo,"1369","4","2",-3.267574935,40.4665516977,12236,12236,30964,30964,17472,17472,33627,33579,20310,20310,29006,29006,17943,17943,37289,37289,,,,,,,,,,,,,,,,,,,,,15933,15933,32496,32914,945,926,3115,3115,1205,1173,4085,3909,1258,1251,3517,3517,1216,1190,4653,4773,,,,,,,,,,,,,,,,,,,,,1059,1038,3867,4109,24746.1,21600,12236,30964,25537.5,17472,33603,16778.8,26137,19126.5,33147.5,,,,24319,15933,32705,32713.4,2496.05,2025.25,935.5,3115,2593,1189,3997,1126.1,2671.875,1228.75,4115,,,,2518.25,1048.5,3988,3866,33877410.9,29570400,16751084,42389716,34960837.5,23919168,46002507,22970177.2,35781553,26184178.5,45378927.5,,,,33292711,21812277,44773145,44784644.6,3417092.45,2772567.25,1280699.5,4264435,3549817,1627741,5471893,1541630.9,3657796.875,1682158.75,5633435,,,,3447484.25,1435396.5,5459572,5292554
467968.80614335,4475599.45573224,"154","01","01","1540101",Mariblanca,Mariblanca,Mariblanca Núcleo,"86","14","2",-3.3776308589,40.4304162992,18842,18842,61695,60695,12537,12537,16347,18975,17480,17480,20702,20702,11798,11798,24425,24908,,,,,,,,,,,,,,,,,,,,,13112,13112,19714,19714,1299,1290,9083,9218,809,799,4508,4206,989,950,4496,5396,818,781,5570,5216,,,,,,,,,,,,,,,,,,,,,702,685,4784,5384,21770.75,40018.5,18842,61195,15099,12537,17661,14753.8,18661.625,14639,22684.25,,,,16413,13112,19714,28787.7,3349.15,5222.5,1294.5,9150.5,2580.5,804,4357,912.2,3027,884.5,5169.5,,,,2888.75,693.5,5084,5786.1,1872284.5,3441591,1620412,5262770,1298514,1078182,1518846,1268826.8,1604899.75,1258954,1950845.5,,,,1411518,1127632,1695404,2475742.2,288026.9,449135,111327,786943,221923,69144,374702,78449.2,260322,76067,444577,,,,248432.5,59641,437224,497604.6
469117.43003286,4473045.91197254,"154","02","01","1540201",Torres de la Alameda,Torres de la Alameda,Torres de la Alameda Núcleo,"7564","14","2",-3.363965461,40.4074549469,18652,18652,26717,58760,13517,13517,12138,12138,18460,18460,17694,16079,12778,12778,21692,21490,,,,,,,,,,,,,,,,,,,,,14092,14092,15128,15505,1392,1395,4094,7282,961,948,2587,2587,1152,1106,2695,2155,970,933,3718,3709,,,,,,,,,,,,,,,,,,,,,863,840,3830,3283,18616.95,30695.25,18652,42738.5,12827.5,13517,12138,15499.8,17428.875,15619,19238.75,,,,14704.25,14092,15316.5,21734.1,2325,3540.75,1393.5,5688,1770.75,954.5,2587,1056,2054.75,1040.25,3069.25,,,,2204,851.5,3556.5,3594,140818609.8,232178871,141083728,323274014,97027210,102242588,91811832,117240487.2,131832010.5,118142116,145521905,,,,111222947,106591888,115854006,164396732.4,17586300,26782233,10540434,43024032,13393953,7219838,19568068,7987584,15542129,7868451,23215807,,,,16671056,6440746,26901366,27185016
471475.2134976,4496245.00781313,"156","02","01","1560201","Cardosa, La",La Cardosa,La Cardosa Núcleo,"432","4","2",-3.3372237104,40.6165361888,18867,18867,23355,49356,16346,16346,20483,48572,17288,17288,26909,51129,23059,23059,28072,53708,,,,,,,,,,,,,,,,,,,,,17712,17712,19975,46592,1712,1673,3481,6301,1201,1084,3192,6732,1280,1246,4062,7054,1547,1400,4356,7055,,,,,,,,,,,,,,,,,,,,,1236,1160,3081,6070,27734.75,27611.25,18867,36355.5,25436.75,16346,34527.5,18654.4,30064,20173.5,39954.5,,,,25497.75,17712,33283.5,36815.1,3246.15,3291.75,1692.5,4891,3052.25,1142.5,4962,1353.9,3500,1368.25,5631.75,,,,2886.75,1198,4575.5,5138.4,11981412,11928060,8150544,15705576,10988676,7061472,14915880,8058700.8,12987648,8714952,17260344,,,,11015028,7651584,14378472,15904123.2,1402336.8,1422036,731160,2112912,1318572,493560,2143584,584884.8,1512000,591084,2432916,,,,1247076,517536,1976616,2219788.8
471659.22725356,4498084.74133691,"156","01","01","1560101",Valdeavero,Valdeavero,Valdeavero Núcleo,"1377","4","2",-3.335131142,40.6331160767,19559,19559,24085,46583,17038,17038,21214,45799,17980,17980,27639,48356,23751,23751,28802,50934,,,,,,,,,,,,,,,,,,,,,18404,18404,20706,43819,1676,1661,2769,5349,1158,1075,2480,5780,1250,1226,3350,6102,1524,1388,3644,6103,,,,,,,,,,,,,,,,,,,,,1207,1141,2369,5118,27570.05,27446.5,19559,35334,25272.25,17038,33506.5,19346.4,29899.125,20865.5,38932.75,,,,25333.25,18404,32262.5,35793.7,2818.5,2863.75,1668.5,4059,2623.25,1116.5,4130,1330.6,3073.375,1347,4799.75,,,,2458.75,1174,3743.5,4306.4,37963958.85,37793830.5,26932743,48654918,34799888.25,23461326,46138450.5,26639992.8,41171095.125,28731793.5,53610396.75,,,,34883885.25,25342308,44425462.5,49287924.9,3881074.5,3943383.75,2297524.5,5589243,3612215.25,1537420.5,5687010,1832236.2,4232037.375,1854819,6609255.75,,,,3385698.75,1616598,5154799.5,5929912.8
485118.31853712,4474187.46674939,"111","01","01","1110101",Pezuela de las Torres,Pezuela de las Torres,Pezuela de las Torres Núcleo,"743","4","2",-3.175415534,40.4181791638,21774,21774,25185,25185,22472,22472,26529,26529,29746,29746,31843,31843,30255,30255,32225,32225,,,,,,,,,,,,,,,,,,,,,31569,31569,31187,31187,1697,1693,3712,3712,1804,1786,4136,4136,1862,1865,4824,4824,1842,1849,4768,4768,,,,,,,,,,,,,,,,,,,,,1752,1771,5639,5639,28278.5,23479.5,21774,25185,24500.5,22472,26529,27163.2,31017.25,30000.5,32034,,,,31378,31569,31187,29393.8,3203.95,2703.5,1695,3712,2965.5,1795,4136,1792.1,3325.25,1854.5,4796,,,,3700.25,1761.5,5639,4615.8,21010925.5,17445268.5,16178082,18712455,18203871.5,16696696,19711047,20182257.6,23045816.75,22290371.5,23801262,,,,23313854,23455767,23171941,21839593.4,2380534.85,2008700.5,1259385,2758016,2203366.5,1333685,3073048,1331530.3,2470660.75,1377893.5,3563428,,,,2749285.75,1308794.5,4189777,3429539.4
485548.65976164,4474918.47091846,"111","02","01","1110201","Caminos, Los",Los Caminos,Los Caminos Núcleo,"215","4","2",-3.1703595867,40.4247724417,23221,23221,25902,25902,23919,23919,27246,27246,28925,28925,32561,32561,31702,31702,32942,32942,,,,,,,,,,,,,,,,,,,,,33016,33016,31905,31905,1752,1756,3524,3524,1838,1844,3948,3948,1787,1800,4636,4636,1892,1911,4580,4580,,,,,,,,,,,,,,,,,,,,,1793,1827,5451,5451,29133.9,24561.5,23221,25902,25582.5,23919,27246,28156.6,31532.5,30313.5,32751.5,,,,32460.5,33016,31905,30111.2,3123.9,2639,1754,3524,2894.5,1841,3948,1820,3227.75,1847.5,4608,,,,3630.5,1810,5451,4427.8,6263788.5,5280722.5,4992515,5568930,5500237.5,5142585,5857890,6053669,6779487.5,6517402.5,7041572.5,,,,6979007.5,7098440,6859575,6473908,671638.5,567385,377110,757660,622317.5,395815,848820,391300,693966.25,397212.5,990720,,,,780557.5,389150,1171965,951977
480163.28593192,4480216.6616515,"136","02","01","1360201",Santorcaz,Santorcaz,Santorcaz Núcleo,"949","4","2",-3.234010113,40.4723930127,15729,15729,27346,27346,21158,21158,30009,29961,18727,18727,25388,25388,21436,21436,33671,33671,,,,,,,,,,,,,,,,,,,,,22476,22476,28878,29296,1190,1186,2789,2789,1332,1308,3759,3583,1210,1202,3191,3191,1464,1442,4327,4447,,,,,,,,,,,,,,,,,,,,,1354,1352,3541,3783,24500.3,21537.5,15729,27346,25571.5,21158,29985,19905.2,24805.5,20081.5,29529.5,,,,25781.5,22476,29087,29095.4,2422,1988.5,1188,2789,2495.5,1320,3671,1304,2559.25,1329.5,3789,,,,2507.5,1353,3662,3540,23250784.7,20439087.5,14926821,25951354,24267353.5,20078942,28455765,18890034.8,23540419.5,19057343.5,28023495.5,,,,24466643.5,21329724,27603563,27611534.6,2298478,1887086.5,1127412,2646761,2368229.5,1252680,3483779,1237496,2428728.25,1261695.5,3595761,,,,2379617.5,1283997,3475238,3359460
482248.81898963,4481181.82742918,"136","01","01","1360101",Estación Transmisora Marina,Estación Transmisora Marina,Estación Transmisora Marina Núcleo,"32","4","2",-3.20943464,40.48113538,18481,18481,24793,24793,23192,23192,27592,27544,20761,20761,22971,22971,23470,23470,31254,31254,,,,,,,,,,,,,,,,,,,,,24510,24510,26461,26879,1340,1351,2403,2403,1398,1390,3487,3311,1285,1293,2919,2919,1542,1540,4055,4175,,,,,,,,,,,,,,,,,,,,,1415,1432,3269,3511,24367,21637,18481,24793,25380,23192,27568,22082.8,24614,22115.5,27112.5,,,,25590,24510,26670,26651.2,2321.9,1874.25,1345.5,2403,2396.5,1394,3399,1398.6,2466,1415,3517,,,,2406.75,1423.5,3390,3245.2,779744,692384,591392,793376,812160,742144,882176,706649.6,787648,707696,867600,,,,818880,784320,853440,852838.4,74300.8,59976,43056,76896,76688,44608,108768,44755.2,78912,45280,112544,,,,77016,45552,108480,103846.4
467974.02722771,4482669.28283059,"005","01","01","0050101",Alcalá de Henares,Alcalá de Henares,Alcalá de Henares Núcleo,"199590","4","2",-3.377926081,40.4941077587,2952,2952,2119,4452,1303,1303,1416,1416,4475,4475,6160,6160,8712,8712,7998,7998,,,,,,,,,,,,,,,,,,,,,1580,1580,1113,1113,585,657,1777,1656,214,201,593,417,473,445,2592,2592,693,614,2545,2545,,,,,,,,,,,,,,,,,,,,,221,227,946,946,3899.45,3118.75,2952,3285.5,1359.5,1303,1416,3804.4,6836.25,6593.5,7079,,,,1346.5,1580,1113,3994.5,1046.95,1168.75,621,1716.5,356.25,207.5,505,433,1562.375,556.25,2568.5,,,,585,224,946,1660.9,778291225.5,622471312.5,589189680,655752945,271342605,260065770,282619440,759320196,1364447137.5,1315996665,1412897610,,,,268747935,315352200,222143670,797262255,208960750.5,233270812.5,123945390,342596235,71103937.5,41414925,100792950,86422470,311834426.25,111021937.5,512646915,,,,116760150,44708160,188812140,331499031
478355.96318132,4483339.51983497,"137","01","01","1370101","Santos de la Humosa, Los",Los Santos de la Humosa,Los Santos de la Humosa Núcleo,"2793","4","2",-3.255437214,40.5004815667,15741,15741,15651,15651,16762,16762,18469,18421,14331,14331,13848,13848,23415,23415,22131,22131,,,,,,,,,,,,,,,,,,,,,18080,18080,17338,17756,1267,1307,2029,2029,1044,1006,3129,2953,935,911,2561,2561,1328,1264,3697,3817,,,,,,,,,,,,,,,,,,,,,1062,1058,2911,3153,17595.1,15696,15741,15651,17603.5,16762,18445,17665.8,18431.25,18873,17989.5,,,,17813.5,18080,17547,17524.4,2001.1,1658,1287,2029,2033,1025,3041,1118.2,2134.25,1109.5,3159,,,,2046,1060,3032,2884,49143114.3,43838928,43964613,43713243,49166575.5,46816266,51516885,49340579.4,51478481.25,52712289,50244673.5,,,,49753105.5,50497440,49008771,48945649.2,5589072.3,4630794,3594591,5666997,5678169,2862825,8493513,3123132.6,5960960.25,3098833.5,8823087,,,,5714478,2960580,8468376,8055012
468592.96294723,4477773.38813876,"172","05","01","1720501",Zulema,Zulema,Zulema Núcleo,"2716","4","2",-3.3703799943,40.4500248983,5380,5380,4771,7945,6078,6078,4389,9579,19448,19448,10346,13934,13766,13766,14214,17657,,,,,,,,,,,,,,,,,,,,,9078,9078,12946,12946,657,664,2612,1608,739,732,3518,2565,1081,1048,3137,2553,909,876,4391,3267,,,,,,,,,,,,,,,,,,,,,782,773,2841,2841,10811.35,5869,5380,6358,6531,6078,6984,10750,15322.375,16607,14037.75,,,,11012,9078,12946,10872.7,1879.7,1385.25,660.5,2110,1888.5,735.5,3041.5,826.1,2157.75,978.5,3337,,,,1809.25,777.5,2841,2933.3,29363626.6,15940204,14612080,17268328,17738196,16507848,18968544,29197000,41615570.5,45104612,38126529,,,,29908592,24655848,35161336,29530253.2,5105265.2,3762339,1793918,5730760,5129166,1997618,8260714,2243687.6,5860449,2657606,9063292,,,,4913923,2111690,7716156,7966842.8
469155.47189485,4476761.70250161,"172","09","01","1720901",El Viso,El Viso,El Viso Núcleo,"6890","4","2",-3.3636973821,40.4409317612,7282,7282,7480,13288,7980,7980,9114,14922,19114,19114,13055,19277,13432,13432,16924,23000,,,,,,,,,,,,,,,,,,,,,14746,14746,12859,18290,770,744,2132,2217,849,822,3089,3174,1078,1034,2657,3162,907,872,3911,3876,,,,,,,,,,,,,,,,,,,,,787,772,4025,3450,13665.85,8833,7282,10384,9999,7980,12018,12510.8,17168.5,16273,18064,,,,15160.25,14746,15574.5,14820.9,2016.4,1465.75,757,2174.5,1983.5,835.5,3131.5,863.5,2187.125,972.75,3401.5,,,,2258.5,779.5,3737.5,3169.3,94157706.5,60859370,50172980,71545760,68893110,54982200,82804020,86199412,118290965,112120970,124460960,,,,104454122.5,101599940,107308305,102116001,13892996,10099017.5,5215730,14982305,13666315,5756595,21576035,5949515,15069291.25,6702247.5,23436335,,,,15561065,5370755,25751375,21836477
470203.15056161,4477044.06167127,"172","03","01","1720301","Hueros, Los",Los Hueros,Los Hueros Núcleo,"2238","4","2",-3.3513573467,40.4435137225,6082,6082,6663,6663,6780,6780,8297,8297,14140,14140,13854,12238,11790,11790,17852,17650,,,,,,,,,,,,,,,,,,,,,9780,9780,11287,11665,695,663,1509,1509,768,727,2466,2466,1152,1077,2574,2034,967,921,3597,3588,,,,,,,,,,,,,,,,,,,,,816,777,3709,3162,10580.5,6372.5,6082,6663,7538.5,6780,8297,9714.4,14181.75,12965,15398.5,,,,10628,9780,11476,11446.6,1758.85,1094,679,1509,1606.75,747.5,2466,856.3,1988.75,1029.25,2948.25,,,,2116,796.5,3435.5,2661.4,23679159,14261655,13611516,14911794,16871163,15173640,18568686,21740827.2,31738756.5,29015670,34461843,,,,23785464,21887640,25683288,25617490.8,3936306.3,2448372,1519602,3377142,3595906.5,1672905,5518908,1916399.4,4450822.5,2303461.5,6598183.5,,,,4735608,1782567,7688649,5956213.2
470888.6251138,4478115.3245439,"172","02","01","1720201","Gurugú, El",El Gurugú,El Gurugú Núcleo,"276","4","2",-3.34332364,40.45318895,5104,5104,5311,5311,5802,5802,6945,6945,13161,13161,12501,10886,10811,10811,16499,14754,,,,,,,,,,,,,,,,,,,,,8801,8801,9935,9497,585,546,1433,1433,670,630,2390,2390,1055,975,2498,1958,868,829,3521,3092,,,,,,,,,,,,,,,,,,,,,717,677,3633,3088,9297.1,5207.5,5104,5311,6373.5,5802,6945,8735.8,12823,11986,13660,,,,9258.5,8801,9716,9858.4,1649.4,999.25,565.5,1433,1520,650,2390,755.2,1849.5,931.75,2767.25,,,,2028.75,697,3360.5,2543.6,2565999.6,1437270,1408704,1465836,1759086,1601352,1916820,2411080.8,3539148,3308136,3770160,,,,2555346,2429076,2681616,2720918.4,455234.4,275793,156078,395508,419520,179400,659640,208435.2,510462,257163,763761,,,,559935,192372,927498,702033.6
474337.05923505,4475966.28684361,"172","06","01","1720601",Villalbilla,Villalbilla,Villalbilla Núcleo,"2406","4","2",-3.302568446,40.4339419337,9414,9414,19919,19919,10112,10112,21553,24181,17471,17471,25328,25908,15121,15121,31107,30114,,,,,,,,,,,,,,,,,,,,,13111,13111,25535,25109,903,870,2566,2566,992,935,3523,3161,1380,1290,3203,3751,1184,1137,4774,4171,,,,,,,,,,,,,,,,,,,,,1025,971,4609,3979,18956.55,14666.5,9414,19919,16489.5,10112,22867,13045.8,22205.125,16296,28114.25,,,,19216.5,13111,25322,24867.3,2349.5,1726.25,886.5,2566,2152.75,963.5,3342,1068.7,2611.25,1247.75,3974.75,,,,2646,998,4294,3630.3,45609459.3,35287599,22650084,47925114,39673737,24329472,55018002,31388194.8,53425530.75,39208176,67642885.5,,,,46234899,31545066,60924732,59830723.8,5652897,4153357.5,2132919,6173796,5179516.5,2318181,8040852,2571292.2,6282667.5,3002086.5,9563248.5,,,,6366276,2401188,10331364,8734501.8
475570.07760954,4475571.56706666,"172","10","01","1721001","Mirador, El",El Mirador,El Mirador Núcleo,"1754","4","2",-3.288016052,40.4304230297,10594,10594,20885,20885,11292,11292,22519,25147,18651,18651,26294,26874,16301,16301,32073,31080,,,,,,,,,,,,,,,,,,,,,14291,14291,26501,26075,1015,979,3310,3310,1096,1039,4267,3905,1487,1400,3947,4495,1295,1244,5518,4915,,,,,,,,,,,,,,,,,,,,,1133,1089,5353,4723,20029.55,15739.5,10594,20885,17562.5,11292,23833,14225.8,23278.125,17476,29080.25,,,,20289.5,14291,26288,25833.3,2776,2153.5,997,3310,2576.75,1067.5,4086,1177.7,3037.625,1356.5,4718.75,,,,3074.5,1111,5038,4374.3,35131830.7,27607083,18581876,36632290,30804625,19806168,41803082,24952053.2,40829831.25,30652904,51006758.5,,,,35587783,25066414,46109152,45311608.2,4869104,3777239,1748738,5805740,4519619.5,1872395,7166844,2065685.8,5327994.25,2379301,8276687.5,,,,5392673,1948694,8836652,7672522.2
476346.35768385,4476639.03898517,"172","08","01","1720801",Valdeláguila - El Robledal - El Mirador,Valdeláguila - El Robledal - El Mirador,Valdeláguila - El Robledal - El Mirador Núcleo,"1626","4","2",-3.278903952,40.4400623387,12364,12364,22830,22830,13061,13061,24464,27092,20421,20421,28239,28819,18071,18071,34018,33025,,,,,,,,,,,,,,,,,,,,,16061,16061,28446,28020,1187,1146,4804,4804,1263,1209,5761,5399,1637,1556,5441,5989,1455,1407,7012,6409,,,,,,,,,,,,,,,,,,,,,1313,1255,6847,6217,21886.95,17597,12364,22830,19419.5,13061,25778,15995.6,25135.625,19246,31025.25,,,,22147,16061,28233,27778.3,3605.55,2985.25,1166.5,4804,3408,1236,5580,1342.8,3863.25,1513.75,6212.75,,,,3908,1284,6532,5868.3,35588180.7,28612722,20103864,37121580,31576107,21237186,41915028,26008845.6,40870526.25,31293996,50447056.5,,,,36011022,26115186,45906858,45167515.8,5862624.3,4854016.5,1896729,7811304,5541408,2009736,9073080,2183392.8,6281644.5,2461357.5,10101931.5,,,,6354408,2087784,10621032,9541855.8
393660.182796098,4485898.87980045,"125","02","01","1250201",Robledo de Chavela,Robledo de Chavela,Robledo de Chavela Núcleo,"4697","7","3",-4.2552872663,40.5170025348,21026,21026,83095,21315,15242,15242,77447,20355,41299,41299,32882,37860,,,,,,,,,,,,,62064,62064,61698,61749,61981,61981,61855,61906,48901,48901,53138,53401,16367,16367,17131,18365,1627,1667,7199,4186,1262,1299,6589,3981,2846,2923,3817,4817,,,,,,,,,,,,,3922,3680,4420,4721,3952,3692,4575,4876,2933,2906,4853,5527,1178,1198,2796,3560,42712.75,36615.5,21026,52205,32071.5,15242,48901,38125.7142857143,38335,41299,35371,58303.25,57648.6666666667,58957.8333333333,17057.5,16367,17748,47299.7857142857,3607.21428571429,3669.75,1647,5692.5,3282.75,1280.5,5285,2506.07142857143,3600.75,2884.5,4317,4171.41666666667,3514.16666666667,4828.66666666667,2183,1188,3178,4708.35714285714,200621786.75,171983003.5,98759122,245206885,150639835.5,71591674,229687997,179076480,180059495,193981403,166137587,273850365.25,270775787.333333,276924943.166667,80119077.5,76875799,83362356,222167093.5,16943085.5,17236815.75,7735959,26737672.5,15419076.75,6014508.5,24823645,11771017.5,16912722.75,13548496.5,20276949,19593144.0833333,16506040.8333333,22680247.3333333,10253551,5580036,14927066,22115153.5
413491.048307577,4489844.63892031,"044","01","01","0440101",Colmenarejo,Colmenarejo,Colmenarejo Núcleo,"9648","7","3",-4.021773235,40.5548498377,16573,16573,24567,19754,14893,14893,18072,18054,14938,14938,18118,18100,,,,,,,,,,,,,37708,37708,37578,35502,37625,37625,37735,35659,29055,29055,27851,25004,14209,14209,15091,15091,1332,1326,3607,4311,1620,1602,3185,3575,1637,1623,3223,3613,,,,,,,,,,,,,2688,2279,3884,3985,2676,2320,4039,4140,1770,1664,4856,3780,1079,1041,2402,3302,24149.2142857143,19366.75,16573,22160.5,16478,14893,18063,23571.5714285714,16523.5,14938,18109,34008.75,34796,33221.5,14650,14209,15091,24726.8571428571,2734.25,2644,1329,3959,2495.5,1611,3380,1761.21428571429,2524,1630,3418,3173.41666666667,2232.83333333333,4114,1956,1060,2852,3707.28571428571,232991619.428571,186850404,159896304,213804504,158979744,143687664,174271824,227418521.142857,159418728,144121824,174715632,328116420,335711808,320521032,141343200,137088432,145597968,238564717.714286,26380044,25509312,12822192,38196432,24076584,15542928,32610240,16992195.4285714,24351552,15726240,32976864,30617124,21542376,39691872,18871488,10226880,27516096,35767892.5714286
409349.477969283,4507657.25129284,"087","01","02","0870102","Molinos, Los",Los Molinos,Los Molinos Núcleo,"4812","15","3",-4.0732484784,40.7148492152,18260,18260,15566,15359,12975,12975,15156,25024,13021,13021,15202,25070,,,,,,,,,,,,,52266,52266,50920,50481,52183,52183,51091,50652,43383,43383,46671,74695,8959,8959,34176,36021,1270,1275,1853,1586,1177,1216,2060,3521,1195,1229,2098,3559,,,,,,,,,,,,,2999,2608,3767,3790,2977,2661,3925,3948,2347,2276,6609,6536,773,790,4301,4767,32434.9285714286,16861.25,18260,15462.5,16532.5,12975,20090,28721,16578.5,13021,20136,51681.1666666667,49277.3333333333,54085,22028.75,8959,35098.5,36148.8571428571,2754.03571428571,1496,1272.5,1719.5,1993.5,1196.5,2790.5,1770.92857142857,2020.25,1212,2828.5,3703.58333333333,2644.66666666667,4762.5,2657.75,781.5,4534,3737.14285714286,156076876.285714,81136335,87867120,74405550,79554390,62435700,96673080,138205452,79775742,62657052,96894432,248689774,237122528,260257020,106002345,43110708,168893982,173948300.571429,13252419.8571429,7198752,6123270,8274234,9592722,5757558,13427886,8521708.28571429,9721443,5832144,13610742,17821643,12726136,22917150,12789093,3760578,21817608,17983131.4285714
410097.322330165,4509985.75082605,"038","02","01","0380201",Cercedilla,Cercedilla,Cercedilla Núcleo,"7196","15","3",-4.06473013,40.7359042427,21416,21608,18250,18440,17452,17452,18030,21300,17498,17498,18076,21346,,,,,,,,,,,,,55613,55613,53607,53563,55531,55531,53778,53734,46731,46731,49124,49546,8424,8424,38913,39103,1468,1572,2723,2403,1368,1417,2700,3712,1384,1431,2738,3750,,,,,,,,,,,,,3240,2902,4533,5217,3235,2941,4691,5375,2599,2585,6775,6259,796,835,5510,5894,34011.8571428571,19928.5,21512,18345,18558.5,17452,19665,31823,18604.5,17498,19711,52425.1666666667,52625,52225.3333333333,23716,8424,39008,36200.7142857143,3216.17857142857,2041.5,1520,2563,2299.25,1392.5,3206,1983.78571428571,2325.75,1407.5,3244,4196,2917,5475,3258.75,815.5,5702,4448.57142857143,244749324,143405486,154800352,132010620,133546966,125584592,141509340,228998308,133877982,125915608,141840356,377251499.333333,378689500,375813498.666667,170660336,60619104,280701568,260500340,23143621,14690634,10937920,18443348,16545403,10020430,23070376,14275322,16736097,10128370,23343824,30194416,20990732,39398100,23449965,5868338,41031592,32011920
409870.76476671,4511102.19134735,"038","06","03","0380603",Valle de Fuenfría,Valle de Fuenfría,Valle de Fuenfría Núcleo,"159","15","3",-4.0675736197,40.7459353294,22245,22245,19281,19468,18015,18015,19058,22327,18061,18061,19104,22373,,,,,,,,,,,,,56250,56250,54635,54590,56167,56167,54806,54761,47367,47367,50152,50573,8986,8986,39943,40130,1549,1609,3062,2721,1358,1435,3039,4030,1373,1451,3077,4068,,,,,,,,,,,,,3247,2951,4872,5535,3221,2977,5030,5693,2624,2622,7114,6577,785,857,5849,6212,34835.1071428571,20809.75,22245,19374.5,19353.75,18015,20692.5,32441.5714285714,19399.75,18061,20738.5,53257.0833333333,53261.3333333333,53252.8333333333,24511.25,8986,40036.5,37228.6428571429,3390.64285714286,2235.25,1579,2891.5,2465.5,1396.5,3534.5,2004.21428571429,2492.25,1412,3572.5,4371.91666666667,2940.33333333333,5803.5,3425.75,821,6030.5,4777.07142857143,5538782.03571429,3308750.25,3536955,3080545.5,3077246.25,2864385,3290107.5,5158209.85714286,3084560.25,2871699,3297421.5,8467876.25,8468552,8467200.5,3897288.75,1428774,6365803.5,5919354.21428571,539112.214285714,355404.75,251061,459748.5,392014.5,222043.5,561985.5,318670.071428571,396267.75,224508,568027.5,695134.75,467513,922756.5,544694.25,130539,958849.5,759554.357142857
411496.19044183,4511956.20745602,"038","01","01","0380101",Camorritos,Camorritos,Camorritos Núcleo,"87","15","3",-4.048444503,40.753804021,21760,21760,22380,22380,19657,19657,24754,25239,19702,19702,24800,25285,,,,,,,,,,,,,57059,57059,57734,57502,56976,56976,57905,57673,48176,48176,53620,53485,10628,10628,40990,43042,1827,1813,3914,3914,1580,1632,4595,5223,1595,1646,4633,5261,,,,,,,,,,,,,3506,3185,5828,6728,3511,3204,5986,6886,2907,2883,7188,7770,998,1041,6362,7405,36953.75,22070,21760,22380,22326.75,19657,24996.5,33422.5714285714,22372.25,19702,25042.5,55195.0833333333,54070.3333333333,56319.8333333333,26322,10628,42016,40484.9285714286,4036.46428571429,2867,1820,3914,3257.5,1606,4909,2237.71428571429,3283.75,1620.5,4947,4965.16666666667,3199.33333333333,6731,3951.5,1019.5,6883.5,5835.21428571429,3214976.25,1920090,1893120,1947060,1942427.25,1710159,2174695.5,2907763.71428571,1946385.75,1714074,2178697.5,4801972.25,4704119,4899825.5,2290014,924636,3655392,3522188.78571429,351172.392857143,249429,158340,340518,283402.5,139722,427083,194681.142857143,285686.25,140983.5,430389,431969.5,278342,585597,343780.5,88696.5,598864.5,507663.642857143
409683.667209059,4512377.8715428,"038","06","01","0380601","Dehesas, Las",Las Dehesas,Las Dehesas Núcleo,"56","15","3",-4.0699736,40.7574049317,23606,23606,24262,22575,19377,19377,23852,22165,19422,19422,23898,22211,,,,,,,,,,,,,57612,57612,59616,57962,57529,57529,59787,58133,48729,48729,52825,53440,10348,10348,25850,41185,1666,1750,4189,5386,1476,1569,5170,5167,1494,1588,5208,5205,,,,,,,,,,,,,3373,3091,6103,7480,3368,3111,6261,7638,2751,2756,7289,10142,900,991,6630,8277,36464.5357142857,23512.25,23606,23418.5,21192.75,19377,23008.5,33803.2857142857,21238.25,19422,23054.5,55791.9166666667,54623.3333333333,56960.5,21932.75,10348,33517.5,39125.7857142857,4286.75,3247.75,1708,4787.5,3345.5,1522.5,5168.5,2134.57142857143,3373.75,1541,5206.5,5280.25,3075,7485.5,4199.5,945.5,7453.5,6438.92857142857,2042014,1316686,1321936,1311436,1186794,1085112,1288476,1892984,1189342,1087632,1291052,3124347.33333333,3058906.66666667,3189788,1228234,579488,1876980,2191044,240058,181874,95648,268100,187348,85260,289436,119536,188930,86296,291564,295694,172200,419188,235172,52948,417396,360580
415515.893141853,4515504.91523418,"038","03","01","0380301",Puerto de Navacerrada,Puerto de Navacerrada,Puerto de Navacerrada Núcleo,"113","15","3",-4.00131265,40.78619075,21296,21296,31724,30477,19193,19193,34583,33528,19239,19239,34629,33574,,,,,,,,,,,,,56595,56595,67078,66438,56513,56513,67249,66609,47713,47713,64594,61922,10467,10467,50334,11245,1506,1487,5267,2961,1264,1303,6576,4061,1283,1321,6614,4099,,,,,,,,,,,,,3212,2862,7181,4876,3191,2882,7339,5034,2595,2544,8738,6818,735,764,7715,2403,39857.7142857143,26198.25,21296,31100.5,26624.25,19193,34055.5,33002.2857142857,26670.25,19239,34101.5,59627.6666666667,53607,65648.3333333333,20628.25,10467,30789.5,46713.1428571429,3808.25,2805.25,1496.5,4114,3301,1283.5,5318.5,1924.92857142857,3329.25,1302,5356.5,4772.66666666667,2881,6664.33333333333,2904.25,749.5,5059,5691.57142857143,4503921.71428571,2960402.25,2406448,3514356.5,3008540.25,2168809,3848271.5,3729258.28571429,3013738.25,2174007,3853469.5,6737926.33333333,6057591,7418261.66666667,2330992.25,1182771,3479213.5,5278585.14285714,430332.25,316993.25,169104.5,464882,373013,145035.5,600990.5,217516.928571429,376205.25,147126,605284.5,539311.333333333,325553,753069.666666667,328180.25,84693.5,571667,643147.571428571
422216.387016449,4491004.78383433,"152","16","01","1521601",Los Prados,Los Prados,Los Prados Núcleo,"2503","15","3",-3.918872831,40.5661655807,11988,11988,11797,11632,14528,14528,16283,16283,14692,14692,16021,16185,,,,,,,,,,,,,26114,26114,26018,26018,26031,26031,26189,26189,17231,17231,20744,20894,7583,7583,7448,7430,776,770,2773,3235,860,802,2579,2579,929,940,3210,4437,,,,,,,,,,,,,1847,1331,2702,2702,1824,1367,2860,2860,1128,959,2933,3245,499,475,1951,2044,17338.0357142857,11851.25,11988,11714.5,15405.5,14528,16283,16881,15397.5,14692,16103,23733.6666666667,23125.3333333333,24342,7511,7583,7439,17795.0714285714,1950.60714285714,1888.5,773,3004,1705,831,2579,1036.21428571429,2379,934.5,3823.5,2146.5,1409.33333333333,2883.66666666667,1242.25,487,1997.5,2865,43397103.3928571,29663678.75,30005964,29321393.5,38559966.5,36363584,40756349,42253143,38539942.5,36774076,40305809,59405367.6666667,57882709.3333333,60928026,18800033,18980249,18619817,44541063.7857143,4882369.67857143,4726915.5,1934819,7519012,4267615,2079993,6455237,2593644.35714286,5954637,2339053.5,9570220.5,5372689.5,3527561.33333333,7217817.66666667,3109351.75,1218961,4999742.5,7171095
420017.234312025,4491185.23284095,"152","06","01","1520601","Gasco, El",El Gasco,El Gasco Núcleo,"355","15","3",-3.944871397,40.5675814692,13021,13021,9879,9879,15680,15680,13620,13611,15725,15725,13666,13657,,,,,,,,,,,,,28954,28954,30612,30139,28871,28871,30769,30310,20071,20071,25332,24177,10424,10424,11415,11415,1047,1015,2327,2327,1178,1161,3337,3847,1194,1177,3375,3885,,,,,,,,,,,,,2138,1596,3830,4034,2147,1649,3985,4192,1435,1245,4048,4125,810,759,2066,2066,19070.4642857143,11450,13021,9879,14647.75,15680,13615.5,18963.7142857143,14693.25,15725,13661.5,27260.9166666667,25965.3333333333,28556.5,10919.5,10424,11415,19177.2142857143,2356.96428571429,1679,1031,2327,2380.75,1169.5,3592,1325.07142857143,2407.75,1185.5,3630,2868.66666666667,1701.66666666667,4035.66666666667,1425.25,784.5,2066,3388.85714285714,6770014.82142857,4064750,4622455,3507045,5199951.25,5566400,4833502.5,6732118.57142857,5216103.75,5582375,4849832.5,9677625.41666667,9217693.33333333,10137557.5,3876422.5,3700520,4052325,6807911.07142857,836722.321428571,596045,366005,826085,845166.25,415172.5,1275160,470400.357142857,854751.25,420852.5,1288650,1018376.66666667,604091.666666667,1432661.66666667,505963.75,278497.5,733430,1203044.28571429
421653.514454828,4491542.21357916,"152","15","01","1521501","Bomberos, Los",Los Bomberos,Los Bomberos Núcleo,"1261","15","3",-3.925588031,40.5709535307,11168,11168,10736,10646,13827,13827,16466,17307,13872,13872,16512,17353,,,,,,,,,,,,,26243,26243,27034,27053,26161,26161,27205,27224,17361,17361,20846,20996,7713,7713,15111,15111,799,818,2180,2226,936,971,3316,4024,953,984,3354,4062,,,,,,,,,,,,,1863,1316,2512,2512,1844,1354,2670,2670,1119,946,2915,3227,491,462,2363,2303,17938.9285714286,10929.5,11168,10691,15356.75,13827,16886.5,16620.7142857143,15402.25,13872,16932.5,24157.3333333333,23255,25059.6666666667,11412,7713,15111,19257.1428571429,1971.07142857143,1505.75,808.5,2203,2311.75,953.5,3670,1061.14285714286,2338.25,968.5,3708,2079,1407,2751,1404.75,476.5,2333,2881,22620988.9285714,13782099.5,14082848,13481351,19364861.75,17435847,21293876.5,20958720.7142857,19422237.25,17492592,21351882.5,30462397.3333333,29324555,31600239.6666667,14390532,9726093,19054971,24283257.1428571,2485521.07142857,1898750.75,1019518.5,2777983,2915116.75,1202363.5,4627870,1338101.14285714,2948533.25,1221278.5,4675788,2621619,1774227,3469011,1771389.75,600866.5,2941913,3632941
423819.096237162,4491696.70519107,"152","11","01","1521101","Peñascales, Los",Los Peñascales,Los Peñascales Núcleo,"4686","15","3",-3.900025463,40.5725473007,14573,14573,12830,22387,13933,13933,16204,15745,17277,17277,17054,22237,,,,,,,,,,,,,25519,25519,25462,25481,25436,25436,25633,25652,16637,16637,20645,19408,6989,6989,17204,6893,875,870,3081,3779,954,889,2663,2461,1032,1047,3518,4414,,,,,,,,,,,,,1935,1418,2909,2685,1884,1455,3067,2843,1223,1049,3351,2971,602,562,2597,1926,18341.5357142857,16090.75,14573,17608.5,14953.75,13933,15974.5,17194.8571428571,18461.25,17277,19645.5,23122.0833333333,22530.6666666667,23713.5,9518.75,6989,12048.5,19488.2142857143,2073.57142857143,2151.25,872.5,3430,1741.75,921.5,2562,1128.21428571429,2502.75,1039.5,3966,2232.5,1494,2971,1421.75,582,2261.5,3018.92857142857,85948436.3571429,75401254.5,68289078,82513431,70073272.5,65290038,74856507,80575100.5714286,86509417.5,80960022,92058813,108350082.5,105578704,111121461,44604862.5,32750454,56459271,91321772.1428571,9716755.71428571,10080757.5,4088535,16072980,8161840.5,4318149,12005532,5286812.14285714,11727886.5,4871097,18584676,10461495,7000884,13922106,6662320.5,2727252,10597389,14146699.2857143
421625.564677018,4492225.30452582,"152","14","01","1521401",Torrelodones,Torrelodones,Torrelodones Núcleo,"8565","15","3",-3.92600302,40.5771039817,11066,11066,10315,10315,13724,13724,16045,21524,13770,13770,16091,21570,,,,,,,,,,,,,26912,26912,26694,26903,26829,26829,26865,27074,18030,18030,20442,21861,8382,8382,14701,8396,812,818,1981,1981,946,973,3117,3804,962,989,3155,3842,,,,,,,,,,,,,1929,1405,2186,2378,1909,1450,2344,2536,1218,1041,3036,3230,597,555,2422,2029,18079.3571428571,10690.5,11066,10315,16254.25,13724,18784.5,16959,16300.25,13770,18830.5,24448.4166666667,23923.6666666667,24973.1666666667,9965.25,8382,11548.5,19199.7142857143,1915.89285714286,1398,815,1981,2210,959.5,3460.5,1114.57142857143,2237,975.5,3498.5,2055.16666666667,1492,2618.33333333333,1400.75,576,2225.5,2717.21428571429,154849693.928571,91564132.5,94780290,88347975,139217651.25,117546060,160889242.5,145253835,139611641.25,117940050,161283232.5,209400688.75,204906205,213895172.5,85352366.25,71791830,98912902.5,164445552.857143,16409622.3214286,11973870,6980475,16967265,18928650,8218117.5,29639182.5,9546304.28571429,19159905,8355157.5,29964652.5,17602502.5,12778980,22426025,11997423.75,4933440,19061407.5,23272940.3571429
419336.438694843,4492682.86207016,"152","04","01","1520401","Estación, La",La Estación,La Estación Núcleo,"5773","15","3",-3.9531042994,40.5810055444,10411,10411,9370,9370,16262,16262,17393,18080,16308,16308,17439,18126,,,,,,,,,,,,,29515,29515,29216,29207,29432,29432,29373,29364,20633,20633,23830,25148,14438,14438,10052,10035,953,893,1882,1882,1065,1073,3164,4162,1080,1091,3202,4200,,,,,,,,,,,,,2012,1465,2582,3126,1992,1504,2737,3281,1286,1104,3140,3805,846,853,2605,2561,19642.8928571429,9890.5,10411,9370,16999.25,16262,17736.5,19571.2857142857,17045.25,16308,17782.5,27108.1666666667,26526.6666666667,27689.6666666667,12240.75,14438,10043.5,19714.5,2126.64285714286,1402.5,923,1882,2366,1069,3663,1229.78571428571,2393.25,1085.5,3701,2336.16666666667,1560.5,3111.83333333333,1716.25,849.5,2583,3023.5,113398420.464286,57097856.5,60102703,54093010,98136670.25,93880526,102392814.5,112985032.428571,98402228.25,94146084,102658372.5,156495446.166667,153138446.666667,159852445.666667,70665849.75,83350574,57981125.5,113811808.5,12277109.2142857,8096632.5,5328479,10864786,13658918,6171337,21146499,7099552.92857143,13816232.25,6266591.5,21365873,13486690.1666667,9008766.5,17964613.8333333,9907911.25,4904163.5,14911659,17454665.5
421910.267227969,4493112.60484856,"152","12","01","1521201","Robles, Los",Los Robles,Los Robles Núcleo,"1525","15","3",-3.9227494707,40.5851234521,11441,11441,11049,12976,14099,14099,15279,21686,14145,14145,15325,21732,,,,,,,,,,,,,28187,28187,30376,30376,28104,28104,30547,30547,19305,19305,22165,25563,9657,9657,14522,14522,854,832,2205,2065,994,988,3232,4345,1010,1004,3270,4383,,,,,,,,,,,,,2023,1509,2637,2637,1993,1546,2795,2795,1313,1137,3877,3979,701,651,1864,1864,19519.3214285714,11726.75,11441,12012.5,16290.75,14099,18482.5,17848.2857142857,16336.75,14145,18528.5,26730.5,25198.6666666667,28262.3333333333,12089.5,9657,14522,21190.3571428571,2089.39285714286,1489,843,2135,2389.75,991,3788.5,1182.5,2416.75,1007,3826.5,2353.41666666667,1586.83333333333,3120,1270,676,1864,2996.28571428571,29766965.1785714,17883293.75,17447525,18319062.5,24843393.75,21500975,28185812.5,27218635.7142857,24913543.75,21571125,28255962.5,40764012.5,38427966.6666667,43100058.3333333,18436487.5,14726925,22146050,32315294.6428571,3186324.10714286,2270725,1285575,3255875,3644368.75,1511275,5777462.5,1803312.5,3685543.75,1535675,5835412.5,3588960.41666667,2419920.83333333,4758000,1936750,1030900,2842600,4569335.71428571
419736.950611724,4493453.56026569,"152","02","01","1520201","Berzosilla, La",La Berzosilla,La Berzosilla Núcleo,"537","15","3",-3.948470617,40.5879866727,8336,8336,8600,8600,11001,11001,14330,17789,11046,11046,14376,17835,,,,,,,,,,,,,31670,31670,45583,30402,31587,31587,45754,30573,22788,22788,24325,25668,9176,9176,10093,10076,664,646,2141,2103,812,809,3277,4100,831,824,3315,4138,,,,,,,,,,,,,2140,1607,3910,3075,2120,1648,4068,3233,1417,1248,3924,4203,599,597,2521,2477,19829,8468,8336,8600,13530.25,11001,16059.5,17943.4285714286,13575.75,11046,16105.5,31199.5833333333,28681.6666666667,33717.5,9630.25,9176,10084.5,21714.5714285714,2230.25,1388.5,655,2122,2249.5,810.5,3688.5,1140.14285714286,2277,827.5,3726.5,2716.08333333333,1696.66666666667,3735.5,1548.5,598,2499,3320.35714285714,10648173,4547316,4476432,4618200,7265744.25,5907537,8623951.5,9635621.14285714,7290177.75,5931702,8648653.5,16754176.25,15402055,18106297.5,5171444.25,4927512,5415376.5,11660724.8571429,1197644.25,745624.5,351735,1139514,1207981.5,435238.5,1980724.5,612256.714285714,1222749,444367.5,2001130.5,1458536.75,911110,2005963.5,831544.5,321126,1341963,1783031.78571429
423291.807910671,4484520.75404976,"127","01","01","1270101","Chopera, La",La Chopera,La Chopera Núcleo,"739","12","3",-3.9053835476,40.5078588469,5184,5184,9206,9206,5904,5904,6316,6336,25593,25593,59039,62198,,,,,,,,,,,,,19602,19602,19536,19536,19520,19520,19693,19693,9054,9054,9509,10948,5492,5492,8474,10046,430,415,2267,2299,515,471,1649,1632,1292,1324,4197,6216,,,,,,,,,,,,,1703,1143,2401,2666,1673,1173,2556,2821,809,685,2121,2355,411,417,2676,2737,16086.9285714286,7195,5184,9206,6115,5904,6326,12907,43105.75,25593,60618.5,16272.25,16058.6666666667,16485.8333333333,7376,5492,9260,19266.8571428571,1823.35714285714,1352.75,422.5,2283,1066.75,493,1640.5,890.071428571429,3257.25,1308,5206.5,1842.16666666667,1197.66666666667,2486.66666666667,1560.25,414,2706.5,2756.64285714286,11888240.2142857,5317105,3830976,6803234,4518985,4363056,4674914,9538273,31855149.25,18913227,44797071.5,12025192.75,11867354.6666667,12183030.8333333,5450864,4058588,6843140,14238207.4285714,1347460.92857143,999682.25,312227.5,1687137,788328.25,364327,1212329.5,657762.785714286,2407107.75,966612,3847603.5,1361361.16666667,885075.666666667,1837646.66666667,1153024.75,305946,2000103.5,2037159.07142857
424820.552444014,4485757.78617962,"127","10","01","1271001",Residencia de Ancianos,Residencia de Ancianos,Residencia de Ancianos Núcleo,"258","12","3",-3.88748883,40.51914188,2875,2875,989,1213,8547,8547,7362,9342,23737,23737,23633,23962,,,,,,,,,,,,,19008,19008,21242,21242,18925,18925,21399,21399,11255,11255,12715,13954,3465,3465,1715,1715,273,286,812,470,646,573,1647,1675,1201,1250,3906,4767,,,,,,,,,,,,,1604,1051,2643,2643,1564,1087,2798,2798,963,806,2085,2398,283,312,1444,1444,12768.0714285714,1988,2875,1101,8449.5,8547,8352,12544.5714285714,23767.25,23737,23797.5,17527.25,16396,18658.5,2590,3465,1715,12991.5714285714,1551.03571428571,460.25,279.5,641,1135.25,609.5,1661,849.928571428571,2781,1225.5,4336.5,1870,1179.16666666667,2560.83333333333,870.75,297.5,1444,2252.14285714286,3294162.42857143,512904,741750,284058,2179971,2205126,2154816,3236499.42857143,6131950.5,6124146,6139755,4522030.5,4230168,4813893,668220,893970,442470,3351825.42857143,400167.214285714,118744.5,72111,165378,292894.5,157251,428538,219281.571428571,717498,316179,1118817,482460,304225,660695,224653.5,76755,372552,581052.857142857
421372.388478308,4487934.34695149,"127","15","01","1271501","Matas-Pinar-Monte Rozas, Las",Las Matas-Pinar-Monte Rozas,Las Matas-Pinar-Monte Rozas Núcleo,"46324","12","3",-3.928459791,40.5384281117,5485,5485,8182,8182,12301,12301,14758,15379,21754,21754,30815,27807,,,,,,,,,,,,,25999,25999,27621,28600,25916,25916,27778,28757,14195,14195,19200,18084,7791,7791,10277,10277,688,672,2105,2982,943,860,3501,3712,1438,1467,6480,6363,,,,,,,,,,,,,2066,1537,4536,4297,2052,1578,4691,4452,1340,1175,4189,4248,724,705,3038,3911,17949.9642857143,6833.5,5485,8182,13684.75,12301,15068.5,16205.8571428571,25532.5,21754,29311,23521.6666666667,22036.6666666667,25006.6666666667,9034,7791,10277,19694.0714285714,2705.35714285714,1611.75,680,2543.5,2254,901.5,3606.5,1231.78571428571,3937,1452.5,6421.5,3013.41666666667,1624.66666666667,4402.16666666667,2094.5,714.5,3474.5,4178.92857142857,831514145.571429,316555054,254087140,379022968,633932359,569831524,698033194,750720126.285714,1182767530,1007732296,1357802764,1089617686.66667,1020826546.66667,1158408826.66667,418491016,360910284,476071748,912308164.857143,125322964.285714,74662707,31500320,117825094,104414296,41761086,167067506,57061241.4285714,182377588,67285610,297469566,139593513.666667,75261058.6666667,203925968.666667,97025618,33098498,160952738,193584687.142857
426021.548376966,4483140.19021193,"127","04","01","1270401","Rozas de Madrid, Las",Las Rozas de Madrid,Las Rozas de Madrid Núcleo,"51817","12","3",-3.8730069072,40.4956706874,4284,6392,5202,5202,3284,3284,3994,3994,24182,24182,56197,26254,,,,,,,,,,,,,17194,17194,16694,17883,17111,17111,16851,18040,10220,10220,9347,9347,3909,3909,4604,4604,616,533,1177,1177,509,520,1116,1116,1302,1322,4140,4371,,,,,,,,,,,,,1660,1080,2224,2479,1652,1118,2379,2634,927,817,1492,1492,382,384,1412,1412,12881.75,5270,5338,5202,3639,3284,3994,11605.4285714286,32703.75,24182,41225.5,14767.6666666667,14841.6666666667,14693.6666666667,4256.5,3909,4604,14158.0714285714,1480.10714285714,875.75,574.5,1177,815.25,514.5,1116,915.857142857143,2783.75,1312,4255.5,1662.83333333333,1209,2116.66666666667,897.5,383,1412,2044.35714285714,667493639.75,273075590,276599146,269552034,188562063,170167028,206957098,601358492.285714,1694610213.75,1253038694,2136181733.5,765216183.666667,769050641.666667,761381725.666667,220559060.5,202552653,238565468,733628787.214286,76694711.8214286,45378737.75,29768866.5,60988609,42243809.25,26659846.5,57827772,47456969.5714286,144245573.75,67983904,220507243.5,86163034.8333333,62646753,109679316.666667,46505757.5,19845911,73165604,105932454.071429
414605.39341894,4497892.23985376,"047","05","01","0470501","Estación, La",La Estación,La Estación Núcleo,"45736","15","3",-4.0097032959,40.6274540791,1177,1177,798,798,4126,4126,4679,9473,4172,4172,4725,9519,,,,,,,,,,,,,37643,37643,37547,37561,37560,37560,37718,37732,28760,28760,31650,32028,2227,2227,2475,3071,234,289,661,661,601,656,1170,1935,620,677,1208,1973,,,,,,,,,,,,,2340,1911,2721,2850,2305,1955,2879,3008,1647,1543,3260,4374,371,432,957,787,17182.2857142857,987.5,1177,798,5601,4126,7076,16523.5714285714,5647,4172,7122,35180.1666666667,34654.3333333333,35706,2500,2227,2773,17841,1572.32142857143,461.25,261.5,661,1090.5,628.5,1552.5,1112.92857142857,1119.5,648.5,1590.5,2566.08333333333,1950.16666666667,3182,636.75,401.5,872,2031.71428571429,785849019.428571,45164300,53831272,36497328,256167336,188706736,323627936,755722062.857143,258271192,190810592,325731792,1609000102.66667,1584950589.33333,1633049616,114340000,101854072,126825928,815975976,71911692.8571429,21095730,11959964,30231496,49875108,28745076,71005140,50900901.1428571,51201452,29659796,72743108,117362387.333333,89192822.6666667,145531952,29122398,18363004,39881792,92922484.5714286
415326.588473863,4499340.81971167,"047","01","01","0470101",Collado Villalba,Collado Villalba,Collado Villalba Núcleo,"18105","15","3",-4.001372086,40.6405763007,2047,2047,1748,3441,2915,2915,3358,3198,2961,2961,3404,3244,,,,,,,,,,,,,38246,38246,37843,37873,38163,38163,38014,38044,29364,29364,33758,58779,791,791,737,737,271,271,852,1181,407,406,627,891,423,422,665,929,,,,,,,,,,,,,2286,1825,2397,2398,2264,1830,2555,2556,1609,1430,5255,5427,111,109,586,586,17612.5714285714,2320.75,2047,2594.5,3096.5,2915,3278,16355.2857142857,3142.5,2961,3324,37988.0833333333,35257.6666666667,40718.5,764,791,737,18869.8571428571,1448.89285714286,643.75,271,1016.5,582.75,406.5,759,976,609.75,422.5,797,2652.66666666667,1874,3431.33333333333,348,110,586,1921.78571428571,318875605.714286,42017178.75,37060935,46973422.5,56062132.5,52776075,59348190,296112447.857143,56894962.5,53608905,60181020,687774248.75,638340055,737208442.5,13832220,14321055,13343385,341638763.571429,26232205.1785714,11655093.75,4906455,18403732.5,10550688.75,7359682.5,13741695,17670480,11039523.75,7649362.5,14429685,48026530,33928770,62124290,6300540,1991550,10609530,34793930.3571429
418395.56421564,4500471.75377005,"047","11","01","0471101",Dominio de Fontenebro - Mirador de la Sierra,Dominio de Fontenebro - Mirador de la Sierra,Dominio de Fontenebro - Mirador de la Sierra Núcleo,"3466","15","3",-3.9652292481,40.6510722054,5419,5419,11247,5360,4593,4593,4934,4868,4639,4639,4980,4914,,,,,,,,,,,,,41270,41270,45669,41252,41187,41187,45840,41423,32388,32388,42946,37000,4465,4465,8641,4689,646,618,2569,1576,556,539,1341,2138,573,555,1379,2176,,,,,,,,,,,,,2552,2158,4287,3414,2537,2180,4445,3572,1919,1806,6247,5956,524,498,2351,1743,20417.3214285714,6861.25,5419,8303.5,4747,4593,4901,19137.2857142857,4793,4639,4947,40318.3333333333,38281.6666666667,42355,5565,4465,6665,21697.3571428571,2173.39285714286,1352.25,632,2072.5,1143.5,547.5,1739.5,1261.5,1170.75,564,1777.5,3422.75,2192,4653.5,1279,511,2047,3085.28571428571,70766436.0714286,23781092.5,18782254,28779931,16453102,15919338,16986866,66329832.2857143,16612538,16078774,17146302,139743343.333333,132684256.666667,146802430,19288290,15475690,23100890,75203039.8571429,7532979.64285714,4686898.5,2190512,7183285,3963371,1897635,6029107,4372359,4057819.5,1954824,6160815,11863251.5,7597472,16129031,4433014,1771126,7094902,10693600.2857143
414671.608766861,4500744.94985891,"047","10","01","0471001",Cerca de Carrasquilla,Cerca de Carrasquilla,Cerca de Carrasquilla Núcleo,"16","15","3",-4.009307464,40.6531564277,3606,3606,5705,5938,1503,1503,934,934,1549,1549,979,979,,,,,,,,,,,,,38905,38905,40827,40800,38822,38822,40998,40971,30022,30022,36946,36482,2101,2101,1579,2970,523,440,1242,1578,273,256,782,782,286,271,820,820,,,,,,,,,,,,,2390,1855,3402,2964,2380,1881,3560,3122,1707,1490,5315,5342,329,265,1273,926,17502.0714285714,4713.75,3606,5821.5,1218.5,1503,934,16644,1264,1549,979,37710.1666666667,35916.3333333333,39504,2187.75,2101,2274.5,18360.1428571429,1652.64285714286,945.75,481.5,1410,523.25,264.5,782,1024.71428571429,549.25,278.5,820,2950.66666666667,1950.5,3950.83333333333,698.25,297,1099.5,2280.57142857143,280033.142857143,75420,57696,93144,19496,24048,14944,266304,20224,24784,15664,603362.666666667,574661.333333333,632064,35004,33616,36392,293762.285714286,26442.2857142857,15132,7704,22560,8372,4232,12512,16395.4285714286,8788,4456,13120,47210.6666666667,31208,63213.3333333333,11172,4752,17592,36489.1428571429
391214.222291679,4491498.16886508,"135","08","01","1350801","Pimpollar, El",El Pimpollar,El Pimpollar Núcleo,"159","7","3",-4.2851173435,40.5671163528,22283,22283,26404,49210,16499,16499,25569,47287,42555,42555,40213,66909,,,,,,,,,,,,,63320,63320,73240,94970,63238,63238,73411,95141,50157,50157,56161,90559,17624,17624,24463,46181,1706,1746,5127,5018,1351,1399,4532,4785,2943,2997,4618,5751,,,,,,,,,,,,,4009,3738,6595,6548,4038,3754,6753,6706,3016,2989,7485,9090,1266,1299,3597,3850,48609.6428571429,30045,22283,37807,26463.5,16499,36428,39382.2857142857,48058,42555,53561,69742.6666666667,58905,80580.3333333333,26473,17624,35322,57837,4168.07142857143,3399.25,1726,5072.5,3016.75,1375,4658.5,2589.35714285714,4077.25,2970,5184.5,5393.41666666667,3590.66666666667,7196.16666666667,2503,1282.5,3723.5,5746.78571428571,7728933.21428571,4777155,3542997,6011313,4207696.5,2623341,5792052,6261783.42857143,7641222,6766245,8516199,11089084,9365895,12812273,4209207,2802216,5616198,9196083,662723.357142857,540480.75,274434,806527.5,479663.25,218625,740701.5,411707.785714286,648282.75,472230,824335.5,857553.25,570916,1144190.5,397977,203917.5,592036.5,913738.928571429
393514.652598214,4495068.4772613,"135","02","01","1350201","Herreras, Las",Las Herreras,Las Herreras Núcleo,"11","7","3",-4.276688766,40.6188168597,37382,37382,25301,31116,31597,31597,24213,30281,57654,57654,47301,54243,,,,,,,,,,,,,78419,78419,70215,76283,78336,78336,70372,76440,65256,65256,59719,68514,32723,32723,28099,34167,2408,2490,5867,6411,2049,2128,5229,5816,3650,3731,11674,9861,,,,,,,,,,,,,4770,4457,9601,9744,4764,4491,9756,9899,3713,3762,11261,10889,1949,2010,5855,6649,52107.0714285714,32795.25,37382,28208.5,29422,31597,27247,54481,54213,57654,50772,72130.4166666667,74003.6666666667,70257.1666666667,31928,32723,31133,49733.1428571429,5888.71428571429,4294,2449,6139,3805.5,2088.5,5522.5,3312.28571428571,7229,3690.5,10767.5,7258.91666666667,4326.16666666667,10191.6666666667,4115.75,1979.5,6252,8465.14285714286,573177.785714286,360747.75,411202,310293.5,323642,347567,299717,599291,596343,634194,558492,793434.583333333,814040.333333333,772828.833333333,351208,359953,342463,547064.571428571,64775.8571428571,47234,26939,67529,41860.5,22973.5,60747.5,36435.1428571429,79519,40595.5,118442.5,79848.0833333333,47587.8333333333,112108.333333333,45273.25,21774.5,68772,93116.5714285714
392895.372692932,4493967.04825836,"135","05","01","1350501",Navalespino,Navalespino,Navalespino Núcleo,"55","7","3",-4.26568114,40.5895719997,23993,23993,19924,25739,18209,18209,18836,24904,44266,44266,42105,54359,,,,,,,,,,,,,65031,65031,64838,70906,64948,64948,64995,71063,51868,51868,56080,62510,19334,19334,22722,28790,1813,1892,2982,3520,1461,1538,2344,2925,3038,3121,5991,9059,,,,,,,,,,,,,4170,3856,6739,6876,4189,3902,6894,7031,3135,3150,6428,7284,1368,1405,2970,3758,42966.75,23412.25,23993,22831.5,20039.5,18209,21870,41092.7142857143,46249,44266,48232,62840.5,60615.6666666667,65065.3333333333,22545,19334,25756,44840.7857142857,4029.96428571429,2551.75,1852.5,3251,2067,1499.5,2634.5,2717,5302.25,3079.5,7525,5304.5,3733.66666666667,6875.33333333333,2375.25,1386.5,3364,5342.92857142857,2363171.25,1287673.75,1319615,1255732.5,1102172.5,1001495,1202850,2260099.28571429,2543695,2434630,2652760,3456227.5,3333861.66666667,3578593.33333333,1239975,1063370,1416580,2466243.21428571,221648.035714286,140346.25,101887.5,178805,113685,82472.5,144897.5,149435,291623.75,169372.5,413875,291747.5,205351.666666667,378143.333333333,130638.75,76257.5,185020,293861.071428571
392895.787968742,4491342.40171586,"135","01","01","1350101","Estación, La",La Estación,La Estación Núcleo,"829","7","3",-4.2652307437,40.5659326537,20473,20473,25661,26749,14689,14689,24826,24826,40745,40745,39470,44448,,,,,,,,,,,,,61510,61510,72497,72509,61428,61428,72668,72680,48347,48347,55418,68098,15814,15814,23720,23720,1483,1535,4453,4271,1128,1181,3858,4038,2753,2806,3944,5004,,,,,,,,,,,,,3845,3563,5921,5801,3841,3562,6079,5959,2826,2788,6811,8343,1049,1072,2923,3103,41903.6428571429,23339,20473,26205,19757.5,14689,24826,37572.2857142857,41352,40745,41959,63036.6666666667,57095,68978.3333333333,19767,15814,23720,46235,3712.14285714286,2935.5,1509,4362,2551.25,1154.5,3948,2388,3626.75,2779.5,4474,4944.91666666667,3404.16666666667,6485.66666666667,2036.75,1060.5,3013,5036.28571428571,34738119.9285714,19348031,16972117,21723945,16378967.5,12177181,20580754,31147424.8571429,34280808,33777605,34784011,52257396.6666667,47331755,57183038.3333333,16386843,13109806,19663880,38328815,3077366.42857143,2433529.5,1250961,3616098,2114986.25,957080.5,3272892,1979652,3006575.75,2304205.5,3708946,4099335.91666667,2822054.16666667,5376617.66666667,1688465.75,879154.5,2497777,4175080.85714286
393219.845701992,4490287.71404945,"135","14","01","1351401",Umbría de los Gallegos,Umbría de los Gallegos,Umbría de los Gallegos Núcleo,"13","7","3",-4.26122518,40.5564752157,19586,19586,29434,32020,13802,13802,28599,31330,39858,39858,43243,50224,,,,,,,,,,,,,60624,60624,76270,72658,60541,60541,76441,72815,47460,47460,59191,69177,14927,14927,27493,27485,1370,1407,7841,7675,1016,1062,7246,7047,2614,2648,7332,9041,,,,,,,,,,,,,3761,3427,9309,9198,3757,3458,9467,9353,2710,2661,10199,11655,920,932,6311,6251,43213.4285714286,25156.5,19586,30727,21883.25,13802,29964.5,36685.4285714286,43295.75,39858,46733.5,63650.1666666667,56208.3333333333,71092,21208,14927,27489,49741.4285714286,5345.28571428571,4573.25,1388.5,7758,4092.75,1039,7146.5,2267.35714285714,5408.75,2631,8186.5,6579.58333333333,3295.66666666667,9863.5,3603.5,926,6281,8423.21428571429,561774.571428571,327034.5,254618,399451,284482.25,179426,389538.5,476910.571428571,562844.75,518154,607535.5,827452.166666667,730708.333333333,924196,275704,194051,357357,646638.571428571,69488.7142857143,59452.25,18050.5,100854,53205.75,13507,92904.5,29475.6428571429,70313.75,34203,106424.5,85534.5833333333,42843.6666666667,128225.5,46845.5,12038,81653,109501.785714286
393363.289644956,4494881.80186304,"135","10","01","1351001",Santa María de la Alameda,Santa María de la Alameda,Santa María de la Alameda Núcleo,"120","7","3",-4.2603076373,40.597871353,24199,24199,21669,27484,18415,18415,20581,26649,44472,44472,43850,56104,,,,,,,,,,,,,65237,65237,66583,72651,65154,65154,66740,72808,52074,52074,57825,64255,19540,19540,24467,30535,1816,1889,3339,3883,1460,1534,2701,3288,3034,3117,6348,9422,,,,,,,,,,,,,4159,3847,7096,7239,4161,3897,7251,7394,3133,3149,6785,7647,1366,1404,3327,4121,43942.25,24387.75,24199,24576.5,21015,18415,23615,41298.7142857143,47224.5,44472,49977,63816,60821.6666666667,66810.3333333333,23520.5,19540,27501,46585.7857142857,4207.39285714286,2731.75,1852.5,3611,2245.75,1497,2994.5,2711.85714285714,5480.25,3075.5,7885,5479.83333333333,3724.33333333333,7235.33333333333,2554.5,1385,3724,5702.92857142857,5273070,2926530,2903880,2949180,2521800,2209800,2833800,4955845.71428571,5666940,5336640,5997240,7657920,7298600,8017240,2822460,2344800,3300120,5590294.28571429,504887.142857143,327810,222300,433320,269490,179640,359340,325422.857142857,657630,369060,946200,657580,446920,868240,306540,166200,446880,684351.428571429
394776.279735356,4490587.43931296,"135","06","01","1350601","Paradilla, La",La Paradilla,La Paradilla Núcleo,"30","7","3",-4.242895555,40.5593739927,17655,17655,30433,30433,11871,11871,29743,29743,37928,37928,48637,48637,,,,,,,,,,,,,58693,58693,76558,76558,58610,58610,76654,76654,45530,45530,95266,95266,12996,12996,25898,25898,1279,1312,11815,11815,920,961,11187,11187,2522,2559,13181,13181,,,,,,,,,,,,,3683,3341,14315,14315,3689,3370,14432,14432,2613,2567,16500,16500,824,836,10391,10391,44748,24044,17655,30433,20807,11871,29743,34754.7142857143,43282.5,37928,48637,68551.8333333333,54277.6666666667,82826,19447,12996,25898,54741.2857142857,7647.07142857143,6555.25,1295.5,11815,6063.75,940.5,11187,2176.85714285714,7860.75,2540.5,13181,9146.41666666667,3210.5,15082.3333333333,5610.5,830,10391,13117.2857142857,1342440,721320,529650,912990,624210,356130,892290,1042641.42857143,1298475,1137840,1459110,2056555,1628330,2484780,583410,389880,776940,1642238.57142857,229412.142857143,196657.5,38865,354450,181912.5,28215,335610,65305.7142857143,235822.5,76215,395430,274392.5,96315,452470,168315,24900,311730,393518.571428571
395581.888399935,4491745.78296787,"135","03","01","1350301","Hoya, La",La Hoya,La Hoya Núcleo,"20","7","3",-4.233573416,40.5699089677,16822,16822,33460,20349,11037,11037,32770,19514,37094,37094,51664,42568,,,,,,,,,,,,,57859,57859,79585,65516,57776,57776,79681,65673,44696,44696,98293,57120,12163,12163,28925,23400,1318,1341,14566,5667,962,994,13938,5072,2574,2609,15932,10017,,,,,,,,,,,,,3719,3370,17066,9023,3701,3382,17183,9178,2655,2587,19251,9431,866,868,13142,5905,41907.5714285714,21863.25,16822,26904.5,18589.5,11037,26142,33921,42105,37094,47116,63877.5,53443.6666666667,74311.3333333333,19162.75,12163,26162.5,49894.1428571429,7011.32142857143,5723,1329.5,10116.5,5241.5,978,9505,2210.42857142857,7783,2591.5,12974.5,8378.83333333333,3235.66666666667,13522,5195.25,867,9523.5,11812.2142857143,838151.428571429,437265,336440,538090,371790,220740,522840,678420,842100,741880,942320,1277550,1068873.33333333,1486226.66666667,383255,243260,523250,997882.857142857,140226.428571429,114460,26590,202330,104830,19560,190100,44208.5714285714,155660,51830,259490,167576.666666667,64713.3333333333,270440,103905,17340,190470,236244.285714286
397829.756890775,4492397.51375755,"135","09","01","1350901",Robledondo,Robledondo,Robledondo Núcleo,"241","7","3",-4.207128736,40.5760595357,16252,16252,12177,16776,10468,10468,11089,15816,36524,36524,34358,95475,,,,,,,,,,,,,57289,57289,57091,55972,57206,57206,57248,56129,44126,44126,48333,47384,11593,11593,14975,13827,1261,1281,2417,4633,903,931,1779,4428,2509,2544,5426,11568,,,,,,,,,,,,,3631,3266,6174,8272,3652,3313,6329,8427,2603,2526,5863,8705,809,808,2405,4007,35841.6428571429,15364.25,16252,14476.5,11960.25,10468,13452.5,33351.1428571429,50720.25,36524,64916.5,53283.25,52873.6666666667,53692.8333333333,12997,11593,14401,38332.1428571429,3945.35714285714,2398,1271,3525,2010.25,917,3103.5,2145.5,5511.75,2526.5,8497,5230.08333333333,3165.16666666667,7295,2007.25,808.5,3206,5745.21428571429,8637835.92857143,3702784.25,3916732,3488836.5,2882420.25,2522788,3242052.5,8037625.42857143,12223580.25,8802284,15644876.5,12841263.25,12742553.6666667,12939972.8333333,3132277,2793913,3470641,9238046.42857143,950831.071428571,577918,306311,849525,484470.25,220997,747943.5,517065.5,1328331.75,608886.5,2047777,1260450.08333333,762805.166666667,1758095,483747.25,194848.5,772646,1384596.64285714
417960.886167519,4506928.2138146,"018","04","01","0180401",Montellano,Montellano,Montellano Núcleo,"323","19","3",-3.971213753,40.7091853217,19670,19670,26757,26732,10445,10445,11681,15753,10491,10491,11727,15799,,,,,,,,,,,,,47847,47847,48315,48663,47764,47764,48486,48834,38964,38964,43965,44147,9223,9223,10071,10071,1226,1212,4287,3850,898,887,2408,2770,914,903,2446,2808,,,,,,,,,,,,,2902,2441,4595,3585,2890,2480,4753,3743,2239,2092,6237,5527,672,665,3032,2968,27850.3214285714,23207.25,19670,26744.5,12081,10445,13717,26343.4285714286,12127,10491,13763,45963.3333333333,44858.3333333333,47068.3333333333,9647,9223,10071,29357.2142857143,2693.92857142857,2643.75,1219,4068.5,1740.75,892.5,2589,1601.5,1767.75,908.5,2627,3623.66666666667,2507.33333333333,4740,1834.25,668.5,3000,3786.35714285714,8995653.82142857,7495941.75,6353410,8638473.5,3902163,3373735,4430591,8508927.42857143,3917021,3388593,4445449,14846156.6666667,14489241.6666667,15203071.6666667,3115981,2979029,3252933,9482380.21428571,870138.928571429,853931.25,393737,1314125.5,562262.25,288277.5,836247,517284.5,570983.25,293445.5,848521,1170444.33333333,809868.666666667,1531020,592462.75,215925.5,969000,1222993.35714286
415800.725679754,4507229.88151493,"018","01","01","0180101",Becerril de la Sierra,Becerril de la Sierra,Becerril de la Sierra Núcleo,"5832","19","3",-3.9968235343,40.7116845738,21890,21890,49135,29402,9093,9093,10342,13997,9139,9139,10388,14043,,,,,,,,,,,,,46495,46495,49509,46907,46412,46412,49680,47078,37613,37613,45159,42391,6677,6677,7342,7342,1413,1405,6620,4709,810,793,1883,2977,828,809,1921,3015,,,,,,,,,,,,,2809,2364,4166,3792,2787,2401,4324,3950,2157,2016,5808,5734,651,649,2226,2226,27762.6071428571,30579.25,21890,39268.5,10631.25,9093,12169.5,25331.2857142857,10677.25,9139,12215.5,45147,43506.6666666667,46787.3333333333,7009.5,6677,7342,30193.9285714286,2687.25,3536.75,1409,5664.5,1615.75,801.5,2430,1563.71428571429,1643.25,818.5,2468,3525.66666666667,2422.33333333333,4629,1438,650,2226,3810.78571428571,161911524.857143,178338186,127662480,229013892,62001450,53030376,70972524,147732058.285714,62269722,53298648,71240796,263297304,253730880,272863728,40879404,38940264,42818544,176090991.428571,15672042,20626326,8217288,33035364,9423054,4674348,14171760,9119581.71428571,9583434,4773492,14393376,20561688,14127048,26996328,8386416,3790800,12982032,22224502.2857143
419420.030241233,4508177.35306168,"018","02","01","0180201","Berrocal, El",El Berrocal,El Berrocal Núcleo,"265","19","3",-3.9541027096,40.7205808895,19793,19793,26780,26755,11615,11615,14347,14347,11660,11660,14393,14393,,,,,,,,,,,,,53295,51085,49416,49447,53212,51002,49587,49618,42202,42202,45141,68283,9142,9142,34932,34932,1240,1237,3147,2736,1162,1152,2885,2885,1180,1169,2923,2923,,,,,,,,,,,,,2958,2656,4090,4090,2960,2700,4248,4248,2406,2312,6332,6796,662,663,5067,5067,31778.1785714286,23280.25,19793,26767.5,12981,11615,14347,28387,13026.5,11660,14393,50374.1666666667,48833,51915.3333333333,22037,9142,34932,35169.3571428571,2924.78571428571,2090,1238.5,2941.5,2021,1157,2885,1746.92857142857,2048.75,1174.5,2923,3816.33333333333,2665.33333333333,4967.33333333333,2864.75,662.5,5067,4102.64285714286,8421217.32142857,6169266.25,5245145,7093387.5,3439965,3077975,3801955,7522555,3452022.5,3089900,3814145,13349154.1666667,12940745,13757563.3333333,5839805,2422630,9256980,9319879.64285714,775068.214285714,553850,328202.5,779497.5,535565,306605,764525,462936.071428571,542918.75,311242.5,774595,1011328.33333333,706313.333333333,1316343.33333333,759158.75,175562.5,1342755,1087200.35714286
417367.543882768,4509292.80778675,"018","06","01","0180601",Vista Real,Vista Real,Vista Real Núcleo,"126","19","3",-3.9785488934,40.7304247691,21506,21506,51431,30495,11587,11587,17090,19738,11633,11633,17136,19784,,,,,,,,,,,,,48989,48989,52716,52648,48906,48906,52887,52819,40106,40106,48366,48132,4772,4772,9874,9874,1278,1275,8536,5959,1043,1059,3300,4417,1060,1076,3338,4455,,,,,,,,,,,,,3020,2614,5433,5232,3024,2660,5591,5390,2377,2283,7375,7174,409,412,3684,3982,30642.4285714286,31234.5,21506,40963,15000.5,11587,18414,26785.5714285714,15046.5,11633,18460,48630.8333333333,46000.3333333333,51261.3333333333,7323,4772,9874,34499.2857142857,3480.57142857143,4262,1276.5,7247.5,2454.75,1051,3858.5,1685,2482.25,1068,3896.5,4347.75,2663,6032.5,2121.75,410.5,3833,5276.14285714286,3860946,3935547,2709756,5161338,1890063,1459962,2320164,3374982,1895859,1465758,2325960,6127485,5796042,6458928,922698,601272,1244124,4346910,438552,537012,160839,913185,309298.5,132426,486171,212310,312763.5,134568,490959,547816.5,335538,760095,267340.5,51723,482958,664794
424717.220249504,4473054.55765537,"022","01","01","0220101",Boadilla del Monte,Boadilla del Monte,Boadilla del Monte Núcleo,"44123","6","3",-3.887201674,40.4047018567,12897,12897,27166,27166,14685,14685,12283,13961,37178,37178,66431,66431,,,,,,,,,,,,,27347,27347,26983,26983,27264,27264,27140,27140,8969,8969,7626,9304,8972,8972,12310,12310,988,1007,3806,3986,1281,1120,3184,3156,1994,1838,7109,6455,,,,,,,,,,,,,2312,1526,4084,4084,2290,1556,4239,4239,882,693,2439,2411,546,547,2999,3054,22780.6428571429,20031.5,12897,27166,13903.5,14685,13122,19616,51804.5,37178,66431,21028,21193.3333333333,20862.6666666667,10641,8972,12310,25945.2857142857,2636.60714285714,2446.75,997.5,3896,2185.25,1200.5,3170,1327.14285714286,4349,1916,6782,2562.91666666667,1543.16666666667,3582.66666666667,1786.5,546.5,3026.5,3946.07142857143,1005150304.78571,883849874.5,569054331,1198645418,613464130.5,647946255,578982006,865516768,2285769953.5,1640404894,2931135013,927818444,935113446.666667,920523441.333333,469512843,395871556,543154130,1144783841.57143,116335016.964286,107957950.25,44012692.5,171903208,96419785.75,52969661.5,139869910,58557524.2857143,191890927,84539668,299242186,113083572.083333,68089142.8333333,158078001.333333,78825739.5,24113219.5,133538259.5,174112509.642857
428225.34142642,4473377.68764674,"022","16","01","0221601",Urbanizaciones Este,Urbanizaciones Este,Urbanizaciones Este Núcleo,"2018","6","3",-3.8458995588,40.4079224872,16586,16586,34627,22261,12328,12328,14111,14111,37496,37496,59698,56587,,,,,,,,,,,,,17781,17781,19448,17038,17698,17698,19605,17209,9333,9333,12787,12787,6642,6642,8049,8119,1152,1157,3531,4713,1148,1115,3284,3524,1930,1930,6626,7226,,,,,,,,,,,,,2018,1244,3601,4101,2028,1286,3756,4259,832,806,2334,3294,627,595,1820,1915,19720.1785714286,22515,16586,28444,13219.5,12328,14111,16837.7142857143,47819.25,37496,58142.5,15708.1666666667,14937.3333333333,16479,7363,6642,8084,22602.6428571429,2566.14285714286,2638.25,1154.5,4122,2267.75,1131.5,3404,1276.28571428571,4428,1930,6926,2463.25,1369,3557.5,1239.25,611,1867.5,3856,39795320.3571429,45435270,33470548,57399992,26676951,24877904,28475998,33978507.4285714,96499246.5,75666928,117331565,31699080.3333333,30143538.6666667,33254622,14858534,13403556,16313512,45612133.2857143,5178476.28571429,5323988.5,2329781,8318196,4576319.5,2283367,6869272,2575544.57142857,8935704,3894740,13976668,4970838.5,2762642,7179035,2500806.5,1232998,3768615,7781408
423474.907276492,4475892.53863799,"022","17","01","0221701",Urbanizaciones Noroeste,Urbanizaciones Noroeste,Urbanizaciones Noroeste Núcleo,"19337","6","3",-3.9021819597,40.4301532248,15247,15247,18136,37550,8111,8111,14359,14359,36752,36752,48897,43950,,,,,,,,,,,,,23354,23354,24061,27901,23271,23271,24219,28072,5250,5250,8509,8509,13016,13016,20132,19870,1151,1169,3903,5123,932,959,2724,2724,2040,1930,7034,7054,,,,,,,,,,,,,2155,1469,5120,4831,2108,1511,5275,4989,574,594,1568,1568,823,803,4637,3761,21018.7857142857,21545,15247,27843,11235,8111,14359,17857.2857142857,41587.75,36752,46423.5,18751.75,17291.6666666667,20211.8333333333,16508.5,13016,20001,24180.2857142857,2804.60714285714,2836.5,1160,4513,1834.75,945.5,2724,1301.28571428571,4514.5,1985,7044,2646.83333333333,1401.83333333333,3891.83333333333,2506,813,4199,4307.92857142857,406440259.357143,416615665,294831239,538400091,217251195,156842407,277659983,345306333.857143,804182321.75,710673424,897691219.5,362602589.75,334368958.333333,390836221.166667,319224864.5,251690392,386759337,467574184.857143,54232688.3214286,54849400.5,22430920,87267881,35478560.75,18283133.5,52673988,25162961.8571429,87296886.5,38383945,136209828,51181816.1666667,27107251.1666667,75256381.1666667,48458522,15720981,81196063,83302414.7857143
400673.066996815,4482438.25844198,"056","01","01","0560101",Fresnedillas de la Oliva,Fresnedillas de la Oliva,Fresnedillas de la Oliva Núcleo,"1764","7","3",-4.1719781084,40.4867018367,26599,26599,30846,32780,23922,23922,32403,34337,36346,36346,89533,92692,,,,,,,,,,,,,51759,51759,50030,50384,51676,51676,50187,50187,34692,34692,41300,41300,22558,22558,25686,27619,1856,1915,5053,3573,1778,1813,5345,3728,3023,3001,6983,6753,,,,,,,,,,,,,3426,2916,3027,3052,3482,2961,3182,3214,2246,2171,3520,3492,1480,1498,4177,3015,40871,29206,26599,31813,28646,23922,33370,35364.5714285714,63729.25,36346,91112.5,46636.8333333333,46042.3333333333,47231.3333333333,24605.25,22558,26652.5,46377.4285714286,3274.28571428571,3099.25,1885.5,4313,3166,1795.5,4536.5,2397.57142857143,4940,3012,6868,3057.41666666667,2867,3247.83333333333,2542.5,1489,3596,4151,72096444,51519384,46920636,56118132,50531544,42198408,58864680,62383104,112418397,64114344,160722450,82267374,81218676,83316072,43403661,39792312,47015010,81809784,5775840,5467077,3326022,7608132,5584824,3167262,8002386,4229316,8714160,5313168,12115152,5393283,5057388,5729178,4484970,2626596,6343344,7322364
401453.458489216,4488387.86443206,"183","01","01","1830101","Estación y Pajares, La",La Estación y Pajares,La Estación y Pajares Núcleo,"1108","7","3",-4.1636981099,40.5403837697,13259,13259,16410,16410,12049,12049,17967,17967,33532,33532,34705,28866,,,,,,,,,,,,,50371,50371,53394,57868,50288,50288,53551,58025,33304,33304,45743,49520,9218,9218,11249,11249,1043,1074,2902,2902,1090,1170,3194,3194,2302,2332,5157,3651,,,,,,,,,,,,,3273,2670,6061,4527,3315,2713,6216,4682,1961,1889,6109,5333,672,672,2026,2026,31320.2142857143,14834.5,13259,16410,15008,12049,17967,28860.1428571429,32658.75,33532,31785.5,48835.5833333333,44654.3333333333,53016.8333333333,10233.5,9218,11249,33780.2857142857,3005.57142857143,1980.25,1058.5,2902,2162,1130,3194,1869.71428571429,3360.5,2317,4404,4062.41666666667,2636.83333333333,5488,1349,672,2026,4141.42857142857,34702797.4285714,16436626,14690972,18182280,16628864,13350292,19907436,31977038.2857143,36185895,37153456,35218334,54109826.3333333,49477001.3333333,58742651.3333333,11338718,10213544,12463892,37428556.5714286,3330173.14285714,2194117,1172818,3215416,2395496,1252040,3538952,2071643.42857143,3723434,2567236,4879632,4501157.66666667,2921611.33333333,6080704,1494692,744576,2244808,4588702.85714286
401996.45492303,4487477.8580332,"183","02","01","1830201",Peña Rosal,Peña Rosal,Peña Rosal Núcleo,"27","7","3",-4.1571462772,40.5322516264,16491,16491,25579,25579,15066,15066,27136,24197,36764,36764,43874,30724,,,,,,,,,,,,,53603,53603,55507,55507,53520,53520,55664,55664,36536,36536,46777,47159,12450,12450,20419,20419,1576,1603,4442,4442,1609,1656,4734,4190,2805,2888,6697,5248,,,,,,,,,,,,,3740,3260,4296,4296,3746,3255,4451,4451,2470,2411,4789,5102,1170,1175,3566,3566,35109.4642857143,21035,16491,25579,20366.25,15066,25666.5,32061.4285714286,37031.5,36764,37299,50299.6666666667,47886.3333333333,52713,16434.5,12450,20419,38157.5,3486.92857142857,3015.75,1589.5,4442,3047.25,1632.5,4462,2383.14285714286,4409.5,2846.5,5972.5,3855.58333333333,3147,4564.16666666667,2369.25,1172.5,3566,4590.71428571429,947955.535714286,567945,445257,690633,549888.75,406782,692995.5,865658.571428571,999850.5,992628,1007073,1358091,1292931,1423251,443731.5,336150,551313,1030252.5,94147.0714285714,81425.25,42916.5,119934,82275.75,44077.5,120474,64344.8571428571,119056.5,76855.5,161257.5,104100.75,84969,123232.5,63969.75,31657.5,96282,123949.285714286
399931.554097599,4489452.87583405,"183","03","01","1830301",Zarzalejo,Zarzalejo,Zarzalejo Núcleo,"665","7","3",-4.1818347073,40.5497939748,15915,15915,19351,19351,10131,10131,20908,12209,36188,36188,37646,31831,,,,,,,,,,,,,53071,53071,56336,60809,52989,52989,56493,60966,36005,36005,48685,52461,11257,11257,14191,11103,1251,1308,3391,3391,903,962,3683,5104,2505,2588,5646,6070,,,,,,,,,,,,,3518,3021,6550,5016,3572,3036,6705,5171,2269,2181,6598,5822,808,832,2515,4169,33337.5714285714,17633,15915,19351,13344.75,10131,16558.5,30793.7142857143,35463.25,36188,34738.5,51656.6666666667,47355,55958.3333333333,11952,11257,12647,35881.4285714286,3520.89285714286,2335.25,1279.5,3391,2663,932.5,4393.5,2053.85714285714,4202.25,2546.5,5858,4454.91666666667,2932.83333333333,5977,2081,820,3342,4987.92857142857,22169485,11725945,10583475,12868415,8874258.75,6737115,11011402.5,20477820,23583061.25,24065020,23101102.5,34351683.3333333,31491075,37212291.6666667,7948080,7485905,8410255,23861150,2341393.75,1552941.25,850867.5,2255015,1770895,620112.5,2921677.5,1365815,2794496.25,1693422.5,3895570,2962519.58333333,1950334.16666667,3974705,1383865,545300,2222430,3316972.5
426649.518144517,4479656.13976195,"080","22","01","0802201",Majadahonda,Majadahonda,Majadahonda Núcleo,"73247","12","3",-3.865194117,40.4643420177,1008,1008,945,1227,2153,2153,1865,1865,30943,30943,31471,35580,,,,,,,,,,,,,15722,15722,17540,15733,15639,15639,17711,15904,3308,3308,3618,4743,10840,10840,11427,11427,167,163,753,456,335,332,678,678,1604,1626,4499,5342,,,,,,,,,,,,,1643,1125,3002,3018,1636,1163,3160,3176,482,502,1008,980,740,731,1977,1882,11795.7857142857,1047,1008,1086,2009,2153,1865,11373.2857142857,32234.25,30943,33525.5,12048.9166666667,11556.3333333333,12541.5,11133.5,10840,11427,12218.2857142857,1530.64285714286,384.75,165,604.5,505.75,333.5,678,874.928571428571,3267.75,1615,4920.5,1741.25,1091.83333333333,2390.66666666667,1332.5,735.5,1929.5,2186.35714285714,864005916.214286,76689609,73832976,79546242,147153223,157700791,136605655,833059058.714286,2361062109.75,2266481921,2455642298.5,882546999.083333,846466747.666667,918627250.5,815495474.5,793997480,836993469,894952773.714286,112114997.357143,28181783.25,12085755,44277811.5,37044670.25,24427874.5,49661466,64085893.0714286,239352884.25,118293905,360411863.5,127541338.75,79973516.1666667,175109161.333333,97601627.5,53873168.5,141330086.5,160144101.642857
421014.657493317,4481787.76299764,"080","42","01","0804201",Entreálamos,Entreálamos,Entreálamos Núcleo,"179","12","3",-3.931916631,40.4830268317,9187,9187,11876,11876,7015,7015,6593,6593,29595,29595,61784,61925,,,,,,,,,,,,,22844,22844,21997,21997,22761,22761,22168,22168,8855,8855,11013,11500,9495,9495,14496,10917,685,652,2197,1805,756,762,1257,1179,1533,1548,3924,5263,,,,,,,,,,,,,1908,1361,1930,1930,1890,1401,2088,2088,807,716,1730,2071,657,652,2519,2303,18443.1071428571,10531.5,9187,11876,6804,7015,6593,15678.8571428571,45724.75,29595,61854.5,18313.5833333333,18153.3333333333,18473.8333333333,11100.75,9495,12706.5,21207.3571428571,1700.42857142857,1334.75,668.5,2001,988.5,759,1218,1094.85714285714,3067,1540.5,4593.5,1660,1347.16666666667,1972.83333333333,1532.75,654.5,2411,2306,3301316.17857143,1885138.5,1644473,2125804,1217916,1255685,1180147,2806515.42857143,8184730.25,5297505,11071955.5,3278131.41666667,3249446.66666667,3306816.16666667,1987034.25,1699605,2274463.5,3796116.92857143,304376.714285714,238920.25,119661.5,358179,176941.5,135861,218022,195979.428571429,548993,275749.5,822236.5,297140,241142.833333333,353137.166666667,274362.25,117155.5,431569,412774
417635.225750789,4475150.71227339,"176","06","03","1760603","Raya del Palancar - Guadamonte, La",La Raya del Palancar - Guadamonte,La Raya del Palancar - Guadamonte Núcleo,"1316","6","3",-3.9709229289,40.4229132641,19878,19878,39083,40080,19361,19361,26288,19534,41855,41855,78121,49958,,,,,,,,,,,,,31749,31749,38572,39517,31666,31666,38743,39674,13645,13645,22060,14728,15185,15185,15700,17997,1328,1331,4727,5119,1585,1437,4033,4239,2281,2166,6756,8432,,,,,,,,,,,,,2712,1874,4351,4420,2660,1903,4509,4575,1185,1008,2653,3298,910,888,4430,6169,29526.1785714286,29729.75,19878,39581.5,21136,19361,22911,24762.7142857143,52947.25,41855,64039.5,28951.1666666667,25686.6666666667,32215.6666666667,16016.75,15185,16848.5,34289.6428571429,3249.25,3126.25,1329.5,4923,2823.5,1511,4136,1662,4908.75,2223.5,7594,2929,1890.33333333333,3967.66666666667,3099.25,899,5299.5,4836.5,38856451,39124351,26159448,52089254,27814976,25479076,30150876,32587732,69678581,55081180,84275982,38099735.3333333,33803653.3333333,42395817.3333333,21078043,19983460,22172626,45125170,4276013,4114145,1749622,6478668,3715726,1988476,5442976,2187192,6459915,2926126,9993704,3854564,2487678.66666667,5221449.33333333,4078613,1183084,6974142,6364834
415114.145799992,4477909.7039808,"176","04","01","1760401",Villanueva de la Cañada,Villanueva de la Cañada,Villanueva de la Cañada Núcleo,"18138","6","3",-4.0010059128,40.4475121855,21102,21102,40538,27285,19879,19879,19677,25608,45505,45505,74844,79862,,,,,,,,,,,,,34906,34906,35341,38887,34823,34823,35498,39044,17839,17839,21474,25789,25402,25402,29797,29172,1452,1480,4272,4383,1524,1412,2800,2842,2372,2325,5025,7121,,,,,,,,,,,,,2636,1944,3273,3318,2717,1975,3428,3473,1257,1155,2637,3458,1510,1423,3173,3653,32918.8571428571,27506.75,21102,33911.5,21260.75,19879,22642.5,28493.7142857143,61429,45505,77353,30930.75,29189.3333333333,32672.1666666667,27443.25,25402,29484.5,37344,2787.07142857143,2896.75,1466,4327.5,2144.5,1468,2821,1798.71428571429,4210.75,2348.5,6073,2605.91666666667,1947.33333333333,3264.5,2439.75,1466.5,3413,3775.42857142857,597082230.857143,498917431.5,382748076,615086787,385627483.5,360565302,410689665,516818989.714286,1114199202,825369690,1403028714,561021943.5,529436128,592607759,497765668.5,460741476,534789861,677345472,50551901.5714286,52541251.5,26590308,78492195,38896941,26626584,51167298,32625079.7142857,76374583.5,42597093,110152074,47266116.5,35320732,59211501,44252185.5,26599377,61904994,68478723.4285714
420015.082284315,4480522.01334125,"176","07","04","1760704",Villafranca del Castillo - La Mocha Chica,Villafranca del Castillo - La Mocha Chica,Villafranca del Castillo - La Mocha Chica Núcleo,"3898","6","3",-3.9435490709,40.471529481,26304,26304,43038,46765,9146,9146,11945,11787,31726,31726,64654,67813,,,,,,,,,,,,,24975,24975,25505,25505,24892,24892,25308,25308,9644,9644,13010,12568,11626,11626,13859,15437,1600,1546,4922,4885,872,899,1925,2189,1645,1691,4204,5711,,,,,,,,,,,,,2020,1517,2257,2161,1990,1558,2443,2352,833,757,1918,1750,780,784,2514,2232,24254.5714285714,35602.75,26304,44901.5,10506,9146,11866,19759,48979.75,31726,66233.5,20518.8333333333,19837,21200.6666666667,13137,11626,14648,28750.1428571429,2141.25,3238.25,1573,4903.5,1471.25,885.5,2057,1320.85714285714,3312.75,1668,4957.5,1796.33333333333,1445.83333333333,2146.83333333333,1577.5,782,2373,2961.64285714286,94544319.4285714,138779519.5,102532992,175026047,40952388,35651108,46253668,77020582,190923065.5,123667948,258178183,79982412.3333333,77324626,82640198.6666667,51208026,45318148,57097904,112068056.857143,8346592.5,12622698.5,6131554,19113843,5734932.5,3451679,8018186,5148701.14285714,12913099.5,6501864,19324335,7002107.33333333,5635858.33333333,8368356.33333333,6149095,3048236,9249954,11544483.8571429
413909.889731528,4508792.82373607,"093","01","01","0930101",Navacerrada,Navacerrada,Navacerrada Núcleo,"3304","19","3",-4.019420298,40.7255669297,25091,25091,52940,33207,10839,10839,16680,22450,10884,10884,16726,22496,,,,,,,,,,,,,48241,48241,53313,55360,48158,48158,53484,55531,39358,39358,48964,50844,2901,2901,3325,3325,1553,1571,6624,4738,803,794,2261,3196,820,810,2299,3234,,,,,,,,,,,,,2789,2365,4170,4011,2748,2388,4328,4169,2143,2016,5812,5953,399,412,1835,1752,30699.6071428571,34082.25,25091,43073.5,15202,10839,19565,26496,15247.5,10884,19611,49084.1666666667,45252.3333333333,52916,3113,2901,3325,34903.2142857143,2714.03571428571,3621.5,1562,5681,1763.5,798.5,2728.5,1543.64285714286,1790.75,815,2766.5,3574.33333333333,2408.16666666667,4740.5,1099.5,405.5,1793.5,3884.42857142857,101431502,112607754,82900664,142314844,50227408,35812056,64642760,87542784,50377740,35960736,64794744,162174086.666667,149513709.333333,174834464,10285352,9584904,10985800,115320220,8967174,11965436,5160848,18770024,5826604,2638244,9014964,5100196,5916638,2692760,9140516,11809597.3333333,7956582.66666667,15662612,3632748,1339772,5925724,12834152
417944.919351249,4503688.03642968,"090","01","01","0900101",Moralzarzal,Moralzarzal,Moralzarzal Núcleo,"13710","19","3",-3.9709789131,40.6799980908,20401,20401,45981,28162,6124,6124,6683,9822,6170,6170,6729,9868,,,,,,,,,,,,,43452,43452,44169,44200,43369,43369,44340,44371,34570,34570,68450,65106,5997,5997,9519,7651,1338,1328,4469,4628,653,622,1669,1767,670,639,1707,1805,,,,,,,,,,,,,2715,2279,2602,2602,2695,2307,2760,2760,2027,1897,5468,5631,624,584,1257,1295,26972.0357142857,28736.25,20401,37071.5,7188.25,6124,8252.5,22869,7234.25,6170,8298.5,46118.1666666667,40463.6666666667,51772.6666666667,7291,5997,8585,31075.0714285714,2171.35714285714,2940.75,1333,4548.5,1177.75,637.5,1718,1455.57142857143,1205.25,654.5,1756,2978.58333333333,2320,3637.16666666667,940,604,1276,2887.14285714286,369786609.642857,393973987.5,279697710,508250265,98550907.5,83960040,113141775,313533990,99181567.5,84590700,113772435,632280065,554756870,709803260,99959610,82218870,117700350,426039229.285714,29769306.4285714,40317682.5,18275430,62359935,16146952.5,8740125,23553780,19955884.2857143,16523977.5,8973195,24074760,40836377.5,31807200,49865555,12887400,8280840,17493960,39582728.5714286
417227.682806148,4506543.48871564,"090","03","01","0900301","Arroyuelos, Los",Los Arroyuelos,Los Arroyuelos Núcleo,"43","19","3",-3.979841725,40.7056466097,20937,20937,47479,27746,10090,10090,11219,16989,10136,10136,11265,17035,,,,,,,,,,,,,47492,47492,47853,49899,47409,47409,48024,50070,38609,38609,43503,45383,7696,7696,9569,9569,1364,1351,6626,4704,925,901,1985,3162,945,916,2023,3200,,,,,,,,,,,,,2942,2460,4172,3977,2925,2498,4330,4135,2256,2124,5814,5919,819,791,2545,2545,28583.6071428571,29274.75,20937,37612.5,12097,10090,14104,26052.7142857143,12143,10136,14150,45979.3333333333,44503.3333333333,47455.3333333333,8632.5,7696,9569,31114.5,2798.35714285714,3511.25,1357.5,5665,1743.25,913,2573.5,1658.35714285714,1771,930.5,2611.5,3629.33333333333,2534.16666666667,4724.5,1675,805,2545,3938.35714285714,1229095.10714286,1258814.25,900291,1617337.5,520171,433870,606472,1120266.71428571,522149,435848,608450,1977111.33333333,1913643.33333333,2040579.33333333,371197.5,330928,411467,1337923.5,120329.357142857,150983.75,58372.5,243595,74959.75,39259,110660.5,71309.3571428571,76153,40011.5,112294.5,156061.333333333,108969.166666667,203153.5,72025,34615,109435,169349.357142857
419409.725334203,4506197.70714304,"090","07","01","0900701","Berrocal- El Retamar, El",El Berrocal- El Retamar,El Berrocal- El Retamar Núcleo,"737","19","3",-3.9539701619,40.7027483409,18236,18236,25389,25364,9794,9794,12321,11307,9840,9840,12367,11353,,,,,,,,,,,,,51738,47122,47390,47421,51655,47039,47561,47592,38239,38239,43116,65110,7788,7788,12156,15662,1141,1135,3274,2837,1033,1006,2624,2119,1055,1024,2662,2157,,,,,,,,,,,,,2858,2635,3342,3565,2868,2667,3500,3723,2391,2301,6071,6428,581,575,3784,4887,28194.8928571429,21806.25,18236,25376.5,10804,9794,11814,26096.2857142857,10850,9840,11860,47685.1666666667,45672,49698.3333333333,10848.5,7788,13909,30293.5,2651.53571428571,2096.75,1138,3055.5,1695.5,1019.5,2371.5,1662.14285714286,1724.5,1039.5,2409.5,3529.08333333333,2620,4438.16666666667,2456.75,578,4335.5,3640.92857142857,20779636.0357143,16071206.25,13439932,18702480.5,7962548,7218178,8706918,19232962.5714286,7996450,7252080,8740820,35143967.8333333,33660264,36627671.6666667,7995344.5,5739756,10250933,22326309.5,1954181.82142857,1545304.75,838706,2251903.5,1249583.5,751371.5,1747795.5,1224999.28571429,1270956.5,766111.5,1775801.5,2600934.41666667,1930940,3270928.83333333,1810624.75,425986,3195263.5,2683364.35714286
416838.470185077,4475705.36968542,"026","03","01","0260301","Valle de los Rosales, El",El Valle de los Rosales,El Valle de los Rosales Núcleo,"991","6","3",-3.9803863979,40.4278302658,20330,20330,39246,41337,22883,20442,26451,33070,42935,42935,77263,82403,,,,,,,,,,,,,32830,32830,37714,45499,32747,32747,37885,45656,14726,14726,22223,28580,15638,15638,15863,17958,1364,1376,4824,6860,1631,1558,4130,5212,2403,2295,6695,7646,,,,,,,,,,,,,2801,1980,4290,5452,2777,2001,4448,5607,1300,1123,2750,5666,948,932,4527,5508,32603.0357142857,30310.75,20330,40291.5,25711.5,21662.5,29760.5,25838.3571428571,61384,42935,79833,31513.5833333333,26767.6666666667,36259.5,16274.25,15638,16910.5,39367.7142857143,3503.71428571429,3606,1370,5842,3132.75,1594.5,4671,1749.21428571429,4759.75,2349,7170.5,3349.58333333333,1997,4702.16666666667,2978.75,940,5017.5,5258.21428571429,32309608.3928571,30037953.25,20147030,39928876.5,25480096.5,21467537.5,29492655.5,25605811.9285714,60831544,42548585,79114503,31229961.0833333,26526757.6666667,35933164.5,16127781.75,15497258,16758305.5,39013404.8571429,3472180.85714286,3573546,1357670,5789422,3104555.25,1580149.5,4628961,1733471.35714286,4716912.25,2327859,7105965.5,3319437.08333333,1979027,4659847.16666667,2951941.25,931540,4972342.5,5210890.35714286
415351.324678093,4472998.10455914,"026","01","01","0260101",Brunete,Brunete,Brunete Núcleo,"9783","6","3",-3.9975555273,40.4032938146,16072,16072,15427,17421,21545,21545,26020,31959,44038,44038,84336,87506,,,,,,,,,,,,,40422,40422,41687,47443,40339,40339,41844,47600,15829,15829,16985,16985,11379,11379,12953,10959,1058,1097,3281,3319,1675,1548,3227,3455,2389,2270,5626,7404,,,,,,,,,,,,,2629,1977,3700,3717,2605,2028,3855,3872,1283,1114,1994,1808,645,652,2436,2212,31370.4642857143,16248,16072,16424,25267.25,21545,28989.5,27089.1428571429,64979.5,44038,85921,33810.3333333333,32196.6666666667,35424,11667.5,11379,11956,35651.7857142857,2602.71428571429,2188.75,1077.5,3300,2476.25,1611.5,3341,1640.71428571429,4422.25,2329.5,6515,2548.5,1939.33333333333,3157.66666666667,1486.25,648.5,2324,3564.71428571429,306897252.107143,158954184,157232376,160675992,247189506.75,210774735,283604278.5,265013084.571429,635694448.5,430823754,840565143,330766491,314979990,346552992,114143152.5,111320757,116965548,348781419.642857,25462353.8571429,21412541.25,10541182.5,32283900,24225153.75,15765304.5,32685003,16051107.8571429,43262871.75,22789498.5,63736245,24931975.5,18972498,30891453,14539983.75,6344275.5,22735692,34873599.8571429
414642.439147666,4474911.77632013,"026","02","01","0260201","Dehesa, La",La Dehesa,La Dehesa Núcleo,"84","6","3",-4.0061650114,40.420459357,18218,18218,36554,19651,22979,22979,32378,31668,46064,46064,84366,84645,,,,,,,,,,,,,38006,38006,45251,44874,37923,37923,45408,45031,20939,20939,27850,18131,13525,13525,13240,15183,1211,1213,4598,4659,1583,1482,4433,4205,2540,2395,6397,7475,,,,,,,,,,,,,2743,2031,4483,4481,2751,2061,4638,4636,1322,1230,3802,3028,790,775,4301,3691,33554.9285714286,23160.25,18218,28102.5,27501,22979,32023,28236.2857142857,65284.75,46064,84505.5,35023.4166666667,32289.3333333333,37757.5,13868.25,13525,14211.5,38873.5714285714,3176.92857142857,2920.25,1212,4628.5,2925.75,1532.5,4319,1723.35714285714,4701.75,2467.5,6936,3100.5,2023,4178,2389.25,782.5,3996,4630.5,2818614,1945461,1530312,2360610,2310084,1930236,2689932,2371848,5483919,3869376,7098462,2941967,2712304,3171630,1164933,1136100,1193766,3265380,266862,245301,101808,388794,245763,128730,362796,144762,394947,207270,582624,260442,169932,350952,200697,65730,335664,388962
410547.061900889,4475790.23560621,"119","02","02","1190202",Quijorna,Quijorna,Quijorna Núcleo,"3927","6","3",-4.054555885,40.4279420168,25472,25472,29939,29939,25237,25237,28008,25537,50863,50863,82178,80717,,,,,,,,,,,,,40264,40264,41203,41214,40181,40181,41360,41371,23197,23197,27336,27336,20779,20779,25471,25471,1615,1649,8112,8112,1679,1614,6855,6656,2547,2543,11021,9434,,,,,,,,,,,,,2842,2134,7218,7218,2814,2180,7373,7373,1423,1353,7018,7194,1201,1214,7345,7345,35680.9285714286,27705.5,25472,29939,26004.75,25237,26772.5,32284.7142857143,66155.25,50863,81447.5,35592,34547.3333333333,36636.6666666667,23125,20779,25471,39077.1428571429,4824.35714285714,4872,1632,8112,4201,1646.5,6755.5,1914.85714285714,6386.25,2545,10227.5,4678.33333333333,2124.33333333333,7232.33333333333,4276.25,1207.5,7345,7733.85714285714,140119006.5,108799498.5,100028544,117570453,102120653.25,99105699,105135607.5,126782073,259791666.75,199739001,319844332.5,139769784,135667378,143872190,90811875,81599133,100024617,153455940,18945250.5,19132344,6408864,31855824,16497327,6465805.5,26528848.5,7519644,25078803.75,9994215,40163392.5,18371815,8342257,28401373,16792833.75,4741852.5,28843815,30370857
408658.72905631,4483505.98765124,"160","12","03","1601203","Charquillas, Las",Las Charquillas,Las Charquillas Núcleo,"47","7","3",-4.07792412,40.4972363487,15514,15514,19032,19032,14304,14304,20589,20589,25262,25262,82071,28176,,,,,,,,,,,,,40674,40674,38588,38942,40591,40591,38745,38745,23608,23608,29858,29858,11473,11473,13872,13872,1186,1198,3084,3084,1226,1282,3239,3239,2321,2234,6298,5845,,,,,,,,,,,,,2787,2179,3014,3031,2847,2245,3169,3193,1570,1475,3507,3471,807,790,2526,2526,27672.1785714286,17273,15514,19032,17446.5,14304,20589,24489.4285714286,40192.75,25262,55123.5,35373.5,34957.6666666667,35789.3333333333,12672.5,11473,13872,30854.9285714286,2620.46428571429,2138,1192,3084,2246.5,1254,3239,1724.78571428571,4174.5,2277.5,6071.5,2707.33333333333,2183.83333333333,3230.83333333333,1662.25,798.5,2526,3516.14285714286,1300592.39285714,811831,729158,894504,819985.5,672288,967683,1151003.14285714,1889059.25,1187314,2590804.5,1662554.5,1643010.33333333,1682098.66666667,595607.5,539231,651984,1450181.64285714,123161.821428571,100486,56024,144948,105585.5,58938,152233,81064.9285714286,196201.5,107042.5,285360.5,127244.666666667,102640.166666667,151849.166666667,78125.75,37529.5,118722,165258.714285714
409966.386170815,4483821.03411738,"160","12","02","1601202",Valdemorillo,Valdemorillo,Valdemorillo Núcleo,"5950","7","3",-4.0625396874,40.5002170145,17539,17539,18771,18771,16342,16342,20359,20359,23797,23797,26674,26530,,,,,,,,,,,,,38590,38590,37962,39056,38507,38507,38133,38859,21524,21524,29757,29972,13511,13511,13642,13642,1270,1268,2259,2259,1305,1364,2452,2452,2220,2159,4791,5091,,,,,,,,,,,,,2729,2032,3594,3007,2814,2097,3752,3169,1396,1264,4346,3447,888,872,1739,1739,25432.3928571429,18155,17539,18771,18350.5,16342,20359,24258.5714285714,25199.5,23797,26602,34248.4166666667,32873.6666666667,35623.1666666667,13576.5,13511,13642,26606.2142857143,2420.53571428571,1764,1269,2259,1893.25,1334.5,2452,1691.28571428571,3565.25,2189.5,4941,2803.91666666667,2055.33333333333,3552.5,1309.5,880,1739,3149.78571428571,151322737.5,108022250,104357050,111687450,109185475,97234900,121136050,144338500,149937025,141592150,158281900,203778079.166667,195598316.666667,211957841.666667,80780175,80390450,81169900,158306975,14402187.5,10495800,7550550,13441050,11264837.5,7940275,14589400,10063150,21213237.5,13027525,29398950,16683304.1666667,12229233.3333333,21137375,7791525,5236000,10347050,18741225
412424.693471554,4482410.50311952,"160","03","01","1600301",Navarredonda,Navarredonda,Navarredonda Núcleo,"2518","7","3",-4.0333373522,40.4877746501,18925,18925,22053,22032,22888,22888,29691,29691,25183,25183,76456,28940,,,,,,,,,,,,,37914,37914,42863,43217,37832,37832,43020,43020,20848,20848,34133,34133,14898,14898,16924,16903,1263,1315,3272,3636,1538,1462,3667,3667,2267,2238,5420,6318,,,,,,,,,,,,,2704,2007,3862,3915,2679,2027,4017,4077,1276,1197,4355,4355,884,909,2752,3116,30001.8571428571,20483.75,18925,22042.5,26289.5,22888,29691,25498.2857142857,38940.5,25183,52698,36131.1666666667,32198,40064.3333333333,15905.75,14898,16913.5,34505.4285714286,2864.10714285714,2371.5,1289,3454,2583.5,1500,3667,1697.57142857143,4060.75,2252.5,5869,3039.25,1981.66666666667,4096.83333333333,1915.25,896.5,2934,4030.64285714286,75544676.2857143,51578082.5,47653150,55503015,66196961,57631984,74761938,64204683.4285714,98052179,63410794,132693564,90978277.6666667,81074564,100881991.333333,40050678.5,37513164,42588193,86884669.1428571,7211821.78571429,5971437,3245702,8697172,6505253,3777000,9233506,4274484.85714286,10224968.5,5671795,14778142,7652831.5,4989836.66666667,10315826.3333333,4822599.5,2257387,7387812,10149158.7142857
407752.043745687,4480024.38061059,"160","02","01","1600201",Cerro Alarcón,Cerro Alarcón,Cerro Alarcón Núcleo,"2974","7","3",-4.08811561,40.4657757577,19344,19344,27793,66853,18133,18133,29350,66018,28703,28703,90651,87744,,,,,,,,,,,,,43496,43496,51102,48195,43413,43413,51273,48366,26429,26429,43332,39663,15303,15303,22633,62251,1408,1468,4814,6584,1452,1562,4969,5989,2587,2576,6396,6096,,,,,,,,,,,,,2998,2366,3991,3991,3076,2470,4149,4149,1738,1625,4763,4433,1037,1038,4256,5603,40173.7857142857,33333.5,19344,47323,32908.5,18133,47684,27831.5714285714,58950.25,28703,89197.5,42383.9166666667,37779.3333333333,46988.5,28872.5,15303,42442,52516,3485.14285714286,3568.5,1438,5699,3493,1507,5479,1957.21428571429,4413.75,2581.5,6246,3312.41666666667,2378.83333333333,4246,2983.5,1037.5,4929.5,5013.07142857143,119476838.714286,99133829,57529056,140738602,97869879,53927542,141812216,82771093.4285714,175318043.5,85362722,265273365,126049768.166667,112355737.333333,139743799,85866815,45511122,126222508,156182584,10364814.8571429,10612719,4276612,16948826,10388182,4481818,16294546,5820755.28571429,13126492.5,7677381,18575604,9851127.16666667,7074650.33333333,12627604,8872929,3085525,14660333,14908874.4285714
406609.971671642,4487712.78945239,"160","05","01","1600501",Dehesa,Dehesa,Dehesa Núcleo,"1212","7","3",-4.1027181293,40.5349003653,9969,9969,13393,13110,8759,8759,14667,14667,30241,30241,31688,31034,,,,,,,,,,,,,44726,44726,50378,50095,44643,44643,50535,50252,27660,27660,42727,41507,5928,5928,8233,7950,807,831,3567,2373,854,918,2528,2528,2040,2077,5822,6383,,,,,,,,,,,,,3007,2301,6726,6659,2978,2345,6881,6814,1623,1517,6774,7092,425,427,2691,1815,27288.8571428571,11610.25,9969,13251.5,11713,8759,14667,24560.8571428571,30801,30241,31361,43296,39009.6666666667,47582.3333333333,7009.75,5928,8091.5,30016.8571428571,3242.96428571429,1894.5,819,2970,1707,886,2528,1582.14285714286,4080.5,2058.5,6102.5,4559.75,2295.16666666667,6824.33333333333,1339.5,426,2253,4903.78571428571,33074094.8571429,14071623,12082428,16060818,14196156,10615908,17776404,29767758.8571429,37330812,36652092,38009532,52474752,47279716,57669788,8495817,7184736,9806898,36380430.8571429,3930472.71428571,2296134,992628,3599640,2068884,1073832,3063936,1917557.14285714,4945566,2494902,7396230,5526417,2781742,8271092,1623474,516312,2730636,5943388.28571429
410058.052496526,4486545.41977267,"160","06","01","1600601","Paraíso, El",El Paraíso,El Paraíso Núcleo,"475","7","3",-4.061845119,40.5247667297,17414,17414,23153,27506,16217,16217,24741,26131,22050,22050,83912,25415,,,,,,,,,,,,,40988,40988,44363,45255,40905,40905,44534,45426,23921,23921,36593,37060,13386,13386,18023,22364,1261,1310,5625,5392,1309,1413,5818,4739,2141,2134,7245,6046,,,,,,,,,,,,,2954,2214,4840,7952,2933,2253,4998,8110,1534,1428,5612,8047,882,901,5105,4353,30508.5,21371.75,17414,25329.5,20826.5,16217,25436,24983,38356.75,22050,54663.5,38738.25,35271.3333333333,42205.1666666667,16789.75,13386,20193.5,36034,3876.75,3397,1285.5,5508.5,3319.75,1361,5278.5,1761.92857142857,4391.5,2137.5,6645.5,4406.25,2219.33333333333,6593.16666666667,2810.25,891.5,4729,5991.57142857143,14491537.5,10151581.25,8271650,12031512.5,9892587.5,7703075,12082100,11866925,18219456.25,10473750,25965162.5,18400668.75,16753883.3333333,20047454.1666667,7975131.25,6358350,9591912.5,17116150,1841456.25,1613575,610612.5,2616537.5,1576881.25,646475,2507287.5,836916.071428571,2085962.5,1015312.5,3156612.5,2092968.75,1054183.33333333,3131754.16666667,1334868.75,423462.5,2246275,2845996.42857143
406872.017387663,4489415.59737976,"160","15","01","1601501",Montemorillo,Montemorillo,Montemorillo Núcleo,"73","7","3",-4.0998753944,40.5502675397,10350,10350,13756,13473,9153,9153,15061,15061,30635,30635,32082,31428,,,,,,,,,,,,,45951,45951,50772,50489,45868,45868,50929,50646,28884,28884,43121,41901,6322,6322,8627,8344,866,889,3803,2614,910,974,2807,2807,2104,2134,6096,6662,,,,,,,,,,,,,3073,2409,7000,6938,3061,2419,7155,7093,1719,1623,7048,7371,486,485,2965,2094,27857.7142857143,11982.25,10350,13614.5,12107,9153,15061,25309,31195,30635,31755,44105.3333333333,40234.3333333333,47976.3333333333,7403.75,6322,8485.5,30406.4285714286,3414.46428571429,2043,877.5,3208.5,1874.5,942,2807,1653.71428571429,4249,2119,6379,4742.41666666667,2384,7100.83333333333,1507.5,485.5,2529.5,5175.21428571429,2033613.14285714,874704.25,755550,993858.5,883811,668169,1099453,1847557,2277235,2236355,2318115,3219689.33333333,2937106.33333333,3502272.33333333,540473.75,461506,619441.5,2219669.28571429,249255.892857143,149139,64057.5,234220.5,136838.5,68766,204911,120721.142857143,310177,154687,465667,346196.416666667,174032,518360.833333333,110047.5,35441.5,184653.5,377790.642857143
407358.742716836,4487390.79109006,"160","09","01","1600901","Pizarrera, La",La Pizarrera,La Pizarrera Núcleo,"229","7","3",-4.0766616534,40.5467885145,12654,12654,16863,16863,11457,11457,18420,18420,32940,32940,85411,85411,,,,,,,,,,,,,48255,48255,45862,45862,48172,48172,46033,46033,31189,31189,38092,38092,8626,8626,11703,11703,1031,1054,4058,4058,1064,1141,4213,4213,2291,2316,9718,9718,,,,,,,,,,,,,3233,2589,6713,6713,3204,2609,6871,6871,1873,1778,7001,7001,660,654,3500,3500,32548.3571428571,14758.5,12654,16863,14938.5,11457,18420,27613.2857142857,59175.5,32940,85411,42933.8333333333,42538.6666666667,43329,10164.5,8626,11703,37483.4285714286,3915.89285714286,2550.25,1042.5,4058,2657.75,1102.5,4213,1821.21428571429,6010.75,2303.5,9718,4704.66666666667,2547.66666666667,6861.66666666667,2078.5,657,3500,6010.57142857143,7453573.78571429,3379696.5,2897766,3861627,3420916.5,2623653,4218180,6323442.42857143,13551189.5,7543260,19559119,9831847.83333333,9741354.66666667,9922341,2327670.5,1975354,2679987,8583705.14285714,896739.464285714,584007.25,238732.5,929282,608624.75,252472.5,964777,417058.071428571,1376461.75,527501.5,2225422,1077368.66666667,583415.666666667,1571321.66666667,475976.5,150453,801500,1376420.85714286
411452.23804968,4485100.65595265,"160","08","01","1600801",Pino Alto,Pino Alto,Pino Alto Núcleo,"521","7","3",-4.0451859925,40.511903104,16786,16786,20805,20805,15588,15588,22393,22393,22080,22080,26712,26568,,,,,,,,,,,,,39377,39377,39123,39105,39294,39294,39294,39276,22311,22311,30918,30918,12758,12758,15675,15675,1198,1246,3625,3625,1241,1338,3818,3818,2148,2117,5460,5760,,,,,,,,,,,,,2801,2079,4845,4845,2774,2124,5003,5003,1398,1298,5597,5000,820,833,3105,3105,25930.2857142857,18795.5,16786,20805,18990.5,15588,22393,24027.7142857143,24360,22080,26640,35049.8333333333,33660.6666666667,36439,14216.5,12758,15675,27832.8571428571,3072.28571428571,2423.5,1222,3625,2553.75,1289.5,3818,1672.5,3871.25,2132.5,5610,3563.91666666667,2079,5048.83333333333,1965.75,826.5,3105,4472.07142857143,13509678.8571429,9792455.5,8745506,10839405,9894050.5,8121348,11666753,12518439.1428571,12691560,11503680,13879440,18260963.1666667,17537207.3333333,18984719,7406796.5,6646918,8166675,14500918.5714286,1600660.85714286,1262643.5,636662,1888625,1330503.75,671829.5,1989178,871372.5,2016921.25,1111032.5,2922810,1856800.58333333,1083159,2630442.16666667,1024155.75,430606.5,1617705,2329949.21428571
413544.523721857,4499584.44424973,"010","18","01","0101801","Negrales - Los Llanos, Los",Los Negrales - Los Llanos,Los Negrales - Los Llanos Núcleo,"3355","15","3",-4.0224776245,40.6425860546,2787,2787,4084,4084,3422,3422,6458,5687,3468,3468,6504,5733,,,,,,,,,,,,,38651,38651,39168,39206,38568,38568,39339,39377,29768,29768,35315,34945,2879,4020,4543,3856,386,418,1095,1095,423,428,1347,1280,438,441,1385,1318,,,,,,,,,,,,,2362,1911,3249,3255,2326,1955,3407,3413,1667,1547,5093,4661,388,432,1235,1407,18161.6428571429,3435.5,2787,4084,4747.25,3422,6072.5,17159.0714285714,4793.25,3468,6118.5,36777,35662.3333333333,37891.6666666667,3824.5,3449.5,4199.5,19164.2142857143,1727.21428571429,748.5,402,1095,869.5,425.5,1313.5,1080.14285714286,895.5,439.5,1351.5,2903.83333333333,1961.33333333333,3846.33333333333,865.5,410,1321,2374.28571428571,60932311.7857143,11526102.5,9350385,13701820,15927023.75,11480810,20373237.5,57568684.6428571,16081353.75,11635140,20527567.5,123386835,119647128.333333,127126541.666667,12831197.5,11573072.5,14089322.5,64295938.9285714,5794803.92857143,2511217.5,1348710,3673725,2917172.5,1427552.5,4406792.5,3623879.28571429,3004402.5,1474522.5,4534282.5,9742360.83333333,6580273.33333333,12904448.3333333,2903752.5,1375550,4431955,7965728.57142857
414193.828526059,4500954.74164385,"010","17","01","0101701",Valdencina,Valdencina,Valdencina Núcleo,"350","15","3",-4.014986688,40.6549965667,3995,3995,5767,6534,1892,1892,1569,2033,1938,1938,1615,2079,,,,,,,,,,,,,39294,39294,40889,40889,39211,39211,41060,41060,30412,30412,37008,37078,2490,2490,6226,4193,576,502,1284,2055,323,320,1293,844,338,339,1331,882,,,,,,,,,,,,,2413,1914,3444,3444,2395,1955,3602,3602,1748,1555,5357,5819,377,322,1499,1493,18088,5072.75,3995,6150.5,1846.5,1892,1801,17033.1428571429,1892.5,1938,1847,37984.8333333333,36305.6666666667,39664,3849.75,2490,5209.5,19142.8571428571,1822.35714285714,1104.25,539,1669.5,695,321.5,1068.5,1076.92857142857,722.5,338.5,1106.5,3104,1996.66666666667,4211.33333333333,922.75,349.5,1496,2567.78571428571,6330800,1775462.5,1398250,2152675,646275,662200,630350,5961600,662375,678300,646450,13294691.6666667,12706983.3333333,13882400,1347412.5,871500,1823325,6700000,637825,386487.5,188650,584325,243250,112525,373975,376925,252875,118475,387275,1086400,698833.333333333,1473966.66666667,322962.5,122325,523600,898725
412610.214075664,4501112.5364138,"010","01","01","0100101",Alpedrete,Alpedrete,Alpedrete Núcleo,"11950","15","3",-4.0337380613,40.65625171,5353,5587,6805,6805,3484,3484,9283,4353,3530,3530,9329,4399,,,,,,,,,,,,,40886,40886,41890,41928,40803,40803,42061,42099,32004,32004,36627,37667,4082,4082,6971,8546,664,653,1398,1399,455,466,2137,1138,475,480,2175,1176,,,,,,,,,,,,,2538,2051,3552,3553,2504,2082,3710,3711,1858,1699,5092,5085,509,469,1488,2501,19974.3214285714,6137.5,5470,6805,5151,3484,6818,18608.4285714286,5197,3530,6864,39138.1666666667,37897.6666666667,40378.6666666667,5920.25,4082,7758.5,21340.2142857143,1964.92857142857,1028.5,658.5,1398.5,1049,460.5,1637.5,1207.35714285714,1076.5,477.5,1675.5,3119.58333333333,2122,4117.16666666667,1241.75,489,1994.5,2722.5,238693141.071429,73343125,65366500,81319750,61554450,41633800,81475100,222370721.428571,62104150,42183500,82024800,467701091.666667,452877116.666667,482525066.666667,70746987.5,48779900,92714075,255015560.714286,23480896.4285714,12290575,7869075,16712075,12535550,5502975,19568125,14427917.8571429,12864175,5706125,20022225,37279020.8333333,25357900,49200141.6666667,14838912.5,5843550,23834275,32533875
433279.570022039,4472357.10989498,"115","20","01","1152001",Arroyo Meaques,Arroyo Meaques,Arroyo Meaques Núcleo,"5167","21","3",-3.786231537,40.399149214,6612,6612,10300,7353,8456,8456,11109,10992,42383,42383,52817,53910,,,,,,,,,,,,,22684,22684,12990,12990,22601,22601,13147,13147,14220,14220,17058,18512,2392,2392,3444,3222,664,592,2748,2426,1720,1188,2672,2684,2029,2031,6157,6516,,,,,,,,,,,,,2121,1316,2504,2504,2082,1352,2659,2659,929,917,3548,3471,296,287,1054,944,17131.6785714286,7719.25,6612,8826.5,9753.25,8456,11050.5,17049.7142857143,47873.25,42383,53363.5,17237.8333333333,19835,14640.6666666667,2862.5,2392,3333,17213.6428571429,2145.35714285714,1607.5,628,2587,2066,1454,2678,1251.71428571429,4183.25,2030,6336.5,2171.83333333333,1452.83333333333,2890.83333333333,645.25,291.5,999,3039,88519383.1785714,39885364.75,34164204,45606525.5,50395042.75,43692152,57097933.5,88095873.7142857,247361082.75,218992961,275729204.5,89067884.8333333,102487445,75648324.6666667,14790537.5,12359464,17221611,88942892.6428571,11085060.3571429,8305952.5,3244876,13367029,10675022,7512818,13837226,6467607.71428571,21614852.75,10489010,32740695.5,11221862.8333333,7506789.83333333,14936935.8333333,3334006.75,1506180.5,5161833,15702513
433890.580759027,4473085.27480559,"115","01","01","1150101","Ángeles, Los",Los Ángeles,Los Ángeles Núcleo,"1728","21","3",-3.7791076634,40.4057575018,5764,5764,7485,7485,9052,9052,10779,10779,40456,40456,41097,41721,,,,,,,,,,,,,23869,23869,13424,13424,23786,23786,13581,13581,12293,12293,13326,13596,2988,2988,3260,3260,633,572,2112,2238,1822,1278,2784,2844,1992,1943,6037,6391,,,,,,,,,,,,,2233,1372,2880,2880,2235,1409,3035,3035,891,846,3122,2787,419,395,1090,1090,15829.0714285714,6624.5,5764,7485,9915.5,9052,10779,16886.8571428571,40932.5,40456,41409,16735.6666666667,19982.6666666667,13488.6666666667,3124,2988,3260,14771.2857142857,2155.89285714286,1388.75,602.5,2175,2182,1550,2814,1288.57142857143,4090.75,1967.5,6214,2227.08333333333,1497.66666666667,2956.5,748.5,407,1090,3023.21428571429,27352635.4285714,11447136,9960192,12934080,17133984,15641856,18626112,29180489.1428571,70731360,69907968,71554752,28919232,34530048,23308416,5398272,5163264,5633280,25524781.7142857,3725382.85714286,2399760,1041120,3758400,3770496,2678400,4862592,2226651.42857143,7068816,3399840,10737792,3848400,2587968,5108832,1293408,703296,1883520,5224114.28571429
432000.000009304,4474047.17992648,"115","23","01","1152301",Húmera-Somosaguas,Húmera-Somosaguas,Húmera-Somosaguas Núcleo,"16845","21","3",-3.801489148,40.4142703427,4676,4676,5493,6926,12636,12636,13057,13057,38587,38587,41518,57286,,,,,,,,,,,,,12924,12924,16236,14559,12841,12841,16407,14730,10424,10424,11708,12572,1691,1691,1948,1773,539,502,1886,1987,1545,966,3447,3563,1827,1828,6205,7706,,,,,,,,,,,,,1729,1026,3608,3583,1704,1068,3766,3741,733,712,2214,2536,176,170,775,550,14815.2857142857,5442.75,4676,6209.5,12846.5,12636,13057,13397,43994.5,38587,49402,13215.8333333333,12063,14368.6666666667,1775.75,1691,1860.5,16233.5714285714,2146.14285714286,1228.5,520.5,1936.5,2380.25,1255.5,3505,1037.5,4391.5,1827.5,6955.5,2201.66666666667,1162,3241.33333333333,417.75,173,662.5,3254.78571428571,249563487.857143,91683123.75,78767220,104599027.5,216399292.5,212853420,219945165,225672465,741087352.5,649998015,832176690,222620712.5,203201235,242040190,29912508.75,28484895,31340122.5,273454510.714286,36151776.4285714,20694082.5,8767822.5,32620342.5,40095311.25,21148897.5,59041725,17476687.5,73974817.5,30784237.5,117165397.5,37087075,19573890,54600260,7036998.75,2914185,11159812.5,54826865.3571429
428128.47949054,4475891.80509812,"115","24","01","1152401",Monteclaro-La Cabaña,Monteclaro-La Cabaña,Monteclaro-La Cabaña Núcleo,"5999","21","3",-3.8473251079,40.4305617061,9090,9090,10463,10451,12331,12331,7832,12285,37499,37499,36865,40061,,,,,,,,,,,,,17784,17784,23629,18048,17701,17701,23786,18219,9336,9336,5840,6508,6644,6644,9115,9115,771,702,4166,4107,1113,1073,3459,3719,1899,1896,7161,7941,,,,,,,,,,,,,2024,1213,4922,4058,1971,1244,5077,4216,809,780,2798,2751,596,557,3481,3481,16178.1071428571,9773.5,9090,10457,11194.75,12331,10058.5,15769.2857142857,37981,37499,38463,15472.6666666667,14940.3333333333,16005,7879.5,6644,9115,16586.9285714286,2785.17857142857,2436.5,736.5,4136.5,2341,1093,3589,1189.14285714286,4724.25,1897.5,7551,2655.25,1340.16666666667,3970.33333333333,2028.75,576.5,3481,4381.21428571429,97052464.75,58631226.5,54530910,62731543,67157305.25,73973669,60340941.5,94599945,227848019,224956501,230739537,92820527.3333333,89627059.6666667,96013995,47269120.5,39857356,54680885,99504984.5,16708286.25,14616563.5,4418263.5,24814863.5,14043659,6556907,21530411,7133668,28340775.75,11383102.5,45298449,15928844.75,8039659.83333333,23818029.6666667,12170471.25,3458423.5,20882519,26282904.5
431906.652526044,4477050.80784119,"115","04","01","1150401",Pozuelo de Alarcón,Pozuelo de Alarcón,Pozuelo de Alarcón Núcleo,"59169","21","3",-3.80291101,40.4413201384,2382,3269,2031,2031,13061,13061,12036,9655,38229,38229,34980,39958,,,,,,,,,,,,,10264,10264,11010,11827,10181,10181,11181,11998,10066,10066,16940,10145,3440,3440,3399,3399,343,349,1030,1030,987,1003,3094,2307,1779,1836,4672,4892,,,,,,,,,,,,,1601,953,2732,2767,1566,985,2890,2925,690,709,3291,1673,350,343,1108,1108,12740.1071428571,2428.25,2825.5,2031,11953.25,13061,10845.5,12580.9285714286,37849,38229,37469,11176.9166666667,10170.3333333333,12183.5,3419.5,3440,3399,12899.2857142857,1750.46428571429,688,346,1030,1847.75,995,2700.5,963.857142857143,3294.75,1807.5,4782,1898.5,1084,2713,727.25,346.5,1108,2537.07142857143,753819399.535714,143677124.25,167182009.5,120172239,707261849.25,772806309,641717389.5,744400962.642857,2239487481,2261971701,2217003261,661326982.25,601768453,720885511.5,202328395.5,203541360,201115431,763237836.428571,103573221.321429,40708272,20472474,60944070,109329519.75,58873155,159785884.5,57030463.2857143,194947062.75,106947967.5,282946158,112332346.5,64139196,160525497,43030655.25,20502058.5,65559252,150115979.357143
404928.191076934,4506846.49615746,"068","03","01","0680301",Tablada,Tablada,Tablada Núcleo,"103","15","3",-4.125461533,40.707048284,34216,34216,27509,27509,37590,37590,31192,31192,37636,37636,31238,31238,,,,,,,,,,,,,68221,68221,116714,116714,68139,68139,116872,116872,59339,59339,138734,138734,16130,16130,30163,30163,1883,2146,2910,2910,2274,2527,3685,3685,2293,2538,3723,3723,,,,,,,,,,,,,3583,3507,10784,10784,3571,3513,10939,10939,2947,3149,13578,13578,2231,2277,6536,6536,58120.9285714286,30862.5,34216,27509,34391,37590,31192,45895.8571428571,34437,37636,31238,94669.8333333333,65233,124106.666666667,23146.5,16130,30163,70346,5098.17857142857,2462.25,2014.5,2910,3042.75,2400.5,3685,2745.64285714286,3069.25,2415.5,3723,7572.66666666667,3378.33333333333,11767,4395,2254,6536,7450.71428571429,5986455.64285714,3178837.5,3524248,2833427,3542273,3871770,3212776,4727273.28571429,3547011,3876508,3217514,9750992.83333333,6718999,12782986.6666667,2384089.5,1661390,3106789,7245638,525112.392857143,253611.75,207493.5,299730,313403.25,247251.5,379555,282801.214285714,316132.75,248796.5,383469,779984.666666667,347968.333333333,1212001,452685,232162,673208,767423.571428571
408230.935378778,4502901.99672922,"068","02","01","0680201",Guadarrama,Guadarrama,Guadarrama Núcleo,"13823","15","3",-4.0857935074,40.6718943001,13381,13381,10198,10198,9859,9859,12572,19656,9905,9905,12618,19702,,,,,,,,,,,,,47387,47387,45320,45320,47304,47304,45491,45491,38504,38504,63733,43403,9944,10457,10657,9970,913,877,1336,1336,1068,1046,1407,3294,1086,1063,1445,3332,,,,,,,,,,,,,2666,2231,3540,3540,2691,2269,3698,3698,2023,1873,5920,5539,1032,1056,1295,1652,26693.2142857143,11789.5,13381,10198,12986.5,9859,16114,25220.0714285714,13032.5,9905,16160,46262.3333333333,44398.3333333333,48126.3333333333,10257,10200.5,10313.5,28166.3571428571,2247.35714285714,1115.5,895,1336,1703.75,1057,2350.5,1563.85714285714,1731.5,1074.5,2388.5,3307.33333333333,2292.16666666667,4322.5,1258.75,1044,1473.5,2930.85714285714,368980301.071429,162966258.5,184965563,140966954,179512389.5,136280957,222743822,348617047.357143,180148247.5,136916815,223379680,639484233.666667,613718161.666667,665250305.666667,141782511,141001511.5,142563510.5,389343554.785714,31065217.7857143,15419556.5,12371585,18467528,23550936.25,14610911,32490961.5,21617197.2857143,23934524.5,14852813.5,33016235.5,45717268.6666667,31684619.8333333,59749917.5,17399701.25,14431212,20368190.5,40513238.2857143
409609.678189064,4504929.50757578,"068","07","05","0680705",Vallefresnos - El Peñón,Vallefresnos - El Peñón,Vallefresnos - El Peñón Núcleo,"677","15","3",-4.0697751698,40.6903086691,16103,16103,14844,12992,13875,13875,14641,20447,13920,13920,14687,20493,,,,,,,,,,,,,50109,50109,50198,48114,50026,50026,50369,48285,41226,41226,45709,43857,14472,14472,15009,12764,1111,1084,2496,2211,1201,1216,2527,3880,1217,1236,2565,3918,,,,,,,,,,,,,2846,2410,4306,4415,2813,2481,4464,4573,2208,2086,6548,6657,1235,1205,2759,2527,28995.3928571429,15010.5,16103,13918,15709.5,13875,17544,28533,15755,13920,17590,47437.8333333333,47120.3333333333,47755.3333333333,14179.25,14472,13886.5,29457.7857142857,2792.67857142857,1725.5,1097.5,2353.5,2206,1208.5,3203.5,1739.21428571429,2234,1226.5,3241.5,3817.25,2474,5160.5,1931.5,1220,2643,3846.14285714286,19629880.9642857,10162108.5,10901731,9422486,10635331.5,9393375,11877288,19316841,10666135,9423840,11908430,32115413.1666667,31900465.6666667,32330360.6666667,9599352.25,9797544,9401160.5,19942920.9285714,1890643.39285714,1168163.5,743007.5,1593319.5,1493462,818154.5,2168769.5,1177448.07142857,1512418,830340.5,2194495.5,2584278.25,1674898,3493658.5,1307625.5,825940,1789311,2603838.71428571
411066.559256223,4501089.76713981,"068","01","01","0680101","Cabezuelas, Las",Las Cabezuelas,Las Cabezuelas Núcleo,"2117","15","3",-4.051991906,40.6558817197,8064,8064,6727,6727,6790,6790,6374,16186,6836,6836,6420,16232,,,,,,,,,,,,,42069,42069,41812,41850,41986,41986,41983,42021,33187,33187,60169,66064,6018,6018,6893,6500,702,721,1669,1670,816,818,1942,3422,832,834,1980,3460,,,,,,,,,,,,,2480,2062,3886,3871,2449,2098,4044,4029,1850,1739,6139,6617,772,816,1604,1980,23423.5,7395.5,8064,6727,9035,6790,11280,20707.1428571429,9081,6836,11326,44031.9166666667,39080.6666666667,48983.1666666667,6357.25,6018,6696.5,26139.8571428571,2332.21428571429,1190.5,711.5,1669.5,1749.5,817,2682,1356.35714285714,1776.5,833,2720,3438.66666666667,2113,4764.33333333333,1293,794,1792,3308.07142857143,49587549.5,15656273.5,17071488,14241059,19127095,14374430,23879760,43837021.4285714,19224477,14471812,23977142,93215567.5833333,82733771.3333333,103697363.833333,13458298.25,12740106,14176490.5,55338077.5714286,4937297.64285714,2520288.5,1506245.5,3534331.5,3703691.5,1729589,5677794,2871408.07142857,3760850.5,1763461,5758240,7279657.33333333,4473221,10086093.6666667,2737281,1680898,3793664,7003187.21428571
408782.529237361,4500773.53752152,"068","06","01","0680601",Alderete,Alderete,Alderete Núcleo,"30","15","3",-4.078959262,40.6527840977,9848,9848,12368,13999,9627,9627,16947,17431,9672,9672,16993,17477,,,,,,,,,,,,,43853,43853,47928,47928,43770,43770,48085,48085,34970,34970,43437,43437,7802,7802,12533,14345,686,689,3639,3699,970,992,4085,4713,990,1003,4123,4751,,,,,,,,,,,,,2487,2017,4902,5164,2470,2058,5057,5319,1824,1682,6475,7010,752,774,3709,4014,25717.0357142857,11515.75,9848,13183.5,13408,9627,17189,22791.7142857143,13453.5,9672,17235,43673.8333333333,40864.3333333333,46483.3333333333,10620.5,7802,13439,28642.3571428571,3073.35714285714,2178.25,687.5,3669,2690,981,4399,1385.28571428571,2716.75,996.5,4437,3872.08333333333,2089.66666666667,5654.5,2312.25,763,3861.5,4761.42857142857,771511.071428571,345472.5,295440,395505,402240,288810,515670,683751.428571429,403605,290160,517050,1310215,1225930,1394500,318615,234060,403170,859270.714285714,92200.7142857143,65347.5,20625,110070,80700,29430,131970,41558.5714285714,81502.5,29895,133110,116162.5,62690,169635,69367.5,22890,115845,142842.857142857
409304.14328753,4505915.9285631,"068","07","01","0680701",Canto de la Pata,Canto de la Pata,Canto de la Pata Núcleo,"11","15","3",-4.0735332087,40.6991599334,16185,16185,13969,13969,12376,12376,13766,23427,12422,12422,13812,23473,,,,,,,,,,,,,50191,50191,49323,49091,50108,50108,49494,49262,41308,41308,44834,73305,9540,9540,34631,34631,1085,1057,1891,1814,1108,1086,2196,3772,1122,1101,2234,3810,,,,,,,,,,,,,2810,2402,3701,4018,2799,2450,3859,4176,2169,2059,5943,6764,782,788,4678,4995,31115.9642857143,15077,16185,13969,15486.25,12376,18596.5,27447.1428571429,15532.25,12422,18642.5,49876.9166666667,47202.3333333333,52551.5,22085.5,9540,34631,34784.7857142857,2738.17857142857,1461.75,1071,1852.5,2040.5,1097,2984,1629.85714285714,2066.75,1111.5,3022,3595.83333333333,2448.16666666667,4743.5,2810.75,785,4836.5,3846.5,342275.607142857,165847,178035,153659,170348.75,136136,204561.5,301918.571428571,170854.75,136642,205067.5,548646.083333333,519225.666666667,578066.5,242940.5,104940,380941,382632.642857143,30119.9642857143,16079.25,11781,20377.5,22445.5,12067,32824,17928.4285714286,22734.25,12226.5,33242,39554.1666666667,26929.8333333333,52178.5,30918.25,8635,53201.5,42311.5
412876.596080887,4498839.41458903,"068","08","01","0680801","Negrales, Los",Los Negrales,Los Negrales Núcleo,"187","15","3",-4.0302725669,40.635805108,5997,5997,4387,4387,5776,5776,6761,13845,5822,5822,6807,13891,,,,,,,,,,,,,40003,40003,39509,39509,39920,39920,39680,39680,31120,31120,34934,63723,3952,3952,4846,4159,441,447,1372,1374,712,738,1443,3091,729,751,1481,3129,,,,,,,,,,,,,2300,1804,3576,3576,2293,1825,3734,3734,1603,1431,5707,6322,489,518,1331,1684,20760.6428571429,5192,5997,4387,8039.5,5776,10303,18941.4285714286,8085.5,5822,10349,39926.75,37014.3333333333,42839.1666666667,4227.25,3952,4502.5,22579.8571428571,2058.39285714286,908.5,444,1373,1496,725,2267,1148.64285714286,1522.5,740,2305,3158.75,1876,4441.5,1005.5,503.5,1507.5,2968.14285714286,3882240.21428571,970904,1121439,820369,1503386.5,1080112,1926661,3542047.14285714,1511988.5,1088714,1935263,7466302.25,6921680.33333333,8010924.16666667,790495.75,739024,841967.5,4222433.28571429,384919.464285714,169889.5,83028,256751,279752,135575,423929,214796.214285714,284707.5,138380,431035,590686.25,350812,830560.5,188028.5,94154.5,281902.5,555042.714285714
410200.952536016,4505743.41373743,"068","07","03","0680703","Serranilla, La",La Serranilla,La Serranilla Núcleo,"73","15","3",-4.062895057,40.6977042817,13129,13129,15663,15663,11026,11026,15460,23119,11071,11071,15506,23165,,,,,,,,,,,,,52208,52208,51018,50785,52125,52125,51189,50956,43325,43325,46528,46528,10017,10017,36326,36326,1259,1208,2835,2755,1014,1016,3172,4424,1034,1029,3210,4462,,,,,,,,,,,,,2987,2562,4645,4959,2982,2581,4803,5117,2336,2227,6887,7201,811,837,5622,5936,30858.3571428571,14396,13129,15663,15157.75,11026,19289.5,27557.2857142857,15203.25,11071,19335.5,49360,49219.3333333333,49500.6666666667,23171.5,10017,36326,34159.4285714286,3211.10714285714,2014.25,1233.5,2795,2406.5,1015,3798,1705.92857142857,2433.75,1031.5,3836,4107.25,2612.5,5602,3301.5,824,5779,4716.28571428571,2252660.07142857,1050908,958417,1143399,1106515.75,804898,1408133.5,2011681.85714286,1109837.25,808183,1411491.5,3603280,3593011.33333333,3613548.66666667,1691519.5,731241,2651798,2493638.28571429,234410.821428571,147040.25,90045.5,204035,175674.5,74095,277254,124532.785714286,177663.75,75299.5,280028,299829.25,190712.5,408946,241009.5,60152,421867,344288.857142857
411593.013733771,4502137.38899148,"046","02","01","0460201","Barrizales, Los",Los Barrizales,Los Barrizales Núcleo,"45","15","3",-4.045912867,40.6653744917,7020,7254,7988,7988,5151,5151,10466,5536,5196,5196,10512,5582,,,,,,,,,,,,,42553,42553,43073,43110,42470,42470,43244,43281,33670,33670,61430,38849,5749,5749,8154,9729,811,810,1462,1464,614,624,2201,1264,628,640,2239,1302,,,,,,,,,,,,,2629,2208,3616,3618,2616,2256,3774,3776,1982,1854,6169,5202,651,620,1552,2627,22242.6428571429,7562.5,7137,7988,6576,5151,8001,20275.1428571429,6621.5,5196,8047,42531.0833333333,39564.3333333333,45497.8333333333,7345.25,5749,8941.5,24210.1428571429,2114.60714285714,1136.75,810.5,1463,1175.75,619,1732.5,1353.07142857143,1202.25,634,1770.5,3308.33333333333,2257.5,4359.16666666667,1362.5,635.5,2089.5,2876.14285714286,1000918.92857143,340312.5,321165,359460,295920,231795,360045,912381.428571429,297967.5,233820,362115,1913898.75,1780395,2047402.5,330536.25,258705,402367.5,1089456.42857143,95157.3214285714,51153.75,36472.5,65835,52908.75,27855,77962.5,60888.2142857143,54101.25,28530,79672.5,148875,101587.5,196162.5,61312.5,28597.5,94027.5,129426.428571429
412526.625576734,4505119.73853198,"046","01","01","0460101",Collado Mediano,Collado Mediano,Collado Mediano Núcleo,"6390","15","3",-4.0352848869,40.6923368313,9752,9752,12090,12090,7649,7649,14465,8079,7695,7695,14511,8124,,,,,,,,,,,,,45051,45051,47213,47213,44968,44968,47384,47384,36168,36168,43332,42956,10764,10764,13991,14696,949,899,1301,1301,724,721,1628,1460,742,738,1666,1498,,,,,,,,,,,,,2726,2293,3461,3461,2697,2325,3619,3619,2061,1931,5374,6003,838,851,2926,3838,24915.0714285714,10921,9752,12090,9460.5,7649,11272,23149.5714285714,9506.25,7695,11317.5,43988,42062.3333333333,45913.6666666667,12553.75,10764,14343.5,26680.5714285714,2201.78571428571,1112.5,924,1301,1133.25,722.5,1544,1463.92857142857,1161,740,1582,3297.5,2338.83333333333,4256.16666666667,2113.25,844.5,3382,2939.64285714286,159207306.428571,69785190,62315280,77255100,60452595,48877110,72028080,147925761.428571,60744937.5,49171050,72318825,281083320,268778310,293388330,80218462.5,68781960,91654965,170488851.428571,14069410.7142857,7108875,5904360,8313390,7241467.5,4616775,9866160,9354503.57142857,7418790,4728600,10108980,21071025,14945145,27196905,13503667.5,5396355,21610980,18784317.8571429
414937.673477111,4506553.13666864,"046","07","01","0460701",Serranía de la Paloma,Serranía de la Paloma,Serranía de la Paloma Núcleo,"894","15","3",-4.0069477644,40.7055002526,10336,10336,9518,9518,8233,8233,9921,12569,8279,8279,9967,12615,,,,,,,,,,,,,45635,45635,45547,45479,45552,45552,45718,45650,36752,36752,63570,40963,7153,7153,11510,11510,914,839,1515,1581,678,659,1601,2681,695,677,1639,2719,,,,,,,,,,,,,2694,2225,3734,3496,2670,2263,3892,3654,2026,1884,6377,5438,585,594,2495,2495,24926.25,9927,10336,9518,9739,8233,11245,23134.2857142857,9785,8279,11291,45233.75,42646.3333333333,47821.1666666667,9331.5,7153,11510,26718.2142857143,2240,1212.25,876.5,1548,1404.75,668.5,2141,1385.92857142857,1432.5,686,2179,3362.75,2293.66666666667,4431.83333333333,1542.25,589.5,2495,3094.07142857143,22284067.5,8874738,9240384,8509092,8706666,7360302,10053030,20682051.4285714,8747790,7401426,10094154,40438972.5,38125822,42752123,8342361,6394782,10289940,23886083.5714286,2002560,1083751.5,783591,1383912,1255846.5,597639,1914054,1239020.14285714,1280655,613284,1948026,3006298.5,2050538,3962059,1378771.5,527013,2230530,2766099.85714286
414297.405232519,4507352.26716801,"046","06","01","0460601",Reajo del Roble,Reajo del Roble,Reajo del Roble Núcleo,"198","15","3",-4.014635239,40.7126318887,11192,11192,15537,17652,9089,9089,14933,20703,9135,9135,14979,20749,,,,,,,,,,,,,46491,46491,51566,53613,46408,46408,51737,53784,37608,37608,47216,49097,6250,6250,5256,5256,948,874,1906,2117,716,698,2202,3217,733,716,2240,3255,,,,,,,,,,,,,2730,2256,4203,4032,2707,2303,4361,4190,2053,1918,5845,5974,529,531,1992,1992,26943.7142857143,13893.25,11192,16594.5,13453.5,9089,17818,23739,13499.5,9135,17864,47335.5833333333,43502.3333333333,51168.8333333333,5753,6250,5256,30148.4285714286,2401.35714285714,1461.25,911,2011.5,1708.25,707,2709.5,1408,1736,724.5,2747.5,3547.66666666667,2327.83333333333,4767.5,1261,530,1992,3394.71428571429,5334855.42857143,2750863.5,2216016,3285711,2663793,1799622,3527964,4700322,2672901,1808730,3537072,9372445.5,8613462,10131429,1139094,1237500,1040688,5969388.85714286,475468.714285714,289327.5,180378,398277,338233.5,139986,536481,278784,343728,143451,544005,702438,460911,943965,249678,104940,394416,672153.428571429
423029.727808291,4494892.19078903,"072","01","01","0720101","Berzalejo, El",El Berzalejo,El Berzalejo Núcleo,"81","19","3",-3.9097401794,40.6012584023,19048,19048,19278,19278,17460,17460,24865,26832,17505,17505,24911,26878,,,,,,,,,,,,,30694,30694,31792,31811,30611,30611,31963,31982,21811,21811,50149,26686,12164,12164,14043,14043,1583,1605,2729,2729,1217,1190,4810,5484,1234,1203,4848,5522,,,,,,,,,,,,,2223,1653,2945,2945,2183,1690,3103,3103,1494,1288,5198,3987,869,793,3109,3169,24039.1785714286,19163,19048,19278,21654.25,17460,25848.5,21327.5714285714,21699.75,17505,25894.5,30884.5833333333,27705.3333333333,34063.8333333333,13103.5,12164,14043,26750.7857142857,2639.5,2161.5,1594,2729,3175.25,1203.5,5147,1444.64285714286,3201.75,1218.5,5185,2651,1755.16666666667,3546.83333333333,1985,831,3139,3834.35714285714,1947173.46428571,1552203,1542888,1561518,1753994.25,1414260,2093728.5,1727533.28571429,1757679.75,1417905,2097454.5,2501651.25,2244132,2759170.5,1061383.5,985284,1137483,2166813.64285714,213799.5,175081.5,129114,221049,257195.25,97483.5,416907,117016.071428571,259341.75,98698.5,419985,214731,142168.5,287293.5,160785,67311,254259,310582.928571429
423691.407125132,4495206.14870343,"072","05","01","0720501",Parque de las Colinas,Parque de las Colinas,Parque de las Colinas Núcleo,"512","19","3",-3.9019584875,40.6041477833,18730,18730,18810,18810,18204,18204,70827,26074,18250,18250,70873,26120,,,,,,,,,,,,,31439,31439,31324,31343,31356,31356,31495,31514,22556,22556,26050,26506,12908,12908,12755,12780,1567,1602,2366,2366,1249,1245,4649,4977,1266,1260,4687,5015,,,,,,,,,,,,,2196,1698,2582,2582,2160,1716,2740,2740,1495,1325,3624,4524,887,830,2642,3246,26505.9642857143,18770,18730,18810,33327.25,18204,48450.5,21920.4285714286,33373.25,18250,48496.5,29077.8333333333,28450.3333333333,29705.3333333333,12837.75,12908,12767.5,31091.5,2472.71428571429,1975.25,1584.5,2366,3030,1247,4813,1464,3057,1263,4851,2448.5,1765,3132,1901.25,858.5,2944,3481.42857142857,13571053.7142857,9610240,9589760,9630720,17063552,9320448,24806656,11223259.4285714,17087104,9344000,24830208,14887850.6666667,14566570.6666667,15209130.6666667,6572928,6608896,6536960,15918848,1266029.71428571,1011328,811264,1211392,1551360,638464,2464256,749568,1565184,646656,2483712,1253632,903680,1603584,973440,439552,1507328,1782491.42857143
420290.246120045,4495447.51457084,"072","02","01","0720201","Berzosa, La",La Berzosa,La Berzosa Núcleo,"2613","19","3",-3.942185282,40.6060010127,20262,20262,20339,20339,11664,11664,18381,27943,11709,11709,18427,27989,,,,,,,,,,,,,32333,32333,33091,33123,32251,32251,33262,33294,23451,23451,51448,28000,9839,9839,16466,18227,1761,1821,2593,3384,874,879,3190,5977,890,895,3228,6015,,,,,,,,,,,,,2204,1670,2923,2923,2175,1705,3081,3081,1478,1317,5176,3966,662,663,3078,4234,23690.9642857143,20300.5,20262,20339,17413,11664,23162,20215.5714285714,17458.5,11709,23208,32357.3333333333,29345,35369.6666666667,13592.75,9839,17346.5,27166.3571428571,2565.82142857143,2389.75,1791,2988.5,2730,876.5,4583.5,1356.71428571429,2757,892.5,4621.5,2641.58333333333,1758.16666666667,3525,2159.25,662.5,3656,3774.92857142857,61904489.6785714,53045206.5,52944606,53145807,45500169,30478032,60522306,52823288.1428571,45619060.5,30595617,60642504,84549712,76678485,92420939,35517855.75,25709307,45326404.5,70985691.2142857,6704491.39285714,6244416.75,4679883,7808950.5,7133490,2290294.5,11976685.5,3545094.42857143,7204041,2332102.5,12075979.5,6902457.25,4594089.5,9210825,5642120.25,1731112.5,9553128,9863888.35714286
423389.186369521,4497332.91110735,"072","03","01","0720301",Hoyo de Manzanares,Hoyo de Manzanares,Hoyo de Manzanares Núcleo,"5748","19","3",-3.9057889635,40.6232771067,16095,16095,16390,16390,16419,16419,22461,28228,16465,16465,22507,28274,,,,,,,,,,,,,33916,33916,33478,33497,33833,33833,33649,33668,25033,25033,51835,28660,14595,14595,20546,25214,1362,1348,2054,2054,1405,1420,3476,5008,1424,1440,3514,5046,,,,,,,,,,,,,2365,1895,2612,2613,2365,1941,2770,2771,1703,1551,4865,4555,1194,1217,3364,4224,25268.1785714286,16242.5,16095,16390,20881.75,16419,25344.5,22336.5714285714,20927.75,16465,25390.5,33362.5833333333,30927.3333333333,35797.8333333333,18737.5,14595,22880,28199.7857142857,2555.57142857143,1704.5,1355,2054,2827.25,1412.5,4242,1616.42857142857,2856,1432,4280,2667.16666666667,1970,3364.33333333333,2499.75,1205.5,3794,3494.71428571429,145241490.428571,93361890,92514060,94209720,120028299,94376412,145680186,128390612.571429,120292707,94640820,145944594,191768129,177770312,205765946,107703150,83892060,131514240,162092368.285714,14689424.5714286,9797466,7788540,11806392,16251033,8119050,24383016,9291231.42857143,16416288,8231136,24601440,15330874,11323560,19338188,14368563,6929214,21807912,20087617.7142857
404045.9177575,4493377.62774858,"054","04","01","0540401","Escorial, El",El Escorial,El Escorial Núcleo,"9200","7","3",-4.133848739,40.5856315987,2996,2996,3482,5858,1924,1924,2394,5023,23268,23268,17268,24072,,,,,,,,,,,,,53854,53854,43248,43248,53771,53771,43405,43405,34352,34352,35597,32749,1819,1819,1051,1051,396,398,1682,1854,361,394,1076,1259,1632,1674,2342,3329,,,,,,,,,,,,,2969,2607,3976,4302,2959,2650,4131,4457,2094,2009,4133,3934,282,279,803,803,23064.9642857143,3833,2996,4670,2816.25,1924,3708.5,24569.1428571429,21969,23268,20670,43800.5,47325.6666666667,40275.3333333333,1435,1819,1051,21560.7857142857,2099.46428571429,1082.5,397,1768,772.5,377.5,1167.5,1478.85714285714,2244.25,1653,2835.5,3351.75,2548,4155.5,541.75,280.5,803,2720.07142857143,212197671.428571,35263600,27563200,42964000,25909500,17700800,34118200,226036114.285714,202114800,214065600,190164000,402964600,435396133.333333,370533066.666667,13202000,16734800,9669200,198359228.571429,19315071.4285714,9959000,3652400,16265600,7107000,3473000,10741000,13605485.7142857,20647100,15207600,26086600,30836100,23441600,38230600,4984100,2580600,7387600,25024657.1428571
404519.469989062,4494751.10984135,"054","04","02","0540402",Soto Mora,Soto Mora,Soto Mora Núcleo,"1167","7","3",-4.128461983,40.5980575137,2133,2133,783,783,2718,2718,2337,2337,22459,22459,19485,22046,,,,,,,,,,,,,53044,53044,52424,52471,52961,52961,52581,52628,35747,35747,37507,34660,3628,3628,3043,3043,273,276,805,805,415,451,979,967,1535,1546,3442,3673,,,,,,,,,,,,,2880,2514,4439,3710,2864,2571,4594,3865,2136,2076,4382,4193,377,379,1265,1127,24339.5714285714,1458,2133,783,2527.5,2718,2337,24670,21612.25,22459,20765.5,47147.9166666667,47250.6666666667,47045.1666666667,3335.5,3628,3043,24009.1428571429,2090.67857142857,539.75,274.5,805,703,433,973,1449.5,2549,1540.5,3557.5,3352,2506.83333333333,4197.16666666667,787,378,1196,2731.85714285714,28404279.8571429,1701486,2489211,913761,2949592.5,3171906,2727279,28789890,25221495.75,26209653,24233338.5,55021618.75,55141528,54901709.5,3892528.5,4233876,3551181,28018669.7142857,2439821.89285714,629888.25,320341.5,939435,820401,505311,1135491,1691566.5,2974683,1797763.5,4151602.5,3911784,2925474.5,4898093.5,918429,441126,1395732,3188077.28571429
410871.810791988,4495730.67217477,"054","06","01","0540601",Navalquejigo,Navalquejigo,Navalquejigo Núcleo,"5916","7","3",-4.053536187,40.6075897957,14880,14880,12462,15731,9189,9189,9176,15980,9234,9234,9222,16026,,,,,,,,,,,,,44960,44960,43946,40875,44877,44877,44042,44042,36077,36077,36108,34953,7364,7364,7575,7575,1198,1199,3755,2552,1154,1177,2462,3449,1173,1195,2500,3487,,,,,,,,,,,,,2670,2247,4831,4595,2665,2312,4948,4948,2013,1916,5055,5438,936,959,2912,2912,23959.8214285714,14488.25,14880,14096.5,10883.5,9189,12578,23797.2857142857,10929,9234,12624,41316.1666666667,41971.3333333333,40661,7469.5,7364,7575,24122.3571428571,2737.78571428571,2176,1198.5,3153.5,2060.5,1165.5,2955.5,1629.57142857143,2088.75,1184,2993.5,3636.5,2303.83333333333,4969.16666666667,1929.75,947.5,2912,3846,141746303.571429,85712487,88030080,83394894,64386786,54362124,74411448,140784742.285714,64655964,54628344,74683584,244426442,248302408,240550476,44189562,43565424,44813700,142707864.857143,16196740.2857143,12873216,7090326,18656106,12189918,6895098,17484738,9640544.57142857,12357045,7004544,17709546,21513534,13629478,29397590,11416401,5605410,17227392,22752936
404544.274082213,4488463.5412165,"054","07","01","0540701",Peralejo,Peralejo,Peralejo Núcleo,"185","7","3",-4.1272181048,40.5414272139,10256,10256,13282,13282,9046,9046,14839,14839,30529,30529,31577,32095,,,,,,,,,,,,,47368,47368,50267,62011,47285,47285,50424,61814,30301,30301,42616,42616,6215,6215,8122,8122,910,922,2622,2622,950,1010,2914,2914,2141,2169,4877,6868,,,,,,,,,,,,,3200,2538,5781,5317,3229,2548,5936,5500,1829,1742,5829,6222,517,505,1746,1746,28853.7857142857,11769,10256,13282,11942.5,9046,14839,25857.1428571429,31182.5,30529,31836,46638,41651.3333333333,51624.6666666667,7168.5,6215,8122,31850.4285714286,3039.42857142857,1769,916,2622,1947,980,2914,1729.28571428571,4013.75,2155,5872.5,4139.25,2514.33333333333,5764.16666666667,1128.5,511,1746,4349.57142857143,5337950.35714286,2177265,1897360,2457170,2209362.5,1673510,2745215,4783571.42857143,5768762.5,5647865,5889660,8628030,7705496.66666667,9550563.33333333,1326172.5,1149775,1502570,5892329.28571429,562294.285714286,327265,169460,485070,360195,181300,539090,319917.857142857,742543.75,398675,1086412.5,765761.25,465151.666666667,1066370.83333333,208772.5,94535,323010,804670.714285714
405025.793904975,4490192.53711363,"054","08","01","0540801",Pinosol,Pinosol,Pinosol Núcleo,"447","7","3",-4.1217928336,40.5570559817,7284,7284,10418,10418,6074,6074,11975,11975,27556,27556,28713,29230,,,,,,,,,,,,,48321,47638,47402,59147,48238,47555,47559,58950,30571,30571,39751,39751,3243,3243,2783,5257,673,690,2357,2357,721,779,2649,2649,1911,1941,4612,6603,,,,,,,,,,,,,3097,2501,5516,5052,3082,2521,5671,5235,1805,1701,5564,5957,295,289,2201,1481,26590.6071428571,8851,7284,10418,9024.5,6074,11975,24372,28263.75,27556,28971.5,45454.5,42149,48760,3631.5,3243,4020,28809.2142857143,2853.92857142857,1519.25,681.5,2357,1699.5,750,2649,1571.85714285714,3766.75,1926,5607.5,3975.16666666667,2451.16666666667,5499.16666666667,1066.5,292,1841,4136,11886001.3928571,3956397,3255948,4656846,4033951.5,2715078,5352825,10894284,12633896.25,12317532,12950260.5,20318161.5,18840603,21795720,1623280.5,1449621,1796940,12877718.7857143,1275706.07142857,679104.75,304630.5,1053579,759676.5,335250,1184103,702620.142857143,1683737.25,860922,2506552.5,1776899.5,1095671.5,2458127.5,476725.5,130524,822927,1848792
405759.093404968,4488987.51717029,"054","01","01","0540101","Alcor, El",El Alcor,El Alcor Núcleo,"321","7","3",-4.1129532504,40.5462858508,8146,8146,12035,12035,6936,6936,13592,13592,28419,28419,30330,30848,,,,,,,,,,,,,46111,46111,49020,60764,46028,46028,49177,60567,29044,29044,41369,41369,4105,4105,6875,6875,681,697,2449,2449,728,785,2741,2741,1918,1944,4704,6695,,,,,,,,,,,,,3083,2402,5608,5144,3061,2423,5763,5327,1717,1620,5656,6049,301,297,1573,1573,27358.0714285714,10090.5,8146,12035,10264,6936,13592,24112.7142857143,29504,28419,30589,45386,40394.3333333333,50377.6666666667,5490,4105,6875,30603.4285714286,2861.75,1569,689,2449,1748.75,756.5,2741,1546.92857142857,3815.25,1931,5699.5,3987.75,2384.33333333333,5591.16666666667,936,299,1573,4176.57142857143,8781940.92857143,3239050.5,2614866,3863235,3294744,2226456,4363032,7740181.28571429,9470784,9122499,9819069,14568906,12966581,16171231,1762290,1317705,2206875,9823700.57142857,918621.75,503649,221169,786129,561348.75,242836.5,879861,496564.071428571,1224695.25,619851,1829539.5,1280067.75,765371,1794764.5,300456,95979,504933,1340679.42857143
390161.284319621,4485218.95149295,"159","01","01","1590101",Valdemaqueda,Valdemaqueda,Valdemaqueda Núcleo,"813","7","3",-4.2964621234,40.5104226254,28502,28502,47262,47262,22718,22718,48819,28435,48774,48774,104015,107174,,,,,,,,,,,,,82704,82704,64512,64866,82621,82621,64669,64669,49210,64320,55782,55782,23843,23843,42101,42101,2168,2342,5997,4179,1815,1984,6152,4510,3365,3532,7579,7359,,,,,,,,,,,,,4291,3998,3623,3658,4311,4040,3778,3820,3280,3225,4116,4098,1717,1873,5439,3621,54617.9642857143,37882,28502,47262,30672.5,22718,38627,49418.1428571429,77184.25,48774,105594.5,67871.6666666667,74030,61713.3333333333,32972,23843,42101,59817.7857142857,3923.92857142857,3671.5,2255,5088,3615.25,1899.5,5331,2995.78571428571,5458.75,3448.5,7469,3853.16666666667,3857.5,3848.83333333333,3162.5,1795,4530,4852.07142857143,44404404.9642857,30798066,23172126,38424006,24936742.5,18469734,31403751,40176950.1428571,62750795.25,39653262,85848328.5,55179665,60186390,50172940,26806236,19384359,34228113,48631859.7857143,3190153.92857143,2984929.5,1833315,4136544,2939198.25,1544293.5,4334103,2435573.78571429,4437963.75,2803630.5,6072297,3132624.5,3136147.5,3129101.5,2571112.5,1459335,3682890,3944734.07142857
391944.447660315,4484848.45251224,"159","02","01","1590201","Río, El",El Río,El Río Núcleo,"15","7","3",-4.2753566318,40.5073198158,26421,26421,45213,45213,20636,20636,46770,26386,46693,46693,101966,105125,,,,,,,,,,,,,80622,80622,62463,62817,80539,80539,62620,62620,62239,62239,53733,53733,21762,21762,40052,40052,1948,2084,5712,3893,1589,1732,5867,4026,3199,3338,7294,7073,,,,,,,,,,,,,4124,3752,3338,3372,4113,3772,3493,3534,3046,2963,3831,3812,1514,1621,5154,3335,53092.3928571429,35817,26421,45213,28607,20636,36578,48416,75119.25,46693,103545.5,67065.5,74466.6666666667,59664.3333333333,30907,21762,40052,57768.7857142857,3661.75,3409.25,2016,4802.5,3303.5,1660.5,4946.5,2771.07142857143,5226,3268.5,7183.5,3595.83333333333,3628.33333333333,3563.33333333333,2906,1567.5,4244.5,4552.42857142857,796385.892857143,537255,396315,678195,429105,309540,548670,726240,1126788.75,700395,1553182.5,1005982.5,1117000,894965,463605,326430,600780,866531.785714286,54926.25,51138.75,30240,72037.5,49552.5,24907.5,74197.5,41566.0714285714,78390,49027.5,107752.5,53937.5,54425,53450,43590,23512.5,63667.5,68286.4285714286
417921.390849963,4483917.4447339,"061","04","01","0610401","Cuestas, Las",Las Cuestas,Las Cuestas Núcleo,"372","15","3",-3.9834143439,40.5208144693,32724,32724,39124,65320,13328,13328,18220,16910,35908,35908,70401,71178,,,,,,,,,,,,,29157,29157,31194,30157,29074,29074,31365,30328,15168,15168,22832,22595,15807,15807,20350,23306,1765,1803,7721,9022,1221,1243,4673,5953,1984,2014,10249,9984,,,,,,,,,,,,,2327,1835,5797,6292,2319,1865,5955,6450,1257,1203,5339,6572,1114,1121,5606,6816,29843.2857142857,42473,32724,52222,15446.5,13328,17565,24452.2857142857,53348.75,35908,70789.5,26272.4166666667,24466.3333333333,28078.5,18817.5,15807,21828,35234.2857142857,4267.85714285714,5077.75,1784,8371.5,3272.5,1232,5313,1647.92857142857,6057.75,1999,10116.5,3934.25,1801,6067.5,3664.25,1117.5,6211,6887.78571428571,11101702.2857143,15799956,12173328,19426584,5746098,4958016,6534180,9096250.28571429,19845735,13357776,26333694,9773339,9101476,10445202,7000110,5880204,8120016,13107154.2857143,1587642.85714286,1888923,663648,3114198,1217370,458304,1976436,613029.428571429,2253483,743628,3763338,1463541,669972,2257110,1363101,415710,2310492,2562256.28571429
415990.835250344,4489166.97664937,"061","15","01","0611501","Ranchos, Los",Los Ranchos,Los Ranchos Núcleo,"119","15","3",-3.992161951,40.5490030707,11523,11523,18790,15389,16412,16412,22585,19594,16457,16457,22631,19640,,,,,,,,,,,,,39227,39227,39110,39113,39144,39144,39267,39270,32762,25796,34957,34650,20696,20696,20399,20399,1328,1305,5087,4748,1775,1805,5888,6645,1793,1822,5926,6683,,,,,,,,,,,,,2836,2473,6277,6277,2812,2517,6432,6432,2149,2000,6811,6687,1616,1618,4827,4827,26116.7857142857,14306.25,11523,17089.5,18750.75,16412,21089.5,24676.8571428571,18796.25,16457,21135.5,36805.5833333333,35883.3333333333,37727.8333333333,20547.5,20696,20399,27556.7142857143,3978.42857142857,3117,1316.5,4917.5,4028.25,1790,6266.5,1989.21428571429,4056,1807.5,6304.5,4475.25,2464.5,6486,3222,1617,4827,5967.64285714286,3107897.5,1702443.75,1371237,2033650.5,2231339.25,1953028,2509650.5,2936546,2236753.75,1958383,2515124.5,4379864.41666667,4270116.66666667,4489612.16666667,2445152.5,2462824,2427481,3279249,473433,370923,156663.5,585182.5,479361.75,213010,745713.5,236716.5,482664,215092.5,750235.5,532554.75,293275.5,771834,383418,192423,574413,710149.5
417962.30544606,4490292.8156378,"061","16","01","0611601",Roncesvalles,Roncesvalles,Roncesvalles Núcleo,"297","15","3",-3.9690279691,40.5593418165,10731,10731,15181,15238,16017,16017,19455,21182,16062,16062,19501,21228,,,,,,,,,,,,,28514,28514,29619,29628,28431,28431,29776,29785,17966,17966,19611,17684,14403,14403,18548,34454,977,924,3750,3134,1360,1330,5427,4428,1380,1349,5465,4466,,,,,,,,,,,,,2271,1711,3901,4196,2254,1744,4056,4351,1438,1292,3480,3060,1033,1002,4001,4025,20897.7857142857,12970.25,10731,15209.5,18167.75,16017,20318.5,18874.8571428571,18213.25,16062,20364.5,25493.75,24970.3333333333,26017.1666666667,20452,14403,26501,22920.7142857143,2778.75,2196.25,950.5,3442,3136.25,1345,4927.5,1433.21428571429,3165,1364.5,4965.5,2812.83333333333,1785,3840.66666666667,2515.25,1017.5,4013,4124.28571428571,6206642.35714286,3852164.25,3187107,4517221.5,5395821.75,4757049,6034594.5,5605832.57142857,5409335.25,4770414,6048256.5,7571643.75,7416189,7727098.5,6074244,4277691,7870797,6807452.14285714,825288.75,652286.25,282298.5,1022274,931466.25,399465,1463467.5,425664.642857143,940005,405256.5,1474753.5,835411.5,530145,1140678,747029.25,302197.5,1191861,1224912.85714286
414703.860634551,4492587.74235965,"061","08","01","0610801",Galapagar,Galapagar,Galapagar Núcleo,"22399","15","3",-4.0078212152,40.5796841903,6621,6621,9261,9261,12190,12190,13585,13567,12236,12236,13631,13613,,,,,,,,,,,,,35215,35215,34197,34777,35132,35132,34354,34948,26332,26332,22924,24069,10365,10365,10644,11536,711,653,1471,1471,1117,1095,2496,2886,1136,1113,2534,2924,,,,,,,,,,,,,2399,1949,3038,4247,2407,1975,3193,4405,1741,1583,3518,3783,894,885,2975,2859,19876.75,7941,6621,9261,12883,12190,13576,19727.2857142857,12929,12236,13622,31552.25,32226.3333333333,30878.1666666667,10727.5,10365,11090,20026.2142857143,2194.92857142857,1076.5,682,1471,1898.5,1106,2691,1404.14285714286,1926.75,1124.5,2729,2853.16666666667,2009,3697.33333333333,1903.25,889.5,2917,2985.71428571429,445219323.25,177870459,148303779,207437139,288566317,273043810,304088824,441871472.714286,289596671,274074164,305119178,706738847.75,721837640.333333,691640055.166667,240285272.5,232165635,248404910,448567173.785714,49164205.0714286,24112523.5,15276118,32948929,42524501.5,24773294,60275709,31451395.8571429,43157273.25,25187675.5,61126871,63908080.1666667,44999591,82816569.3333333,42630896.75,19923910.5,65337883,66877014.2857143
413573.566777327,4492746.64651331,"061","05","01","0610501",Encinar - San Alberto - Vista Nevada,Encinar - San Alberto - Vista Nevada,Encinar - San Alberto - Vista Nevada Núcleo,"755","15","3",-4.0211960295,40.5809982348,9001,9001,12445,11475,13889,13889,37893,15781,13935,13935,37939,15827,,,,,,,,,,,,,36704,36704,33772,33781,36621,36621,33929,33938,23274,23274,23764,23282,12064,12064,35978,13750,1020,956,2570,2776,1466,1461,4575,4191,1485,1475,4613,4229,,,,,,,,,,,,,2552,2104,3669,4048,2532,2140,3824,4203,1774,1647,3248,3338,1244,1241,4463,4164,23376.0714285714,10480.5,9001,11960,20363,13889,26837,20784,20409,13935,26883,31305.3333333333,32199.6666666667,30411,18464,12064,24864,25968.1428571429,2750.28571428571,1830.5,988,2673,2923.25,1463.5,4383,1649.78571428571,2950.5,1480,4421,2923.25,2124.83333333333,3721.66666666667,2778,1242.5,4313.5,3850.78571428571,17648933.9285714,7912777.5,6795755,9029800,15374065,10486195,20261935,15691920,15408795,10520925,20296665,23635526.6666667,24310748.3333333,22960305,13940320,9108320,18772320,19605947.8571429,2076465.71428571,1382027.5,745940,2018115,2207053.75,1104942.5,3309165,1245588.21428571,2227627.5,1117400,3337855,2207053.75,1604249.16666667,2809858.33333333,2097390,938087.5,3256692.5,2907343.21428571
418337.571742211,4493028.66070517,"061","07","01","0610701",Fuente la Teja,Fuente la Teja,Fuente la Teja Núcleo,"1042","15","3",-3.964949892,40.5840223887,9086,9086,12881,12881,14371,14371,14722,17387,14417,14417,14768,17433,,,,,,,,,,,,,30825,30825,31228,31228,30743,30743,31385,31385,21943,21943,25841,25841,12547,12547,14357,14373,796,739,2872,3615,1169,1167,3517,4779,1192,1184,3555,4817,,,,,,,,,,,,,2073,1583,2811,4469,2045,1616,2966,4624,1370,1200,3446,7046,941,937,3246,3995,20127.6428571429,10983.5,9086,12881,15212.75,14371,16054.5,19133.1428571429,15258.75,14417,16100.5,28660.8333333333,27837,29484.6666666667,13456,12547,14365,21122.1428571429,2634.64285714286,2005.5,767.5,3243.5,2658,1168,4148,1286.57142857143,2687,1188,4186,2937.41666666667,1647.83333333333,4227,2279.75,939,3620.5,3982.71428571429,20973003.8571429,11444807,9467612,13422002,15851685.5,14974582,16728789,19936734.8571429,15899617.5,15022514,16776721,29864588.3333333,29006154,30723022.6666667,14021152,13073974,14968330,22009272.8571429,2745297.85714286,2089731,799735,3379727,2769636,1217056,4322216,1340607.42857143,2799854,1237896,4361812,3060788.16666667,1717042.33333333,4404534,2375499.5,978438,3772561,4149988.28571429
416627.879784916,4494274.62989251,"061","21","01","0612101","Navata, La",La Navata,La Navata Núcleo,"4670","15","3",-3.9853140862,40.5950750008,6406,6406,5218,5218,9070,9070,13241,13928,9115,9115,13287,13974,,,,,,,,,,,,,35868,35868,36452,38354,35785,35785,36256,38511,26985,26985,28210,34210,7245,7245,7526,7526,587,570,1460,1460,744,736,2742,3740,761,753,2780,3778,,,,,,,,,,,,,2219,1765,4350,3441,2190,1774,4593,3596,1534,1378,3383,4594,519,518,1932,2592,19744.9642857143,5812,6406,5218,11327.25,9070,13584.5,18639.1428571429,11372.75,9115,13630.5,34105.75,32879.3333333333,35332.1666666667,7385.5,7245,7526,20850.7857142857,2160.32142857143,1019.25,578.5,1460,1990.5,740,3241,1146.28571428571,2018,757,3279,2901.41666666667,1810,3992.83333333333,1390.25,518.5,2262,3174.35714285714,92208983.2142857,27142040,29916020,24368060,52898257.5,42356900,63439615,87044797.1428571,53110742.5,42567050,63654435,159273852.5,153546486.666667,165001218.333333,34490285,33834150,35146420,97373169.2857143,10088701.0714286,4759897.5,2701595,6818200,9295635,3455800,15135470,5353154.28571429,9424060,3535190,15312930,13549615.8333333,8452700,18646531.6666667,6492467.5,2421395,10563540,14824247.8571429
418137.87397127,4494441.75464776,"061","20","01","0612001",Parquelagos,Parquelagos,Parquelagos Núcleo,"2203","15","3",-3.967492712,40.5967312304,6827,6827,8367,13146,9491,9491,12119,16878,9536,9536,12165,16924,,,,,,,,,,,,,31686,31686,33415,33361,31603,31603,33572,33518,22804,22804,28583,29217,7666,7666,10675,16516,664,644,1793,2350,820,815,3043,3870,836,833,3081,3908,,,,,,,,,,,,,2139,1640,3315,3074,2109,1672,3470,3229,1428,1272,4439,4227,599,587,2565,3896,19202.9285714286,8791.75,6827,10756.5,11994.75,9491,14498.5,17087.5714285714,12040.25,9536,14544.5,30321,28697.6666666667,31944.3333333333,10630.75,7666,13595.5,21318.2857142857,2225.64285714286,1362.75,654,2071.5,2137,817.5,3456.5,1147,2164.5,834.5,3494.5,2667.83333333333,1710,3625.66666666667,1911.75,593,3230.5,3304.28571428571,42304051.6428571,19368225.25,15039881,23696569.5,26424434.25,20908673,31940195.5,37643919.8571429,26524670.75,21007808,32041533.5,66797163,63220959.6666667,70373366.3333333,23419542.25,16888198,29950886.5,46964183.4285714,4903091.21428571,3002138.25,1440762,4563514.5,4707811,1800952.5,7614669.5,2526841,4768393.5,1838403.5,7698383.5,5877236.83333333,3767130,7987343.66666667,4211585.25,1306379,7116791.5,7279341.42857143
413023.841769945,4495603.80580174,"061","09","01","0610901","Guijo, El",El Guijo,El Guijo Núcleo,"2017","15","3",-4.028084619,40.6066762757,6208,6208,6127,6127,8471,8471,10451,10433,8517,8517,10497,10479,,,,,,,,,,,,,38056,38056,40805,38530,37973,37973,40962,38687,29173,29173,35326,28032,6647,6647,14489,8402,712,746,1402,1402,1006,1030,2427,2817,1025,1042,2465,2855,,,,,,,,,,,,,2505,2032,4163,4624,2496,2107,4318,4779,1853,1714,5264,4533,795,814,3595,2790,20337.0357142857,6167.5,6208,6127,9456.5,8471,10442,19292.1428571429,9502.5,8517,10488,36062.1666666667,35067.3333333333,37057,9046.25,6647,11445.5,21381.9285714286,2403.96428571429,1065.5,729,1402,1820,1018,2622,1419.78571428571,1846.75,1033.5,2660,3365.66666666667,2117.83333333333,4613.5,1998.5,804.5,3192.5,3388.14285714286,41019801.0357143,12439847.5,12521536,12358159,19073760.5,17086007,21061514,38912252.1428571,19166542.5,17178789,21154296,72737390.1666667,70730811.3333333,74743969,18246286.25,13406999,23085573.5,43127349.9285714,4848795.96428571,2149113.5,1470393,2827834,3670940,2053306,5288574,2863707.78571429,3724894.75,2084569.5,5365220,6788549.66666667,4271669.83333333,9305429.5,4030974.5,1622676.5,6439272.5,6833884.14285714
414445.10966485,4496503.6620174,"061","17","01","0611701","Pocillo, El",El Pocillo,El Pocillo Núcleo,"466","15","3",-4.011409521,40.6149299837,2368,2368,2730,2730,6304,6304,7036,12014,6349,6349,7082,12060,,,,,,,,,,,,,37870,37870,40088,40121,37787,37787,40259,40292,28987,28987,34401,32090,4404,4404,5612,5612,369,339,883,883,865,840,1530,2395,881,854,1568,2433,,,,,,,,,,,,,2421,1958,3170,3230,2412,2017,3328,3388,1783,1610,4611,4676,624,600,1247,1247,18938.0357142857,2549,2368,2730,7914.5,6304,9525,17724.1428571429,7960,6349,9571,36378.25,34881.3333333333,37875.1666666667,5008,4404,5612,20151.9285714286,1862.92857142857,618.5,354,883,1407.5,852.5,1962.5,1255.21428571429,1434,867.5,2000.5,2883.66666666667,2033.5,3733.83333333333,929.5,612,1247,2470.64285714286,8825124.64285714,1187834,1103488,1272180,3688157,2937664,4438650,8259450.57142857,3709360,2958634,4460086,16952264.5,16254701.3333333,17649827.6666667,2333728,2052264,2615192,9390798.71428571,868124.714285714,288221,164964,411478,655895,397265,914525,584929.857142857,668244,404255,932233,1343788.66666667,947611,1739966.33333333,433147,285192,581102,1151319.57142857
412930.235398645,4497201.19672853,"061","06","01","0610601",España,España,España Núcleo,"1233","15","3",-4.0294117257,40.6210547408,3809,3809,3814,3814,6073,6073,8120,14146,6118,6118,8166,14192,,,,,,,,,,,,,41843,41843,39363,39405,41761,41761,39534,39576,32961,32961,35353,33145,4248,4248,6089,5741,534,588,1106,1115,842,875,2521,3077,864,897,2559,3115,,,,,,,,,,,,,2424,1955,4536,4245,2416,2003,4694,4403,1741,1613,5602,5066,611,656,2494,2540,20145.8571428571,3811.5,3809,3814,8603,6073,11133,19544.7142857143,8648.5,6118,11179,38292.1666666667,38855,37729.3333333333,5081.5,4248,5915,20747,2324.71428571429,835.75,561,1110.5,1828.75,858.5,2799,1287.07142857143,1858.75,880.5,2837,3391.5,2025.33333333333,4757.66666666667,1575.25,633.5,2517,3362.35714285714,24839841.8571429,4699579.5,4696497,4702662,10607499,7488009,13726989,24098632.7142857,10663600.5,7543494,13783707,47214241.5,47908215,46520268,6265489.5,5237784,7293195,25581051,2866372.71428571,1030479.75,691713,1369246.5,2254848.75,1058530.5,3451167,1586959.07142857,2291838.75,1085656.5,3498021,4181719.5,2497236,5866203,1942283.25,781105.5,3103461,4145786.35714286
414750.978057661,4495487.29982425,"061","01","01","0610101",Bellavista,Bellavista,Bellavista Núcleo,"172","15","3",-4.007656612,40.6058067552,3104,3104,3150,3150,7040,7040,7455,12433,7085,7085,7501,12479,,,,,,,,,,,,,38606,38606,40507,40540,38523,38523,40678,40711,29723,29723,34820,36141,5140,5140,5425,6031,410,374,1997,2024,904,870,2648,3511,924,887,2686,3549,,,,,,,,,,,,,2444,1972,4363,4273,2431,2043,4521,4431,1811,1644,5729,6288,672,634,2621,2363,19623.6785714286,3127,3104,3150,8492,7040,9944,18460.1428571429,8537.5,7085,9990,37258.4166666667,35617.3333333333,38899.5,5434,5140,5728,20787.2142857143,2465.14285714286,1201.25,392,2010.5,1983.25,887,3079.5,1287.14285714286,2011.5,905.5,3117.5,3495.83333333333,2057.5,4934.16666666667,1572.5,653,2492,3643.14285714286,3375272.71428571,537844,533888,541800,1460624,1210880,1710368,3175144.57142857,1468450,1218620,1718280,6408447.66666667,6126181.33333333,6690714,934648,884080,985216,3575400.85714286,424004.571428571,206615,67424,345806,341119,152564,529674,221388.571428571,345978,155746,536210,601283.333333333,353890,848676.666666667,270470,112316,428624,626620.571428571
420116.345750925,4482542.42938167,"177","04","01","1770401","Vegas - Santa María, Las",Las Vegas - Santa María,Las Vegas - Santa María Núcleo,"1498","7","3",-3.9426092048,40.4897387916,29431,29431,42197,39955,7886,7886,8092,10414,30467,30467,63798,66440,,,,,,,,,,,,,23715,23715,23496,24417,23632,23632,23667,24220,9727,9727,15706,15925,10366,10366,12758,14064,1997,2003,5356,4931,756,767,1963,2650,1533,1553,5858,6172,,,,,,,,,,,,,1909,1380,2735,2711,1891,1417,2893,2902,810,728,2953,3355,662,659,3417,2693,23414.1785714286,35253.5,29431,41076,8569.5,7886,9253,19317.7142857143,47793,30467,65119,20131.5833333333,19024.6666666667,21238.5,11888.5,10366,13411,27510.6428571429,2451.92857142857,3571.75,2000,5143.5,1534,761.5,2306.5,1290.35714285714,3779,1543,6015,2140.33333333333,1355.83333333333,2924.83333333333,1857.75,660.5,3055,3613.5,35074439.5,52809743,44087638,61531848,12837111,11813228,13860994,28937936,71593914,45639566,97548262,30157111.8333333,28498950.6666667,31815273,17808973,15528268,20089678,41210943,3672989,5350481.5,2996000,7704963,2297932,1140727,3455137,1932955,5660942,2311414,9010470,3206219.33333333,2031038.33333333,4381400.33333333,2782909.5,989429,4576390,5413023
418316.976206006,4482996.84385869,"177","01","01","1770101",Villanueva del Pardillo,Villanueva del Pardillo,Villanueva del Pardillo Núcleo,"16379","7","3",-3.963897113,40.49365694,27250,27250,45202,37351,9461,9461,11189,11189,32042,32042,66521,45727,,,,,,,,,,,,,25290,25290,26593,27237,25207,25207,26764,27040,11302,11302,17426,16985,11941,11941,15740,19098,1826,1846,5157,4448,798,833,1757,1757,1577,1624,6535,6284,,,,,,,,,,,,,1946,1435,2782,2734,1918,1473,2940,2925,854,800,2843,2639,705,720,2886,3165,24251.7142857143,34263.25,27250,41276.5,10325,9461,11189,20356.1428571429,44083,32042,56124,22136.9166666667,20599.6666666667,23674.1666666667,14680,11941,17419,28147.2857142857,2400.25,3319.25,1836,4802.5,1286.25,815.5,1757,1311.07142857143,4005,1600.5,6409.5,2107.41666666667,1404.33333333333,2810.5,1869,712.5,3025.5,3489.42857142857,397218828.285714,561197771.75,446327750,676067793.5,169113175,154961719,183264631,333413263.857143,722035457,524815918,919254996,362580558.083333,337401940.333333,387759175.833333,240443720,195581639,285305801,461024392.714286,39313694.75,54365995.75,30071844,78660147.5,21067488.75,13357074.5,28777903,21474038.9285714,65597895,26214589.5,104981200.5,34517377.5833333,23001575.6666667,46033179.5,30612351,11670037.5,49554664.5,57153350.5714286
406841.969993205,4500509.24882608,"131","01","01","1310101",Santa Cruz del Valle de los Caídos,Santa Cruz del Valle de los Caídos,Santa Cruz del Valle de los Caídos Núcleo,"14","7","3",-4.1582318896,40.6396662911,12282,12282,14441,14441,14057,14057,15937,15937,20470,20470,29274,23465,,,,,,,,,,,,,51055,51055,53094,53151,50972,50972,53251,53308,42173,42173,51443,48660,15401,15401,19823,19823,922,923,6369,6369,1227,1260,6489,6489,1442,1435,9844,8945,,,,,,,,,,,,,2802,2410,9090,9128,2795,2439,9245,9283,2143,2031,11953,10368,1199,1194,7354,6947,31388.1428571429,13361.5,12282,14441,14997,14057,15937,29487.1428571429,23419.75,20470,26369.5,50108.9166666667,48066.6666666667,52151.1666666667,17612,15401,19823,33289.1428571429,5074.82142857143,3645.75,922.5,6369,3866.25,1243.5,6489,1730.14285714286,5416.5,1438.5,9394.5,6140.58333333333,2436.66666666667,9844.5,4173.5,1196.5,7150.5,8419.5,439434,187061,171948,202174,209958,196798,223118,412820,327876.5,286580,369173,701524.833333333,672933.333333333,730116.333333333,246568,215614,277522,466048,71047.5,51040.5,12915,89166,54127.5,17409,90846,24222,75831,20139,131523,85968.1666666667,34113.3333333333,137823,58429,16751,100107,117873
406837.325226187,4500509.24882608,"131","01","02","1310102",Valle de los Caídos,Valle de los Caídos,Valle de los Caídos Núcleo,"18","7","3",-4.1456313345,40.6482719721,12758,12758,12621,12621,14533,14533,14117,14117,20946,20946,27464,21655,,,,,,,,,,,,,51531,51531,51284,51341,51448,51448,51441,51498,42649,42649,49623,46850,15877,15877,18003,18003,1007,1006,5069,5069,1318,1351,5189,5189,1524,1515,8552,7653,,,,,,,,,,,,,2891,2495,7798,7836,2880,2507,7953,7991,2252,2100,10653,9076,1283,1266,6054,5647,30718.6428571429,12689.5,12758,12621,14325,14533,14117,29963.1428571429,22752.75,20946,24559.5,49441.0833333333,48542.6666666667,50339.5,16940,15877,18003,31474.1428571429,4468.71428571429,3037.75,1006.5,5069,3261.75,1334.5,5189,1813.92857142857,4811,1519.5,8102.5,5536,2520.83333333333,8551.16666666667,3562.5,1274.5,5850.5,7123.5,552935.571428571,228411,229644,227178,257850,261594,254106,539336.571428571,409549.5,377028,442071,889939.5,873768,906111,304920,285786,324054,566534.571428571,80436.8571428571,54679.5,18117,91242,58711.5,24021,93402,32650.7142857143,86598,27351,145845,99648,45375,153921,64125,22941,105309,128223
403142.409170496,4494507.55354743,"131","02","01","1310201",San Lorenzo de El Escorial,San Lorenzo de El Escorial,San Lorenzo de El Escorial Núcleo,"16788","7","3",-4.1446966552,40.5957036484,1144,1144,1144,1144,1442,1442,670,670,23089,23089,23930,24415,,,,,,,,,,,,,53674,53674,53937,53984,53591,53591,54094,54141,44791,44791,39460,36612,3667,3667,4995,4995,148,149,885,885,278,287,626,626,1592,1636,3363,3991,,,,,,,,,,,,,2914,2589,4793,4040,2896,2638,4948,4195,2284,2262,4476,4300,523,521,1201,1247,25606.6785714286,1144,1144,1144,1056,1442,670,25914,23630.75,23089,24172.5,49695,50685.3333333333,48704.6666666667,4331,3667,4995,25299.3571428571,2153.32142857143,516.75,148.5,885,454.25,282.5,626,1479.78571428571,2645.5,1614,3677,3527.91666666667,2597.16666666667,4458.66666666667,873,522,1224,2826.85714285714,429884919.857143,19205472,19205472,19205472,17728128,24208296,11247960,435044232,396713031,387618132,405807930,834279660,850905376,817653944,72708828,61561596,83856060,424725607.714286,36149960.1428571,8675199,2493018,14857380,7625949,4742610,10509288,24842642.5714286,44412654,27095832,61729476,59226665,43601234,74852096,14655924,8763336,20548512,47457277.7142857
405582.699961831,4496854.45400576,"131","10","01","1311001","Pizarra, La",La Pizarra,La Pizarra Núcleo,"1916","7","3",-4.116213393,40.6171247049,3270,3270,4192,3518,5045,5045,5688,5015,19008,19008,17186,19732,,,,,,,,,,,,,49593,49593,50126,50173,49510,49510,50283,50330,40710,40710,43366,43366,6389,6389,8901,10685,339,343,1222,1130,649,677,1354,1250,1302,1290,3181,3495,,,,,,,,,,,,,2633,2236,4380,3708,2641,2278,4535,3863,1997,1899,5390,5544,610,611,2115,2353,25343.25,3562.5,3270,3855,5198.25,5045,5351.5,24789.2857142857,18733.5,19008,18459,47272.5,46604.3333333333,47940.6666666667,8091,6389,9793,25897.2142857143,2250.89285714286,758.5,341,1176,982.5,663,1302,1393.21428571429,2317,1296,3338,3425.33333333333,2280.66666666667,4570,1422.25,610.5,2234,3108.57142857143,48557667,6825750,6265320,7386180,9959847,9666220,10253474,47496271.4285714,35893386,36419328,35367444,90574110,89293902.6666667,91854317.3333333,15502356,12241324,18763388,49619062.5714286,4312710.71428571,1453286,653356,2253216,1882470,1270308,2494632,2669398.57142857,4439372,2483136,6395608,6562938.66666667,4369757.33333333,8756120,2725031,1169718,4280344,5956022.85714286
404706.630244681,4480350.68381658,"095","01","02","0950102",Navalagamella,Navalagamella,Navalagamella Núcleo,"2784","7","3",-4.1230048359,40.4691099114,20768,20768,24385,24385,19558,19558,25942,25942,30516,30516,84353,84183,,,,,,,,,,,,,45928,45928,44804,44634,45845,45845,44975,44805,28862,28862,36592,36102,16727,16727,19225,19225,1454,1512,4297,3097,1483,1593,4452,3252,2613,2617,5879,6630,,,,,,,,,,,,,3101,2500,4074,3925,3188,2599,4232,4083,1861,1770,4826,4067,1065,1065,3739,2539,34855.7142857143,22576.5,20768,24385,22750,19558,25942,29743.4285714286,57392,30516,84268,41098.5,40211.6666666667,41985.3333333333,17976,16727,19225,39968,3125.46428571429,2590,1483,3697,2695,1538,3852,2030.07142857143,4434.75,2615,6254.5,3352.16666666667,2503.16666666667,4201.16666666667,2102,1065,3139,4220.85714285714,97038308.5714286,62852976,57818112,67887840,63336000,54449472,72222528,82805705.1428571,159779328,84956544,234602112,114418224,111949280,116887168,50045184,46567968,53522400,111270912,8701292.57142857,7210560,4128672,10292448,7502880,4281792,10723968,5651718.85714286,12346344,7280160,17412528,9332432,6968816,11696048,5851968,2964960,8738976,11750866.2857143
406977.304337414,4479546.89121259,"095","03","01","0950301",Cerro Alarcón,Cerro Alarcón,Cerro Alarcón Núcleo,"172","7","3",-4.0971825157,40.4613884268,20428,20428,27356,66416,19218,19218,28913,65581,29787,29787,90214,87307,,,,,,,,,,,,,44581,44581,50665,47758,44498,44498,50836,47929,27514,27514,42895,39226,16387,16387,22196,61814,1536,1580,4949,6718,1562,1675,5104,6123,2726,2677,6531,6230,,,,,,,,,,,,,3053,2468,4126,4125,3161,2557,4284,4283,1843,1730,4898,4567,1135,1144,4391,5737,40497.5714285714,33657,20428,46886,33232.5,19218,47247,28916.1428571429,59273.75,29787,88760.5,42707.9166666667,38864.3333333333,46551.5,29196,16387,42005,52079,3604.03571428571,3695.75,1558,5833.5,3616,1618.5,5613.5,2060.5,4541,2701.5,6380.5,3424.58333333333,2468.66666666667,4380.5,3101.75,1139.5,5064,5147.57142857143,6965582.28571429,5789004,3513616,8064392,5715990,3305496,8126484,4973576.57142857,10195085,5123364,15266806,7345761.66666667,6684665.33333333,8006858,5021712,2818564,7224860,8957588,619894.142857143,635669,267976,1003362,621952,278382,965522,354406,781052,464658,1097446,589028.333333333,424610.666666667,753446,533501,195994,871008,885382.285714286
440010.913325121,4523258.7451357,"028","01","01","0280101",Bustarviejo,Bustarviejo,Bustarviejo Núcleo,"2338","1","4",-3.7117676076,40.8581898048,21715,21715,36618,110045,36000,36000,30520,30520,44146,44146,73034,72456,,,,,,,,,,,,,60538,60538,55053,55053,58209,58209,53898,53898,,,,,23862,23862,25940,20555,1359,1449,6928,10904,1980,2097,2720,2720,2244,2254,6527,6887,,,,,,,,,,,,,2898,2753,4553,4553,3095,2921,4580,4580,,,,,1282,1377,3261,4330,46105.4166666667,47523.25,21715,73331.5,33260,36000,30520,40745,58445.5,44146,72745,56924.5,59373.5,54475.5,23554.75,23862,23247.5,51465.8333333333,3677.16666666667,5160,1404,8916,2379.25,2038.5,2720,2142.41666666667,4478,2249,6707,3741.625,2916.75,4566.5,2562.5,1329.5,3795.5,5211.91666666667,107794464.166667,111109358.5,50769670,171449047,77761880,84168000,71355760,95261810,136645579,103213348,170077810,133089481,138815243,127363719,55071005.5,55789356,54352655,120327118.333333,8597215.66666667,12064080,3282552,20845608,5562686.5,4766013,6359360,5008970.16666667,10469564,5258162,15680966,8747919.25,6819361.5,10676477,5991125,3108371,8873879,12185461.1666667
440891.239528112,4523820.6153438,"028","09","01","0280901","Pedregal, El",El Pedregal,El Pedregal Núcleo,"253","1","4",-3.70137672,40.8633149826,22882,22882,35920,111367,37167,37167,31842,31842,45313,45313,44689,73778,,,,,,,,,,,,,61705,61705,56375,56375,59376,59376,55220,55220,,,,,20927,20927,25242,19857,1508,1608,7232,12049,2126,2268,3865,3865,2387,2416,6837,8032,,,,,,,,,,,,,3084,2923,5698,5698,3200,3062,5725,5725,,,,,1259,1305,3565,4620,45519.4583333333,48262.75,22882,73643.5,34504.5,37167,31842,41228.3333333333,52273.25,45313,59233.5,58169,60540.5,55797.5,21738.25,20927,22549.5,49810.5833333333,4169.04166666667,5599.25,1558,9640.5,3031,2197,3865,2262.16666666667,4918,2401.5,7434.5,4389.375,3067.25,5711.5,2687.25,1282,4092.5,6075.91666666667,11516422.9583333,12210475.75,5789146,18631805.5,8729638.5,9403251,8056026,10430768.3333333,13225132.25,11464189,14986075.5,14716757,15316746.5,14116767.5,5499777.25,5294531,5705023.5,12602077.5833333,1054767.54166667,1416610.25,394174,2439046.5,766843,555841,977845,572328.166666667,1244254,607579.5,1880928.5,1110511.875,776014.25,1445009.5,679874.25,324346,1035402.5,1537206.91666667
441393.567761563,4523188.03048747,"028","13","01","0281301",Cuesta Eusebia,Cuesta Eusebia,Cuesta Eusebia Núcleo,"55","1","4",-3.695356984,40.8576528766,20538,20538,35511,108099,34822,34822,32684,32203,42968,42968,44280,74139,,,,,,,,,,,,,59360,59360,55139,56736,57031,57031,56061,55581,,,,,22685,22685,24833,19448,1309,1345,7325,12033,1918,1985,3649,4269,2180,2137,6930,8436,,,,,,,,,,,,,2861,2643,7797,6102,3018,2807,5728,6129,,,,,1215,1276,3658,4709,44563.4166666667,46171.5,20538,71805,33632.75,34822,32443.5,39567.3333333333,51088.75,42968,59209.5,57037.375,58195.5,55879.25,22412.75,22685,22140.5,49559.5,4227.45833333333,5503,1327,9679,2955.25,1951.5,3959,2057.83333333333,4920.75,2158.5,7683,4635.625,2832.25,6439,2714.5,1245.5,4183.5,6397.08333333333,2450987.91666667,2539432.5,1129590,3949275,1849801.25,1915210,1784392.5,2176203.33333333,2809881.25,2363240,3256522.5,3137055.625,3200752.5,3073358.75,1232701.25,1247675,1217727.5,2725772.5,232510.208333333,302665,72985,532345,162538.75,107332.5,217745,113180.833333333,270641.25,118717.5,422565,254959.375,155773.75,354145,149297.5,68502.5,230092.5,351839.583333333
441979.012182572,4523919.13448333,"028","13","02","0281302","Pesquera, La",La Pesquera,La Pesquera Núcleo,"36","1","4",-3.688479441,40.8642801806,22214,22214,34557,23509,38081,38081,32825,32825,47149,47149,43326,72092,,,,,,,,,,,,,63542,63542,54185,57357,61213,61213,56202,56202,,,,,19560,19560,23879,18494,1535,1577,6846,4542,2196,2324,3259,3091,2279,2220,6451,7314,,,,,,,,,,,,,2967,2735,7318,5015,3126,2905,5338,5037,,,,,1170,1194,3179,4224,42040.4583333333,25623.5,22214,29033,35453,38081,32825,41959.8333333333,52429,47149,57709,59182,62377.5,55986.5,20373.25,19560,21186.5,42121.0833333333,3660.08333333333,3625,1556,5694,2717.5,2260,3175,2185.66666666667,4566,2249.5,6882.5,4305.125,2933.25,5677,2441.75,1182,3701.5,5134.5,1513456.5,922446,799704,1045188,1276308,1370916,1181700,1510554,1887444,1697364,2077524,2130552,2245590,2015514,733437,704160,762714,1516359,131763,130500,56016,204984,97830,81360,114300,78684,164376,80982,247770,154984.5,105597,204372,87903,42552,133254,184842
437812.326695906,4528902.03814797,"034","01","01","0340101",Canencia,Canencia,Canencia Núcleo,"440","1","4",-3.7384165,40.908858838,39491,39491,103355,34408,40909,40909,104771,95525,61702,61702,68490,81590,,,,,,,,,,,,,78094,78094,79540,67166,75765,75765,81505,69130,,,,,13739,13739,18128,23463,1878,1925,9662,10033,2688,2738,10252,9375,2730,2681,6627,8544,,,,,,,,,,,,,3444,3186,7494,6594,3575,3401,8171,7264,,,,,846,856,2155,4015,60269.625,54186.25,39491,68881.5,70528.5,40909,100148,51616.6666666667,68371,61702,75040,75632.375,76929.5,74335.25,17267.25,13739,20795.5,68922.5833333333,5005.58333333333,5874.5,1901.5,9847.5,6263.25,2713,9813.5,2495.66666666667,5145.5,2705.5,7585.5,5391.125,3401.5,7380.75,1968,851,3085,7515.5,26518635,23841950,17376040,30307860,31032540,17999960,44065120,22711333.3333333,30083240,27148880,33017600,33278245,33848980,32707510,7597590,6045160,9150020,30325936.6666667,2202456.66666667,2584780,836660,4332900,2755830,1193720,4317940,1098093.33333333,2264020,1190420,3337620,2372095,1496660,3247530,865920,374440,1357400,3306820
459724.050010539,4497626.54979214,"162","01","01","1620101",Alalpardo,Alalpardo,Alalpardo Núcleo,"2465","2","4",-3.476231972,40.6284926717,26755,26755,32255,63538,20544,20544,21319,21319,16072,16072,18242,18229,,,,,,,,,,,,,38848,32658,31004,30892,35688,30329,36057,35981,,,,,19669,19669,29184,29072,1845,1903,4750,7394,1711,1336,3376,3879,1477,1251,2493,3057,,,,,,,,,,,,,2114,1794,3048,3242,2228,1931,3856,4397,,,,,1549,1258,4278,4181,27945.625,37325.75,26755,47896.5,20931.5,20544,21319,25300.25,17153.75,16072,18235.5,33932.125,34380.75,33483.5,24398.5,19669,29128,30591,2847.83333333333,3973,1874,6072,2575.5,1523.5,3627.5,1699.75,2069.5,1364,2775,2826.25,2016.75,3635.75,2816.5,1403.5,4229.5,3995.91666666667,68885965.625,92007973.75,65951075,118064872.5,51596147.5,50640960,52551335,62365116.25,42283993.75,39617480,44950507.5,83642688.125,84748548.75,82536827.5,60142302.5,48484085,71800520,75406815,7019909.16666667,9793445,4619410,14967480,6348607.5,3755427.5,8941787.5,4189883.75,5101317.5,3362260,6840375,6966706.25,4971288.75,8962123.75,6942672.5,3459627.5,10425717.5,9849934.58333333
460324.506580719,4495811.65255263,"162","03","01","1620301",Miraval,Miraval,Miraval Núcleo,"851","2","4",-3.469017899,40.6121721717,27353,27353,30570,61845,21142,21142,19626,19626,16670,16670,16549,16536,,,,,,,,,,,,,39446,33256,29311,29199,36286,30927,34364,34288,,,,,20268,20268,27491,27380,1926,1995,4750,7430,1767,1414,3425,3915,1550,1332,2542,3093,,,,,,,,,,,,,2197,1874,3097,3278,2311,2021,3905,4433,,,,,1614,1346,4327,4217,27398.5833333333,36780.25,27353,46207.5,20384,21142,19626,25898.4166666667,16606.25,16670,16542.5,33384.625,34978.75,31790.5,23851.75,20268,27435.5,28898.75,2906.625,4025.25,1960.5,6090,2630.25,1590.5,3670,1778.91666666667,2129.25,1441,2817.5,2889.5,2100.75,3678.25,2876,1480,4272,4034.33333333333,23316194.4166667,31299992.75,23277403,39322582.5,17346784,17991842,16701726,22039552.5833333,14131918.75,14186170,14077667.5,28410315.875,29766916.25,27053715.5,20297839.25,17248068,23347610.5,24592836.25,2473537.875,3425487.75,1668385.5,5182590,2238342.75,1353515.5,3123170,1513858.08333333,1811991.75,1226291,2397692.5,2458964.5,1787738.25,3130190.75,2447476,1259480,3635472,3433217.66666667
461684.342435779,4498728.43977921,"162","02","01","1620201",Valdeolmos,Valdeolmos,Valdeolmos Núcleo,"1155","2","4",-3.4531208367,40.6385123348,28463,28463,34293,65574,22723,22723,23321,23321,18251,18251,20244,20231,,,,,,,,,,,,,34837,34837,33005,32894,37867,32508,38058,37983,,,,,28510,28510,38227,38227,1886,1942,4871,7532,1810,1484,3472,3989,1613,1403,2589,3167,,,,,,,,,,,,,2328,1943,3144,3352,2381,2099,3952,4507,,,,,1642,1676,4422,4422,30888.375,39198.25,28463,49933.5,23022,22723,23321,27995.25,19244.25,18251,20237.5,35248.625,35012.25,35485,33368.5,28510,38227,33781.5,2984.41666666667,4057.75,1914,6201.5,2688.75,1647,3730.5,1850.58333333333,2193,1508,2878,2963.25,2187.75,3738.75,3040.5,1659,4422,4118.25,35676073.125,45273978.75,32874765,57673192.5,26590410,26245065,26935755,32334513.75,22227108.75,21079905,23374312.5,40712161.875,40439148.75,40985175,38540617.5,32929050,44152185,39017632.5,3447001.25,4686701.25,2210670,7162732.5,3105506.25,1902285,4308727.5,2137423.75,2532915,1741740,3324090,3422553.75,2526851.25,4318256.25,3511777.5,1916145,5107410,4756578.75
461770.366477229,4547452.60976055,"069","01","01","0690101","Hiruela, La",La Hiruela,La Hiruela Núcleo,"82","1","4",-3.455097608,41.0774323551,45016,45016,54633,115385,82530,82530,108304,119929,82228,82228,93702,80521,,,,,,,,,,,,,98621,98621,79278,91570,96292,96292,81243,93535,,,,,28903,28903,29731,27221,3272,3313,13849,12278,4279,4268,14668,13491,4089,4070,12960,9243,,,,,,,,,,,,,4602,4577,11010,10110,4742,4708,11989,11159,,,,,2221,2253,5551,5191,76759.6666666667,65012.5,45016,85009,98323.25,82530,114116.5,72265,84669.75,82228,87111.5,91931.5,97456.5,86406.5,28689.5,28903,28476,81254.3333333333,7412.20833333333,8178,3292.5,13063.5,9176.5,4273.5,14079.5,3866.16666666667,7590.5,4079.5,11101.5,7862.125,4657.25,11067,3804,2237,5371,10958.25,6294292.66666667,5331025,3691312,6970738,8062506.5,6767460,9357553,5925730,6942919.5,6742696,7143143,7538383,7991433,7085333,2352539,2370046,2335032,6662855.33333333,607801.083333333,670596,269985,1071207,752473,350427,1154519,317025.666666667,622421,334519,910323,644694.25,381894.5,907494,311928,183434,440422,898576.5
427384.735866328,4509506.90973986,"082","01","01","0820101",Manzanares el Real,Manzanares el Real,Manzanares el Real Núcleo,"8934","19","4",-3.8599618733,40.7332979943,15258,15258,19601,16010,17698,17698,20675,17083,47747,47747,59673,59019,,,,,,,,,,,,,40883,40883,41628,41616,40365,40365,40479,40461,,,,,17598,17598,38403,38403,1029,1046,2827,2134,1045,1061,3037,2345,2509,2336,5845,6556,,,,,,,,,,,,,2139,1984,3592,4222,2291,2255,3637,4247,,,,,1185,1222,5982,7625,33006.2083333333,16531.75,15258,17805.5,18288.5,17698,18879,29924.8333333333,53546.5,47747,59346,40835,40624,41046,28000.5,17598,38403,36087.5833333333,3006.29166666667,1759,1037.5,2480.5,1872,1053,2691,1675.16666666667,4311.5,2422.5,6200.5,3045.875,2167.25,3924.5,4003.5,1203.5,6803.5,4337.41666666667,294877465.25,147694654.5,136314972,159074337,163389459,158113932,168664986,267348461,478384431,426571698,530197164,364819890,362934816,366704964,250156467,157220532,343092402,322406469.5,26858209.75,15714906,9269025,22160787,16724448,9407502,24041394,14965939,38518941,21642615,55395267,27211847.25,19362211.5,35061483,35767269,10752069,60782469,38750480.5
420336.051948375,4508263.85677942,"082","02","01","0820201","Ponderosa de la Sierra, La",La Ponderosa de la Sierra,La Ponderosa de la Sierra Núcleo,"576","19","4",-3.9432690121,40.7214492008,20127,20127,27274,27249,22329,22329,28347,28322,52378,52378,70911,62005,,,,,,,,,,,,,45514,45514,52867,46013,44996,44996,51718,44865,,,,,9476,9476,35426,35426,1237,1239,3644,3233,1219,1216,3854,3444,2656,2476,6768,7077,,,,,,,,,,,,,2342,2153,4515,4732,2479,2428,4560,4772,,,,,664,672,5564,5564,37502.625,23694.25,20127,27261.5,25331.75,22329,28334.5,32470,59418,52378,66458,47060.375,45255,48865.75,22451,9476,35426,42535.25,3271.16666666667,2338.25,1238,3438.5,2433.25,1217.5,3649,1731.75,4744.25,2566,6922.5,3497.625,2350.5,4644.75,3116,668,5564,4810.58333333333,21601512,13647888,11593152,15702624,14591088,12861504,16320672,18702720,34224768,30169728,38279808,27106776,26066880,28146672,12931776,5458176,20405376,24500304,1884192,1346832,713088,1980576,1401552,701280,2101824,997488,2732688,1478016,3987360,2014632,1353888,2675376,1794816,384768,3204864,2770896
465393.218750549,4498632.02985122,"057","03","01","0570301",Jardín de Serracines,Jardín de Serracines,Jardín de Serracines Núcleo,"746","2","4",-3.4092554951,40.6378075847,25103,25103,25264,28612,34057,34914,44674,44618,30442,30442,41865,57234,,,,,,,,,,,,,47436,47028,46981,49208,44276,44699,58733,46360,,,,,22520,22520,24464,27263,1760,1781,3309,3896,2159,2006,7366,7545,2125,1927,6772,8173,,,,,,,,,,,,,2578,2474,6400,6667,2664,2627,7026,7236,,,,,1396,1411,4420,3938,37659,26020.5,25103,26938,39565.75,34485.5,44646,34045,39995.75,30442,49549.5,48090.125,45859.75,50320.5,24191.75,22520,25863.5,41273,4069,2686.5,1770.5,3602.5,4769,2082.5,7455.5,2075.66666666667,4749.25,2026,7472.5,4709,2585.75,6832.25,2791.25,1403.5,4179,6062.33333333333,28093614,19411293,18726838,20095748,29516049.5,25726183,33305916,25397570,29836829.5,22709732,36963927,35875233.25,34211373.5,37539093,18047045.5,16799920,19294171,30789658,3035474,2004129,1320793,2687465,3557674,1553545,5561803,1548447.33333333,3542940.5,1511396,5574485,3512914,1928969.5,5096858.5,2082272.5,1047011,3117534,4522500.66666667
467214.974513339,4496498.28112934,"057","02","02","0570202",Valle del Río,Valle del Río,Valle del Río Núcleo,"12","2","4",-3.387600968,40.6186598017,26433,26433,26193,29904,35387,35387,45603,45915,31771,31771,42794,58531,,,,,,,,,,,,,48766,48358,47910,50505,45605,46029,59662,47657,,,,,23850,23850,25393,28555,2087,2099,5314,5603,2496,2308,9371,9240,2435,2233,8777,9868,,,,,,,,,,,,,2908,2791,8405,8362,3009,2962,9031,8931,,,,,1715,1746,6425,5645,38844.25,27240.75,26433,28048.5,40573,35387,45759,35303.3333333333,41216.75,31771,50662.5,49311.5,47189.5,51433.5,25412,23850,26974,42385.1666666667,5156.70833333333,3775.75,2093,5458.5,5853.75,2402,9305.5,2399.08333333333,5828.25,2334,9322.5,5799.875,2917.5,8682.25,3882.75,1730.5,6035,7914.33333333333,466131,326889,317196,336582,486876,424644,549108,423640,494601,381252,607950,591738,566274,617202,304944,286200,323688,508622,61880.5,45309,25116,65502,70245,28824,111666,28789,69939,28008,111870,69598.5,35010,104187,46593,20766,72420,94972
466182.43130088,4496726.84298528,"057","02","01","0570201",Serracines,Serracines,Serracines Núcleo,"1787","2","4",-3.399820208,40.6206772157,23489,23489,22818,26529,32443,33300,42228,42535,31794,28828,39419,55151,,,,,,,,,,,,,45822,45414,44536,47125,42662,43085,56288,44277,,,,,20907,20907,22018,25181,1635,1660,2885,3174,2022,1881,6942,6815,1908,1796,6348,7443,,,,,,,,,,,,,2439,2334,5976,5937,2538,2491,6602,6506,,,,,1268,1289,3996,3216,35843.5416666667,24081.25,23489,24673.5,37626.5,32871.5,42381.5,32678.3333333333,38798,30311,47285,46151.125,44245.75,48056.5,22253.25,20907,23599.5,39008.75,3712.54166666667,2338.5,1647.5,3029.5,4415,1951.5,6878.5,1938.41666666667,4373.75,1852,6895.5,4352.875,2450.5,6255.25,2442.25,1278.5,3606,5486.66666666667,64052408.9583333,43033193.75,41974843,44091544.5,67238555.5,58741370.5,75735740.5,58396181.6666667,69332026,54165757,84498295,82472060.375,79067155.25,85876965.5,39766557.75,37360809,42172306.5,69708636.25,6634311.95833333,4178899.5,2944082.5,5413716.5,7889605,3487330.5,12291879.5,3463950.58333333,7815891.25,3309524,12322258.5,7778587.625,4379043.5,11178131.75,4364300.75,2284679.5,6443922,9804673.33333333
451068.848706666,4534770.42492572,"902","04","01","9020401",Manjirón,Manjirón,Manjirón Núcleo,"433","19","4",-3.5814806662,40.9626209664,52050,52050,98074,98074,55168,55168,96484,96484,54867,54867,60203,60203,,,,,,,,,,,,,71260,71260,71253,71253,68930,68930,73218,73218,,,,,6917,6917,7164,7164,2582,2662,10802,10802,2578,2580,10542,10542,2438,2438,7017,7017,,,,,,,,,,,,,3120,2934,7884,7884,3221,3086,8633,8633,,,,,560,569,1277,1277,59632.3333333333,75062,52050,98074,75826,55168,96484,51532,57535,54867,60203,71165.25,70095,72235.5,7040.5,6917,7164,67732.6666666667,5044.91666666667,6712,2622,10802,6560.5,2579,10542,2397.33333333333,4727.5,2438,7017,5674.375,3090.25,8258.5,920.75,564.5,1277,7692.5,25820800.3333333,32501846,22537650,42466042,32832658,23887744,41777572,22313356,24912655,23757411,26067899,30814553.25,30351135,31277971.5,3048536.5,2995061,3102012,29328244.6666667,2184448.91666667,2906296,1135326,4677266,2840696.5,1116707,4564686,1038045.33333333,2047007.5,1055654,3038361,2457004.375,1338078.25,3575930.5,398684.75,244428.5,552941,3330852.5
452906.978392948,4539597.39591513,"902","01","01","9020101",Paredes de Buitrago,Paredes de Buitrago,Paredes de Buitrago Núcleo,"67","19","4",-3.5600056935,41.0062096083,57708,57708,101106,101106,60826,60826,99516,99516,60525,60525,85581,85581,,,,,,,,,,,,,76918,76918,71158,71158,74588,74588,73122,73122,,,,,12575,12575,19164,19164,3034,3125,8990,8990,3036,3078,8744,8744,2885,2868,7913,7913,,,,,,,,,,,,,3569,3409,5963,5963,3738,3547,6633,6633,,,,,1019,1016,2904,2904,66065.5833333333,79407,57708,101106,80171,60826,99516,57190,73053,60525,85581,73946.5,75753,72140,15869.5,12575,19164,74941.1666666667,4859.08333333333,6034.75,3079.5,8990,5900.5,3057,8744,2860.33333333333,5394.75,2876.5,7913,4931.875,3565.75,6298,1960.75,1017.5,2904,6857.83333333333,4426394.08333333,5320269,3866436,6774102,5371457,4075342,6667572,3831730,4894551,4055175,5733927,4954415.5,5075451,4833380,1063256.5,842525,1283988,5021058.16666667,325558.583333333,404328.25,206326.5,602330,395333.5,204819,585848,191642.333333333,361448.25,192725.5,530171,330435.625,238905.25,421966,131370.25,68172.5,194568,459474.833333333
454791.948119179,4537852.29524005,"902","02","01","9020201",Serrada de la Fuente,Serrada de la Fuente,Serrada de la Fuente Núcleo,"79","19","4",-3.537463872,40.9905967281,61026,61026,104218,104218,64144,64144,102628,102628,63843,63843,88693,88693,,,,,,,,,,,,,80235,80235,74270,74270,77906,77906,76234,76234,,,,,15893,15893,22276,22276,3290,3362,9237,9237,3271,3314,8991,8991,3097,3098,8160,8160,,,,,,,,,,,,,3793,3641,6210,6210,3949,3774,6880,6880,,,,,1256,1244,3151,3151,69280.5,82622,61026,104218,83386,64144,102628,60507.8333333333,76268,63843,88693,77161.25,79070.5,75252,19084.5,15893,22276,78053.1666666667,5097.79166666667,6281.5,3326,9237,6141.75,3292.5,8991,3090.75,5628.75,3097.5,8160,5167.125,3789.25,6545,2200.5,1250,3151,7104.83333333333,5473159.5,6527138,4821054,8233222,6587494,5067376,8107612,4780118.83333333,6025172,5043597,7006747,6095738.75,6246569.5,5944908,1507675.5,1255547,1759804,6166200.16666667,402725.541666667,496238.5,262754,729723,485198.25,260107.5,710289,244169.25,444671.25,244702.5,644640,408202.875,299350.75,517055,173839.5,98750,248929,561281.833333333
448416.888386266,4534217.16885487,"902","03","01","9020301",Cinco Villas,Cinco Villas,Cinco Villas Núcleo,"119","19","4",-3.6129478499,40.9574741086,49022,49022,95024,95024,52141,52141,93434,93434,51840,51840,57153,57153,,,,,,,,,,,,,68232,68232,68203,68203,65903,65903,70168,70168,,,,,3890,3890,3890,4114,2391,2440,10466,10466,2383,2380,10206,10206,2250,2209,6681,6681,,,,,,,,,,,,,2886,2699,7548,7548,3080,2875,8297,8297,,,,,349,341,3169,941,56584.3333333333,72023,49022,95024,72787.5,52141,93434,48504.6666666667,54496.5,51840,57153,68126.5,67067.5,69185.5,3946,3890,4002,64664,4866.20833333333,6440.75,2415.5,10466,6293.75,2381.5,10206,2190.25,4455.25,2229.5,6681,5403.75,2885,7922.5,1200,345,2055,7542.16666666667,6733535.66666667,8570737,5833618,11307856,8661712.5,6204779,11118646,5772055.33333333,6485083.5,6168960,6801207,8107053.5,7981032.5,8233074.5,469574,462910,476238,7695016,579078.791666667,766449.25,287444.5,1245454,748956.25,283398.5,1214514,260639.75,530174.75,265310.5,795039,643046.25,343315,942777.5,142800,41055,244545,897517.833333333
450615.481461317,4525704.14060415,"021","04","01","0210401",Pradera del Amor,Pradera del Amor,Pradera del Amor Núcleo,"101","1","4",-3.5861460913,40.8809255881,21142,21142,10975,10975,43653,43653,75032,76705,43352,43352,47709,43772,,,,,,,,,,,,,59744,59744,58759,47680,57415,57415,60724,49645,,,,,10081,10081,11377,11377,1057,1071,2712,2712,2035,2027,7068,8578,1907,1846,6146,3866,,,,,,,,,,,,,2554,2355,7313,4920,2774,2486,8240,5899,,,,,576,582,1674,1674,40646,16058.5,21142,10975,59760.75,43653,75868.5,39231.1666666667,44546.25,43352,45740.5,56390.75,58579.5,54202,10729,10081,11377,42060.8333333333,3419.66666666667,1888,1064,2712,4927,2031,7823,1772.5,3441.25,1876.5,5006,4567.625,2542.25,6593,1126.5,579,1674,5066.83333333333,4105246,1621908.5,2135342,1108475,6035835.75,4408953,7662718.5,3962347.83333333,4499171.25,4378552,4619790.5,5695465.75,5916529.5,5474402,1083629,1018181,1149077,4248144.16666667,345386.333333333,190688,107464,273912,497627,205131,790123,179022.5,347566.25,189526.5,505606,461330.125,256767.25,665893,113776.5,58479,169074,511750.166666667
453410.613617977,4527454.57978047,"021","02","01","0210201",Peñáguila,Peñáguila,Peñáguila Núcleo,"28","1","4",-3.5531034,40.89685735,12755,12755,9130,9130,47276,47276,78756,49304,46975,46975,45864,47491,,,,,,,,,,,,,63367,63367,56914,58541,61038,61038,58879,60506,,,,,9600,9600,9309,9309,950,999,3357,3357,2261,2285,8270,6418,2135,2098,6791,4944,,,,,,,,,,,,,2827,2611,7958,5811,2970,2765,8885,6560,,,,,669,741,2194,2194,40631.4583333333,10942.5,12755,9130,55653,47276,64030,40168.5,46826.25,46975,46677.5,60456.25,62202.5,58710,9454.5,9600,9309,41094.4166666667,3752.08333333333,2165.75,974.5,3357,4808.5,2273,7344,1942.58333333333,3992,2116.5,5867.5,5048.375,2793.25,7303.5,1449.5,705,2194,5561.58333333333,1137680.83333333,306390,357140,255640,1558284,1323728,1792840,1124718,1311135,1315300,1306970,1692775,1741670,1643880,264726,268800,260652,1150643.66666667,105058.333333333,60641,27286,93996,134638,63644,205632,54392.3333333333,111776,59262,164290,141354.5,78211,204498,40586,19740,61432,155724.333333333
452673.987388236,4526594.96336408,"021","01","01","0210101","Berrueco, El",El Berrueco,El Berrueco Núcleo,"662","1","4",-3.5617826325,40.8890716785,11633,11633,8008,8008,46154,46154,77552,48182,45853,45853,44742,46288,,,,,,,,,,,,,62245,62245,55792,57338,59916,59916,57757,59303,,,,,8287,8287,8078,8078,908,919,2384,2384,2237,2226,7229,5443,2098,2029,5818,3969,,,,,,,,,,,,,2776,2512,6985,4836,2924,2684,7912,5585,,,,,574,622,1132,1132,39470.9166666667,9820.5,11633,8008,54510.5,46154,62867,39014.6666666667,45684,45853,45515,59314,61080.5,57547.5,8182.5,8287,8078,39927.1666666667,3221.58333333333,1648.75,913.5,2384,4283.75,2231.5,6336,1875.75,3478.5,2063.5,4893.5,4526.75,2724,6329.5,865,598,1132,4567.41666666667,26129746.8333333,6501171,7701046,5301296,36085951,30553948,41617954,25827709.3333333,30242808,30354686,30130930,39265868,40435291,38096445,5416815,5485994,5347636,26431784.3333333,2132688.16666667,1091472.5,604737,1578208,2835842.5,1477253,4194432,1241746.5,2302767,1366037,3239497,2996708.5,1803288,4190129,572630,395876,749384,3023629.83333333
428803.47144068,4530200.92321661,"003","01","01","0030101",Alameda del Valle,Alameda del Valle,Alameda del Valle Núcleo,"253","1","4",-3.845526306,40.9198239026,49106,49106,123304,54357,71617,71617,124720,115474,71316,71316,88439,101539,,,,,,,,,,,,,87708,87708,99489,87115,85379,85379,101454,89079,,,,,23353,23353,38075,38075,2264,2368,10512,11843,3252,3320,11102,11185,3097,3108,7477,10354,,,,,,,,,,,,,3764,3640,8344,8404,3918,3763,9021,9074,,,,,1238,1301,3005,3005,76586.5833333333,68968.25,49106,88830.5,95857,71617,120097,64746.5,83152.5,71316,94989,90413.875,86543.5,94284.25,30714,23353,38075,88426.6666666667,5764.95833333333,6746.75,2316,11177.5,7214.75,3286,11143.5,2919.41666666667,6009,3102.5,8915.5,6241,3771.25,8710.75,2137.25,1269.5,3005,8610.5,19376405.5833333,17448967.25,12423818,22474116.5,24251821,18119101,30384541,16380864.5,21037582.5,18042948,24032217,22874710.375,21895505.5,23853915.25,7770642,5908309,9632975,22371946.6666667,1458534.45833333,1706927.75,585948,2827907.5,1825331.75,831358,2819305.5,738612.416666667,1520277,784932.5,2255621.5,1578973,954126.25,2203819.75,540724.25,321183.5,760265,2178456.5
433000.252171764,4534165.82534458,"076","01","01","0760101",Lozoya,Lozoya,Lozoya Núcleo,"600","1","4",-3.796118979,40.955892275,44420,44420,116201,47254,66931,66931,117617,108371,66630,66630,81336,94436,,,,,,,,,,,,,83023,83023,92386,80012,80694,80694,94351,81976,,,,,18668,18668,30972,30972,2097,2179,10809,12140,3088,3127,11399,11482,2937,2940,7774,10651,,,,,,,,,,,,,3616,3450,8641,8701,3766,3585,9318,9371,,,,,1068,1111,3302,3302,70692.3333333333,63073.75,44420,81727.5,89962.5,66931,112994,60061,77258,66630,87886,84519.875,81858.5,87181.25,24820,18668,30972,81323.6666666667,5827.25,6806.25,2138,11474.5,7274,3107.5,11440.5,2747,6075.5,2938.5,9212.5,6306,3604.25,9007.75,2195.75,1089.5,3302,8907.5,42415400,37844250,26652000,49036500,53977500,40158600,67796400,36036600,46354800,39978000,52731600,50711925,49115100,52308750,14892000,11200800,18583200,48794200,3496350,4083750,1282800,6884700,4364400,1864500,6864300,1648200,3645300,1763100,5527500,3783600,2162550,5404650,1317450,653700,1981200,5344500
460316.661753509,4531596.73462567,"016","01","01","0160101","Atazar, El",El Atazar,El Atazar Núcleo,"104","1","4",-3.471383504,40.934534199,23759,23759,23746,23746,64546,64546,99888,78132,64245,64245,60480,60479,,,,,,,,,,,,,80637,80637,71530,71528,78308,78308,73495,73492,,,,,26929,26929,58522,42623,1709,1739,3128,3128,3555,3580,10270,11696,3350,3355,6262,8182,,,,,,,,,,,,,4041,3855,7429,9229,4187,3998,8356,10199,,,,,1938,2050,10070,8930,58937.875,23752.5,23759,23746,76778,64546,89010,56404,62362.25,64245,60479.5,75991.875,79472.5,72511.25,38750.75,26929,50572.5,61471.75,5593.16666666667,2426,1724,3128,7275.25,3567.5,10983,3113.08333333333,5287.25,3352.5,7222,6411.75,4020.25,8803.25,5747,1994,9500,8073.25,6129539,2470260,2470936,2469584,7984912,6712784,9257040,5866016,6485674,6681480,6289868,7903155,8265140,7541170,4030078,2800616,5259540,6393062,581689.333333333,252304,179296,325312,756626,371020,1142232,323760.666666667,549874,348660,751088,666822,418106,915538,597688,207376,988000,839618
457139.971166958,4490808.36841887,"041","01","01","0410101",Cobeña,Cobeña,Cobeña Núcleo,"7723","2","4",-3.5063219981,40.5669409378,18355,24478,15152,16868,15959,15959,15572,15572,15309,15309,12752,12741,,,,,,,,,,,,,29338,29338,25548,26251,26178,26178,31269,28216,,,,,15085,15085,16454,16463,1326,1464,3084,3804,1148,993,1913,2069,1035,936,1447,1482,,,,,,,,,,,,,1559,1476,1915,2632,1658,1628,2756,3498,,,,,998,914,2787,3003,19976.2083333333,18713.25,21416.5,16010,15765.5,15959,15572,20547.5833333333,14027.75,15309,12746.5,27789.5,27758,27821,15771.75,15085,16458.5,19404.8333333333,1896.875,2419.5,1395,3444,1530.75,1070.5,1991,1261.25,1225,985.5,1464.5,2140.25,1580.25,2700.25,1925.5,956,2895,2532.5,154276256.958333,144522429.75,165399629.5,123645230,121756956.5,123251357,120262556,158688986.083333,108336313.25,118231407,98441219.5,214618308.5,214375034,214861583,121805225.25,116501455,127108995.5,149863527.833333,14649565.625,18685798.5,10773585,26598012,11821982.25,8267471.5,15376493,9740633.75,9460675,7611016.5,11310333.5,16529150.75,12204270.75,20854030.75,14870636.5,7383188,22358085,19558497.5
442305.169991083,4530476.83979999,"062","03","01","0620301",Garganta de los Montes,Garganta de los Montes,Garganta de los Montes Núcleo,"303","1","4",-3.685218719,40.9233734536,36890,36890,100862,31915,59401,59401,102278,93032,59100,59100,65997,79097,,,,,,,,,,,,,75492,75492,77047,64673,73163,73163,79012,66637,,,,,11137,11137,15633,15633,1816,1830,9366,10697,2817,2801,9956,10039,2651,2568,6331,9208,,,,,,,,,,,,,3323,3081,7198,7258,3478,3259,7875,7928,,,,,783,761,1859,1859,59257.5833333333,51639.25,36890,66388.5,78528,59401,97655,52530.5,65823.5,59100,72547,73084.875,74327.5,71842.25,13385,11137,15633,65984.6666666667,4947.58333333333,5927.25,1823,10031.5,6403.25,2809,9997.5,2430.66666666667,5189.5,2609.5,7769.5,5425,3285.25,7564.75,1315.5,772,1859,7464.5,17955047.75,15646692.75,11177670,20115715.5,23793984,17998503,29589465,15916741.5,19944520.5,17907300,21981741,22144717.125,22521232.5,21768201.75,4055655,3374511,4736799,19993354,1499117.75,1795956.75,552369,3039544.5,1940184.75,851127,3029242.5,736492,1572418.5,790678.5,2354158.5,1643775,995430.75,2292119.25,398596.5,233916,563277,2261743.5
441282.749249983,4533117.11579901,"062","06","01","0620601","Verdugal, El",El Verdugal,El Verdugal Núcleo,"21","1","4",-3.6976109053,40.9470834026,43380,43380,98349,29398,47319,47319,99765,90515,65590,65590,63484,76580,,,,,,,,,,,,,81983,81983,74534,62156,79654,79654,76499,64120,,,,,17628,17628,13121,13121,2180,2237,9440,10112,3130,3187,10030,9454,3005,2972,6405,8623,,,,,,,,,,,,,3669,3509,7272,6673,3863,3649,7949,7343,,,,,1135,1154,1933,1933,59697.9166666667,53626.75,43380,63873.5,71229.5,47319,95140,55925.6666666667,67811,65590,70032,75072.875,80818.5,69327.25,15374.5,17628,13121,63470.1666666667,5035.70833333333,5992.25,2208.5,9776,6450.25,3158.5,9742,2807.5,5251.25,2988.5,7514,5490.875,3672.5,7309.25,1538.75,1144.5,1933,7263.91666666667,1253656.25,1126161.75,910980,1341343.5,1495819.5,993699,1997940,1174439,1424031,1377390,1470672,1576530.375,1697188.5,1455872.25,322864.5,370188,275541,1332873.5,105749.875,125837.25,46378.5,205296,135455.25,66328.5,204582,58957.5,110276.25,62758.5,157794,115308.375,77122.5,153494.25,32313.75,24034.5,40593,152542.25
440883.510805862,4532513.2516209,"062","05","01","0620501","Pajarillas, Las",Las Pajarillas,Las Pajarillas Núcleo,"10","1","4",-3.702296231,40.941615212,33793,33793,97806,28829,56304,56304,99222,89946,56003,56003,62941,76011,,,,,,,,,,,,,72395,72395,73991,61587,70066,70066,75956,63551,,,,,8040,8040,12578,12578,1500,1525,8966,9628,2473,2467,9556,8970,2323,2320,5931,8139,,,,,,,,,,,,,2991,2822,6798,6189,3147,2962,7475,6859,,,,,440,449,1459,1459,56174.9166666667,48555.25,33793,63317.5,75444,56304,94584,49433.5,62739.5,56003,69476,70000.875,71230.5,68771.25,10309,8040,12578,62916.3333333333,4452,5404.75,1512.5,9297,5866.5,2470,9263,2118.25,4678.25,2321.5,7035,4905.375,2980.5,6830.25,951.75,444.5,1459,6785.75,561749.166666667,485552.5,337930,633175,754440,563040,945840,494335,627395,560030,694760,700008.75,712305,687712.5,103090,80400,125780,629163.333333333,44520,54047.5,15125,92970,58665,24700,92630,21182.5,46782.5,23215,70350,49053.75,29805,68302.5,9517.5,4445,14590,67857.5
444477.096758884,4532749.83923833,"062","02","01","0620201","Cuadrón, El",El Cuadrón,El Cuadrón Núcleo,"31","1","4",-3.659628887,40.9439984396,30338,30338,94309,25363,52850,52850,95725,86480,52549,52549,59444,72545,,,,,,,,,,,,,68941,68941,70494,58121,66612,66612,72459,60085,,,,,4586,4586,9080,9080,1377,1402,8768,9439,2364,2358,9358,8781,2219,2183,5733,7950,,,,,,,,,,,,,2872,2673,6600,6000,3031,2832,7277,6670,,,,,311,317,1261,1261,52705.7083333333,45087,30338,59836,71976.25,52850,91102.5,45979.3333333333,59271.75,52549,65994.5,66533.125,67776.5,65289.75,6833,4586,9080,59432.0833333333,4293.20833333333,5246.5,1389.5,9103.5,5715.25,2361,9069.5,1994.91666666667,4521.25,2201,6841.5,4744.375,2852,6636.75,787.5,314,1261,6591.5,1633876.95833333,1397697,940478,1854916,2231263.75,1638350,2824177.5,1425359.33333333,1837424.25,1629019,2045829.5,2062526.875,2101071.5,2023982.25,211823,142166,281480,1842394.58333333,133089.458333333,162641.5,43074.5,282208.5,177172.75,73191,281154.5,61842.4166666667,140158.75,68231,212086.5,147075.625,88412,205739.25,24412.5,9734,39091,204336.5
445994.293579045,4540912.95243177,"064","02","01","0640201",Gascones,Gascones,Gascones Núcleo,"174","1","4",-3.6423182078,41.0176310376,37091,37091,42922,98966,59603,59603,96593,60621,59302,59302,81991,62570,,,,,,,,,,,,,75694,75694,67567,69300,73365,73365,69532,71265,,,,,11339,11339,15573,15510,1637,1674,9334,8663,2638,2618,10153,6692,2464,2440,8445,5422,,,,,,,,,,,,,3146,2955,6495,6135,3267,3092,7474,6872,,,,,591,587,3256,2416,57716.5833333333,54017.5,37091,70944,69105,59603,78607,52732.3333333333,65791.25,59302,72280.5,71972.75,74529.5,69416,13440.25,11339,15541.5,62700.8333333333,4519.41666666667,5327,1655.5,8998.5,5525.25,2628,8422.5,2259.08333333333,4692.75,2452,6933.5,4929.5,3115,6744,1712.5,589,2836,6779.75,10042685.5,9399045,6453834,12344256,12024270,10370922,13677618,9175426,11447677.5,10318548,12576807,12523258.5,12968133,12078384,2338603.5,1972986,2704221,10909945,786378.5,926898,288057,1565739,961393.5,457272,1465515,393080.5,816538.5,426648,1206429,857733,542010,1173456,297975,102486,493464,1179676.5
421017.207590387,4506196.17759671,"023","02","01","0230201",Cerceda,Cerceda,Cerceda Núcleo,"3536","19","4",-3.9349441768,40.7028902269,16375,16375,23159,23142,18577,18577,24240,39377,48626,48626,56446,57895,,,,,,,,,,,,,41762,41762,41903,41903,41243,41243,40755,40755,,,,,9437,9437,31018,14369,1002,996,2921,2453,990,979,3131,4010,2458,2253,4976,5819,,,,,,,,,,,,,2084,1892,3173,3474,2235,2165,3223,3514,,,,,683,691,4909,4561,32791.75,19762.75,16375,23150.5,25192.75,18577,31808.5,29336.6666666667,52898.25,48626,57170.5,41415.75,41502.5,41329,16065.25,9437,22693.5,36246.8333333333,2691.33333333333,1843,999,2687,2277.5,984.5,3570.5,1535.66666666667,3876.5,2355.5,5397.5,2720,2094,3346,2711,687,4735,3847,115951628,69881084,57902000,81860168,89081564,65688272,112474856,103734453.333333,187048212,171941536,202154888,146446092,146752840,146139344,56806724,33369232,80244216,128168802.666667,9516554.66666667,6516848,3532464,9501232,8053240,3481192,12625288,5430117.33333333,13707304,8329048,19085560,9617920,7404384,11831456,9586096,2429232,16742960,13602992
422039.999065239,4506337.65055269,"023","11","01","0231101",San Muriel,San Muriel,San Muriel Núcleo,"82","19","4",-3.9228561666,40.704261961,16700,16700,21666,21650,18902,18902,22747,22723,48951,48951,65312,64658,,,,,,,,,,,,,42087,42087,47267,47255,41568,41568,46119,46100,,,,,10530,10530,31836,42457,1000,993,2672,2181,987,976,2882,2392,2464,2253,5796,6603,,,,,,,,,,,,,2081,1897,3543,4269,2228,2165,3588,4294,,,,,749,757,4748,5525,34886.0833333333,19179,16700,21658,20818.5,18902,22735,29789.6666666667,56968,48951,64985,44256.375,41827.5,46685.25,23838.25,10530,37146.5,39982.5,2793.45833333333,1711.5,996.5,2426.5,1809.25,981.5,2637,1545.83333333333,4279,2358.5,6199.5,3008.125,2092.75,3923.5,2944.75,753,5136.5,4041.08333333333,2860658.83333333,1572678,1369400,1775956,1707117,1549964,1864270,2442752.66666667,4671376,4013982,5328770,3629022.75,3429855,3828190.5,1954736.5,863460,3046013,3278565,229063.583333333,140343,81713,198973,148358.5,80483,216234,126758.333333333,350878,193397,508359,246666.25,171605.5,321727,241469.5,61746,421193,331368.833333333
424044.08513659,4507719.04303173,"023","05","01","0230501",Peña de las Gallinas,Peña de las Gallinas,Peña de las Gallinas Núcleo,"308","19","4",-3.899302895,40.716892165,19180,19180,19677,19660,21382,21382,20758,20734,51431,51431,63323,62669,,,,,,,,,,,,,44567,44567,45278,45266,44049,44049,44130,44111,,,,,13010,13010,34323,41304,1142,1150,2668,2145,1128,1125,2878,2356,2582,2389,5792,6567,,,,,,,,,,,,,2232,2043,3539,4233,2373,2320,3584,4258,,,,,893,904,5226,6084,35352.9583333333,19424.25,19180,19668.5,21064,21382,20746,32269.8333333333,57213.5,51431,62996,44502.125,44308,44696.25,25411.75,13010,37813.5,38436.0833333333,2900.45833333333,1776.25,1146,2406.5,1871.75,1126.5,2617,1690.08333333333,4332.5,2485.5,6179.5,3072.75,2242,3903.5,3276.75,898.5,5655,4110.83333333333,10888711.1666667,5982669,5907440,6057898,6487712,6585656,6389768,9939108.66666667,17621758,15840748,19402768,13706654.5,13646864,13766445,7826819,4007080,11646558,11838313.6666667,893341.166666667,547085,352968,741202,576499,346962,806036,520545.666666667,1334410,765534,1903286,946407,690536,1202278,1009239,276738,1741740,1266136.66666667
420938.405893306,4508872.36006502,"023","06","01","0230601","Ponderosa I, La",La Ponderosa I,La Ponderosa I Núcleo,"46","19","4",-3.936214496,40.7269883317,21425,21425,29662,29637,23627,23627,30735,30710,53676,53676,73300,64393,,,,,,,,,,,,,46812,46812,55255,48401,46293,46293,54106,47253,,,,,9205,9205,37814,37814,1310,1338,3214,2848,1292,1315,3424,3059,2751,2589,6338,6692,,,,,,,,,,,,,2385,2242,4085,4347,2523,2494,4130,4387,,,,,718,779,5167,5167,39214.8333333333,25537.25,21425,29649.5,27174.75,23627,30722.5,33506.3333333333,61261.25,53676,68846.5,48903.125,46552.5,51253.75,23509.5,9205,37814,44923.3333333333,3108.08333333333,2177.5,1324,3031,2272.5,1303.5,3241.5,1811.33333333333,4592.5,2670,6515,3324.125,2411,4237.25,2957.75,748.5,5167,4404.83333333333,1803882.33333333,1174713.5,985550,1363877,1250038.5,1086842,1413235,1541291.33333333,2818017.5,2469096,3166939,2249543.75,2141415,2357672.5,1081437,423430,1739444,2066473.33333333,142971.833333333,100165,60904,139426,104535,59961,149109,83321.3333333333,211255,122820,299690,152909.75,110906,194913.5,136056.5,34431,237682,202622.333333333
419605.836137293,4509329.65651956,"023","03","01","0230301",Mataelpino,Mataelpino,Mataelpino Núcleo,"2017","19","4",-3.9520508839,40.7309783358,20755,20755,27496,27471,22957,22957,28569,28544,53006,53006,71134,62227,,,,,,,,,,,,,46142,46142,53089,46235,45623,45623,51940,45087,,,,,10104,10104,35648,35648,1262,1268,3078,2678,1246,1249,3288,2889,2690,2504,6202,6522,,,,,,,,,,,,,2340,2163,3949,4177,2486,2431,3994,4217,,,,,685,696,5007,5007,37927.5833333333,24119.25,20755,27483.5,25756.75,22957,28556.5,33097.8333333333,59843.25,53006,66680.5,47485.125,45882.5,49087.75,22876,10104,35648,42757.3333333333,3001.16666666667,2071.5,1265,2878,2168,1247.5,3088.5,1751.66666666667,4479.5,2597,6362,3219.625,2355,4084.25,2848.75,690.5,5007,4250.66666666667,76499935.5833333,48648527.25,41862835,55434219.5,51951364.75,46304269,57598460.5,66758329.8333333,120703835.25,106913102,134494568.5,95777497.125,92545002.5,99009991.75,46140892,20379768,71902016,86241541.3333333,6053353.16666667,4178215.5,2551505,5804926,4372856,2516207.5,6229504.5,3533111.66666667,9035151.5,5238149,12832154,6493983.625,4750035,8237932.25,5745928.75,1392738.5,10099119,8573594.66666667
422290.643525699,4507781.95532382,"023","01","01","0230101","Boalo, El",El Boalo,El Boalo Núcleo,"2497","19","4",-3.9200685776,40.7172952564,19633,19633,31060,31083,21835,21835,32133,32156,51884,51884,74697,65839,,,,,,,,,,,,,45020,45020,56653,49847,44501,44501,55504,48699,,,,,10649,10649,39258,39258,1189,1203,3170,2829,1173,1183,3380,3040,2623,2444,6294,6673,,,,,,,,,,,,,2283,2100,4041,4328,2418,2372,4086,4368,,,,,820,897,5141,5141,39301.2916666667,25352.25,19633,31071.5,26989.75,21835,32144.5,32253.6666666667,61076,51884,70268,48718.125,44760.5,52675.75,24953.5,10649,39258,46348.9166666667,3049.83333333333,2097.75,1196,2999.5,2194,1178,3210,1725.41666666667,4508.5,2533.5,6483.5,3249.5,2293.25,4205.75,2999.75,858.5,5141,4374.25,98135325.2916667,63304568.25,49023601,77585535.5,67393405.75,54521995,80264816.5,80537405.6666667,152506772,129554348,175459196,121649158.125,111766968.5,131531347.75,62308889.5,26590553,98027226,115733244.916667,7615433.83333333,5238081.75,2986412,7489751.5,5478418,2941466,8015370,4308365.41666667,11257724.5,6326149.5,16189299.5,8114001.5,5726245.25,10501757.75,7490375.75,2143674.5,12837077,10922502.25
465331.031156679,4499437.71259144,"122","02","01","1220201",Paraje del Arzobispo,Paraje del Arzobispo,Paraje del Arzobispo Núcleo,"219","2","4",-3.4100353108,40.6450630252,26481,26481,26468,30035,35434,35434,45877,46042,31819,31819,43068,58658,,,,,,,,,,,,,48813,48405,48185,50632,45653,46076,59937,47784,,,,,23898,23898,25667,28687,1839,1878,3330,4444,2251,2086,7387,8114,2193,2019,6793,8742,,,,,,,,,,,,,2660,2575,6421,7236,2778,2718,7047,7805,,,,,1482,1510,4441,4486,38968.7916666667,27366.25,26481,28251.5,40696.75,35434,45959.5,35350.9166666667,41341,31819,50863,49435.625,47236.75,51634.5,25537.5,23898,27177,42586.6666666667,4259.79166666667,2872.75,1858.5,3887,4959.5,2168.5,7750.5,2165.75,4936.75,2106,7767.5,4905,2682.75,7127.25,2979.75,1496,4463.5,6353.83333333333,8534165.375,5993208.75,5799339,6187078.5,8912588.25,7760046,10065130.5,7741850.75,9053679,6968361,11138997,10826401.875,10344848.25,11307955.5,5592712.5,5233662,5951763,9326480,932894.375,629132.25,407011.5,851253,1086130.5,474901.5,1697359.5,474299.25,1081148.25,461214,1701082.5,1074195,587522.25,1560867.75,652565.25,327624,977506.5,1391489.5
466879.80133482,4501986.56771602,"122","01","01","1220101",Ribatejada,Ribatejada,Ribatejada Núcleo,"647","2","4",-3.3918525046,40.6680881417,27895,27895,31440,31547,36849,37706,50850,47518,33234,33234,48041,60134,,,,,,,,,,,,,50228,49820,53157,52108,47068,47491,64910,49260,,,,,25312,25312,34452,30198,1872,1902,3868,3737,2271,2107,7925,7266,2209,2021,7331,7894,,,,,,,,,,,,,2696,2576,6959,6388,2801,2756,7585,6957,,,,,1514,1523,5527,3779,41485.7916666667,29694.25,27895,31493.5,43230.75,37277.5,49184,36837,43660.75,33234,54087.5,51755.25,48651.75,54858.75,28818.5,25312,32325,46134.5833333333,4227.66666666667,2844.75,1887,3802.5,4892.25,2189,7595.5,2187.33333333333,4863.75,2115,7612.5,4839.75,2707.25,6972.25,3085.75,1518.5,4653,6268,26841307.2083333,19212179.75,18048065,20376294.5,27970295.25,24118542.5,31822048,23833539,28248505.25,21502398,34994612.5,33485646.75,31477682.25,35493611.25,18645569.5,16376864,20914275,29849075.4166667,2735300.33333333,1840553.25,1220889,2460217.5,3165285.75,1416283,4914288.5,1415204.66666667,3146846.25,1368405,4925287.5,3131318.25,1751590.75,4511045.75,1996480.25,982469.5,3010491,4055396
460433.959998529,4501899.27991783,"122","03","01","1220301","Barrancos, Los",Los Barrancos,Los Barrancos Núcleo,"31","2","4",-3.468106978,40.6670178257,39968,39968,29016,29016,26482,26482,24216,31770,22010,22010,21124,21337,,,,,,,,,,,,,44787,38596,33793,33793,41626,36267,35758,39393,,,,,25608,25608,31973,31973,2138,2176,5157,10258,1834,1457,3726,7700,1604,1387,3143,6560,,,,,,,,,,,,,2258,1921,3705,7305,2353,2085,4578,8265,,,,,1665,1392,4628,8077,31357.25,34492,39968,29016,27237.5,26482,27993,32451,21620.25,22010,21230.5,38001.625,40319,35684.25,28790.5,25608,31973,30263.5,3973.83333333333,4932.25,2157,7707.5,3679.25,1645.5,5713,1855.83333333333,3173.5,1495.5,4851.5,4058.75,2154.25,5963.25,3940.5,1528.5,6352.5,6091.83333333333,972074.75,1069252,1239008,899496,844362.5,820942,867783,1005981,670227.75,682310,658145.5,1178050.375,1249889,1106211.75,892505.5,793848,991163,938168.5,123188.833333333,152899.75,66867,238932.5,114056.75,51010.5,177103,57530.8333333333,98378.5,46360.5,150396.5,125821.25,66781.75,184860.75,122155.5,47383.5,196927.5,188846.833333333
448800.831635156,4491493.15799711,"134","08","01","1340801","Granjilla, La",La Granjilla,La Granjilla Núcleo,"407","5","4",-3.6048862124,40.5726360589,5352,5352,7109,7109,5058,5058,5086,5086,2443,2443,2274,2269,,,,,,,,,,,,,19119,19119,15090,13318,16790,16790,20811,15283,,,,,6130,6130,5977,5977,726,709,2104,2109,707,647,1179,1179,403,357,893,1344,,,,,,,,,,,,,1270,1059,1753,2211,1512,1199,2944,2888,,,,,592,491,2113,2113,8965.54166666667,6230.5,5352,7109,5072,5058,5086,9148.66666666667,2357.25,2443,2271.5,17040,17954.5,16125.5,6053.5,6130,5977,8782.41666666667,1354.25,1412,717.5,2106.5,928,677,1179,806,749.25,380,1118.5,1854.5,1260,2449,1327.25,541.5,2113,1902.5,3648975.45833333,2535813.5,2178264,2893363,2064304,2058606,2070002,3723507.33333333,959400.75,994301,924500.5,6935280,7307481.5,6563078.5,2463774.5,2494910,2432639,3574443.58333333,551179.75,574684,292022.5,857345.5,377696,275539,479853,328042,304944.75,154660,455229.5,754781.5,512820,996743,540190.75,220390.5,859991,774317.5
451171.045696477,4496033.01652083,"134","04","01","1340401",R.A.C.E.,R.A.C.E.,R.A.C.E. Núcleo,"131","5","4",-3.577236595,40.6136762297,17190,17190,15758,16393,15663,15663,14369,14369,11385,11385,11558,11558,,,,,,,,,,,,,27777,27777,22607,22607,25448,25448,24572,24572,,,,,14789,14789,15261,15261,1300,1114,2855,3202,1075,868,2278,2278,853,809,1812,1992,,,,,,,,,,,,,1585,1335,2679,2799,1819,1486,3356,3670,,,,,921,785,3152,3212,18057.875,16632.75,17190,16075.5,15016,15663,14369,18708.6666666667,11471.5,11385,11558,25101,26612.5,23589.5,15025,14789,15261,17407.0833333333,1968.125,2117.75,1207,3028.5,1624.75,971.5,2278,1162.5,1366.5,831,1902,2341.125,1556.25,3126,2017.5,853,3182,2773.75,2365581.625,2178890.25,2251890,2105890.5,1967096,2051853,1882339,2450835.33333333,1502766.5,1491435,1514098,3288231,3486237.5,3090224.5,1968275,1937359,1999191,2280327.91666667,257824.375,277425.25,158117,396733.5,212842.25,127266.5,298418,152287.5,179011.5,108861,249162,306687.375,203868.75,409506,264292.5,111743,416842,363361.25
447066.973358156,4489558.82494848,"134","05","01","1340501",San Sebastián de los Reyes,San Sebastián de los Reyes,San Sebastián de los Reyes Núcleo,"85812","5","4",-3.6252073645,40.5551017722,3220,3220,3406,2298,3152,3152,2168,3132,2318,2318,2001,2323,,,,,,,,,,,,,19718,19718,11557,11582,17389,17389,13522,13547,,,,,4706,4706,3796,4024,499,495,1047,1005,545,595,1047,1235,374,379,1000,1336,,,,,,,,,,,,,1424,1215,2683,1998,1649,1367,3362,2675,,,,,615,635,1834,2179,7265.08333333333,3036,3220,2852,2901,3152,2650,8417.16666666667,2240,2318,2162,15552.75,18553.5,12552,4308,4706,3910,6113,1299.70833333333,761.5,497,1026,855.5,570,1141,816,772.25,376.5,1168,2046.625,1413.75,2679.5,1315.75,625,2006.5,1783.41666666667,623431331,260525232,276314640,244735824,248940612,270479424,227401800,722293906,192218880,198912216,185525544,1334612583,1592112942,1077112224,369678096,403831272,335524920,524568756,111530571.5,65345838,42648564,88043112,73412166,48912840,97911492,70022592,66268317,32308218,100228416,175624984.5,121316715,229933254,112907139,53632500,172181778,153038551
450795.275912797,4495185.89965441,"134","03","01","1340301",Club de Campo,Club de Campo,Club de Campo Núcleo,"3012","5","4",-3.581612413,40.6060227887,13552,13552,11389,15072,12025,12025,10000,12304,7738,7738,7189,7757,,,,,,,,,,,,,24139,24139,19580,18817,23621,21810,21544,20781,,,,,11151,11151,10892,11492,1121,914,2956,2869,907,671,2379,2322,688,641,2093,1440,,,,,,,,,,,,,1425,1142,2832,2719,1545,1292,3742,3389,,,,,756,587,3313,2848,14560.75,13391.25,13552,13230.5,11588.5,12025,11152,15220.0833333333,7605.5,7738,7473,21803.875,23427.25,20180.5,11171.5,11151,11192,13901.4166666667,1857.95833333333,1965,1017.5,2912.5,1569.75,789,2350.5,974.083333333333,1215.5,664.5,1766.5,2260.75,1351,3170.5,1876,671.5,3080.5,2741.83333333333,43856979,40334445,40818624,39850266,34904562,36219300,33589824,45842891,22907766,23306856,22508676,65673271.5,70562877,60783666,33648558,33586812,33710304,41871067,5596170.5,5918580,3064710,8772450,4728087,2376468,7079706,2933939,3661086,2001474,5320698,6809379,4069212,9549546,5650512,2022558,9278466,8258402
448600.717989256,4496864.72408529,"134","01","01","1340101",Ciudalcampo,Ciudalcampo,Ciudalcampo Núcleo,"2660","5","4",-3.6076882954,40.6210126741,17012,17012,15851,15851,16612,16612,14555,14982,11206,11206,11016,11016,,,,,,,,,,,,,27599,27599,21649,22065,25270,25270,23613,24030,,,,,33486,33486,40206,43755,1304,1129,3748,3868,1259,1071,3372,3403,884,835,2538,2658,,,,,,,,,,,,,1613,1354,2865,3645,1844,1499,3775,4516,,,,,1810,1579,5375,6635,21706.625,16431.5,17012,15851,15690.25,16612,14768.5,21864.1666666667,11111,11206,11016,24636.875,26434.5,22839.25,37733.25,33486,41980.5,21549.0833333333,2607.45833333333,2512.25,1216.5,3808,2276.25,1165,3387.5,1348.41666666667,1728.75,859.5,2598,2638.875,1577.5,3700.25,3849.75,1694.5,6005,3866.5,57739622.5,43707790,45251920,42163660,41736065,44187920,39284210,58158683.3333333,29555260,29807960,29302560,65534087.5,70315770,60752405,100370445,89072760,111668130,57320561.6666667,6935839.16666667,6682585,3235890,10129280,6054825,3098900,9010750,3586788.33333333,4598475,2286270,6910680,7019407.5,4196150,9842665,10240335,4507370,15973300,10284890
449657.248149617,4493257.20831608,"134","02","01","1340201",Fuente del Fresno,Fuente del Fresno,Fuente del Fresno Núcleo,"2614","5","4",-3.594909476,40.5885798805,9428,12039,10632,10632,8443,10512,8608,8608,5828,5828,5797,5807,,,,,,,,,,,,,22626,22626,16846,19244,20297,20297,18811,20575,,,,,9638,9638,9500,9500,1043,971,2423,2723,926,726,1793,1793,642,569,1507,1771,,,,,,,,,,,,,1510,1199,2554,2634,1746,1351,2991,3844,,,,,837,643,2727,2727,12573.3333333333,10682.75,10733.5,10632,9042.75,9477.5,8608,13100,5815,5828,5802,20165.25,21461.5,18869,9569,9638,9500,12046.6666666667,1735.41666666667,1790,1007,2573,1309.5,826,1793,1013.58333333333,1122.25,605.5,1639,2228.625,1451.5,3005.75,1733.5,740,2727,2457.25,32866693.3333333,27924708.5,28057369,27792048,23637748.5,24774185,22501312,34243400,15200410,15234392,15166428,52711963.5,56100361,49323566,25013366,25193732,24833000,31489986.6666667,4536379.16666667,4679060,2632298,6725822,3423033,2159164,4686902,2649506.83333333,2933561.5,1582777,4284346,5825625.75,3794221,7857030.5,4531369,1934360,7128378,6423251.5
456539.036651498,4498632.82188937,"059","01","01","0590101",Fuente el Saz de Jarama,Fuente el Saz de Jarama,Fuente el Saz de Jarama Núcleo,"6594","2","4",-3.5139604092,40.6373961918,35535,35535,23993,25677,22090,22090,16532,16532,17618,17618,13723,13723,,,,,,,,,,,,,34204,34204,24772,24772,37234,31875,26737,26736,,,,,21216,21216,17426,17426,1838,1846,4010,4550,1489,1149,2466,2406,1279,1065,1812,1812,,,,,,,,,,,,,2026,1630,2799,2739,2018,1764,3836,3409,,,,,1344,1062,3212,3152,24103.5,30185,35535,24835,19311,22090,16532,27536.25,15670.5,17618,13723,30066.75,34379.25,25754.25,19321,21216,17426,20670.75,2279.70833333333,3061,1842,4280,1877.5,1319,2436,1542.5,1492,1172,1812,2527.625,1859.5,3195.75,2192.5,1203,3182,3016.91666666667,158938479,199039890,234317790,163761990,127336734,145661460,109012008,181574032.5,103331277,116173092,90489462,198260149.5,226696774.5,169823524.5,127402674,139898304,114907044,136302925.5,15032396.75,20184234,12146148,28222320,12380235,8697486,16062984,10171245,9838248,7728168,11948328,16667159.25,12261543,21072775.5,14457345,7932582,20982108,19893548.5
451103.043387607,4544143.09081586,"078","01","01","0780101",Madarcos,Madarcos,Madarcos Núcleo,"63","1","4",-3.5818164159,41.0470498028,49770,49770,70664,39970,72281,72281,124335,109002,71980,71980,109733,72722,,,,,,,,,,,,,88372,88372,95309,83771,86043,86043,97274,85736,,,,,24017,24017,43315,19422,2235,2255,10659,8199,3220,3192,11478,10418,3091,3028,9770,6893,,,,,,,,,,,,,3738,3530,7820,7760,3905,3706,8799,8509,,,,,1197,1196,4581,2841,72340.7916666667,52543.5,49770,55317,94474.75,72281,116668.5,65410.5,81603.75,71980,91227.5,88865,87207.5,90522.5,27692.75,24017,31368.5,79271.0833333333,5500.83333333333,5837,2245,9429,7077,3206,10948,2857.75,5695.5,3059.5,8331.5,5970.875,3719.75,8222,2453.75,1196.5,3711,8143.91666666667,4557469.875,3310240.5,3135510,3484971,5951909.25,4553703,7350115.5,4120861.5,5141036.25,4534740,5747332.5,5598495,5494072.5,5702917.5,1744643.25,1513071,1976215.5,4994078.25,346552.5,367731,141435,594027,445851,201978,689724,180038.25,358816.5,192748.5,524884.5,376165.125,234344.25,517986,154586.25,75379.5,233793,513066.75
442377.019127293,4539347.43150561,"182","04","01","1820401","Tercio de la Laguna, El",El Tercio de la Laguna,El Tercio de la Laguna Núcleo,"27","1","4",-3.685191393,41.0032817226,38502,38502,125090,56143,61013,61013,126506,117260,60712,60712,90225,103325,,,,,,,,,,,,,77104,77104,101275,88901,74775,74775,103240,90865,,,,,12749,12749,39862,39814,1773,1803,12256,12627,2777,2756,12846,11969,2615,2577,9221,11138,,,,,,,,,,,,,3282,3083,10088,9188,3398,3216,10765,9858,,,,,719,718,4749,4953,72175.6666666667,64559.25,38502,90616.5,91448,61013,121883,54142.5,78743.5,60712,96775,86004.875,75939.5,96070.25,26293.5,12749,39838,90208.8333333333,6182.29166666667,7114.75,1788,12441.5,7587,2766.5,12407.5,2393.08333333333,6387.75,2596,10179.5,6609.75,3244.75,9974.75,2784.75,718.5,4851,9971.5,1948743,1743099.75,1039554,2446645.5,2469096,1647351,3290841,1461847.5,2126074.5,1639224,2612925,2322131.625,2050366.5,2593896.75,709924.5,344223,1075626,2435638.5,166921.875,192098.25,48276,335920.5,204849,74695.5,335002.5,64613.25,172469.25,70092,274846.5,178463.25,87608.25,269318.25,75188.25,19399.5,130977,269230.5
443568.686874094,4539635.6904479,"182","05","01","1820501",Villavieja del Lozoya,Villavieja del Lozoya,Villavieja del Lozoya Núcleo,"207","1","4",-3.671048621,41.0059616026,37106,37106,124204,55257,59617,59617,125620,116374,59316,59316,89339,102439,,,,,,,,,,,,,75708,75708,100389,88015,73379,73379,102354,89979,,,,,11353,11353,38976,38928,1687,1724,11573,11944,2674,2667,12163,11286,2527,2480,8538,10455,,,,,,,,,,,,,3199,3001,9405,8505,3330,3122,10082,9175,,,,,627,624,4066,4270,71034.6666666667,63418.25,37106,89730.5,90307,59617,120997,52746.5,77602.5,59316,95889,84863.875,74543.5,95184.25,25152.5,11353,38952,89322.8333333333,5796.83333333333,6732,1705.5,11758.5,7197.5,2670.5,11724.5,2305.16666666667,6000,2503.5,9496.5,6227.375,3163,9291.75,2396.75,625.5,4168,9288.5,14704176,13127577.75,7680942,18574213.5,18693549,12340719,25046379,10918525.5,16063717.5,12278412,19849023,17566822.125,15430504.5,19703139.75,5206567.5,2350071,8063064,18489826.5,1199944.5,1393524,353038.5,2434009.5,1489882.5,552793.5,2426971.5,477169.5,1242000,518224.5,1965775.5,1289066.625,654741,1923392.25,496127.25,129478.5,862776,1922719.5
443613.164997204,4540563.54644302,"182","03","01","1820301","Cabezas, Las",Las Cabezas,Las Cabezas Núcleo,"26","1","4",-3.670604486,41.0143224406,37021,37021,126469,57522,59532,59532,127885,118639,59231,59231,91604,104704,,,,,,,,,,,,,75623,75623,102654,90280,73294,73294,104619,92244,,,,,11268,11268,41241,41193,1658,1696,12416,12787,2650,2636,13006,12129,2501,2455,9381,11298,,,,,,,,,,,,,3179,2980,10248,9348,3308,3105,10925,10018,,,,,605,600,4909,5113,72124.6666666667,64508.25,37021,91995.5,91397,59532,123262,52661.5,78692.5,59231,98154,85953.875,74458.5,97449.25,26242.5,11268,41217,91587.8333333333,6206.29166666667,7139.25,1677,12601.5,7605.25,2643,12567.5,2281.08333333333,6408.75,2478,10339.5,6638.875,3143,10134.75,2806.75,602.5,5011,10131.5,1875241.33333333,1677214.5,962546,2391883,2376322,1547832,3204812,1369199,2046005,1540006,2552004,2234800.75,1935921,2533680.5,682305,292968,1071642,2381283.66666667,161363.583333333,185620.5,43602,327639,197736.5,68718,326755,59308.1666666667,166627.5,64428,268827,172610.75,81718,263503.5,72975.5,15665,130286,263419
442190.999227796,4540381.47610953,"182","02","01","1820201","Llanos, Los",Los Llanos,Los Llanos Núcleo,"32","1","4",-3.6875,41.01258279,38677,38677,125345,56398,61188,61188,126761,117515,60887,60887,90480,103580,,,,,,,,,,,,,77280,77280,101530,89156,74950,74950,103495,91120,,,,,12924,12924,40117,40069,1821,1852,12403,12774,2815,2807,12993,12116,2662,2618,9368,11285,,,,,,,,,,,,,3349,3132,10235,9335,3457,3269,10912,10005,,,,,766,758,4896,5100,72390.75,64774.25,38677,90871.5,91663,61188,122138,54317.6666666667,78958.5,60887,97030,86220.125,76115,96325.25,26508.5,12924,40093,90463.8333333333,6280.33333333333,7212.5,1836.5,12588.5,7682.75,2811,12554.5,2442.16666666667,6483.25,2640,10326.5,6711.75,3301.75,10121.75,2880,762,4998,10118.5,2316504,2072776,1237664,2907888,2933216,1958016,3908416,1738165.33333333,2526672,1948384,3104960,2759044,2435680,3082408,848272,413568,1282976,2894842.66666667,200970.666666667,230800,58768,402832,245848,89952,401744,78149.3333333333,207464,84480,330448,214776,105656,323896,92160,24384,159936,323792
446956.486796085,4516236.06057752,"169","03","01","1690301","Rosales, Los",Los Rosales,Los Rosales Núcleo,"23","1","4",-3.6287659573,40.7954087419,10226,10226,12385,12385,32842,32842,30916,28561,32541,32541,32634,51338,,,,,,,,,,,,,48933,48933,39595,36914,46604,46604,44690,38879,,,,,19351,19351,20554,17846,717,725,2816,2816,1714,1703,5308,5158,1600,1540,3317,4781,,,,,,,,,,,,,2286,2053,4211,2831,2513,2186,5241,3810,,,,,959,1050,3975,3179,31153.7916666667,11305.5,10226,12385,31290.25,32842,29738.5,31749.5,37263.5,32541,41986,43894,47768.5,40019.5,19275.5,19351,19200,30558.0833333333,2770.375,1768.5,721,2816,3470.75,1708.5,5233,1587.16666666667,2809.5,1570,4049,3141.375,2259.5,4023.25,2290.75,1004.5,3577,3953.58333333333,716537.208333333,260026.5,235198,284855,719675.75,755366,683985.5,730238.5,857060.5,748443,965678,1009562,1098675.5,920448.5,443336.5,445073,441600,702835.916666667,63718.625,40675.5,16583,64768,79827.25,39295.5,120359,36504.8333333333,64618.5,36110,93127,72251.625,51968.5,92534.75,52687.25,23103.5,82271,90932.4166666667
447043.823766265,4516958.73831211,"169","01","01","1690101",Venturada,Venturada,Venturada Núcleo,"771","1","4",-3.627792073,40.8019242686,10299,10299,12358,12358,32915,32915,30740,28548,32614,32614,32458,51180,,,,,,,,,,,,,49006,49006,39419,36756,46677,46677,44514,38721,,,,,19424,19424,20224,16613,711,720,2628,2628,1708,1701,5093,4970,1589,1535,3102,4566,,,,,,,,,,,,,2278,2037,3996,2616,2501,2179,5026,3595,,,,,953,1046,3647,2613,31073.2916666667,11328.5,10299,12358,31279.5,32915,29644,31822.5,37216.5,32614,41819,43847,47841.5,39852.5,18921.25,19424,18418.5,30324.0833333333,2643.25,1671.75,715.5,2628,3368,1704.5,5031.5,1579.83333333333,2698,1562,3834,3028.5,2248.75,3808.25,2064.75,999.5,3130,3706.66666666667,23957507.875,8734273.5,7940529,9528018,24116494.5,25377465,22855524,24535147.5,28693921.5,25145394,32242449,33806037,36885796.5,30726277.5,14588283.75,14975904,14200663.5,23379868.25,2037945.75,1288919.25,551650.5,2026188,2596728,1314169.5,3879286.5,1218051.5,2080158,1204302,2956014,2334973.5,1733786.25,2936160.75,1591922.25,770614.5,2413230,2857840
449280.578866626,4516208.77143129,"169","02","01","1690201",Cotos de Monterrey,Cotos de Monterrey,Cotos de Monterrey Núcleo,"1779","1","4",-3.6012159494,40.7953097447,11867,11867,16020,16285,32766,32766,54293,32196,32465,32465,32897,54973,,,,,,,,,,,,,48857,48857,43947,40549,46528,46528,49042,42514,,,,,20956,20956,24199,21430,818,859,3845,5105,1732,1746,7128,5647,1619,1587,3713,6170,,,,,,,,,,,,,2308,2080,4580,4220,2532,2236,5610,5199,,,,,1035,1154,4002,3621,33967.625,14009.75,11867,16152.5,38005.25,32766,43244.5,32239.8333333333,38200,32465,43935,45852.75,47692.5,44013,21885.25,20956,22814.5,35695.4166666667,3272.75,2656.75,838.5,4475,4063.25,1739,6387.5,1642.16666666667,3272.25,1603,4941.5,3595.625,2289,4902.25,2453,1094.5,3811.5,4903.33333333333,60428404.875,24923345.25,21111393,28735297.5,67611339.75,58290714,76931965.5,57354663.5,67957800,57755235,78160365,81572042.25,84844957.5,78299127,38933859.75,37280724,40586995.5,63502146.25,5822222.25,4726358.25,1491691.5,7961025,7228521.75,3093681,11363362.5,2921414.5,5821332.75,2851737,8790928.5,6396616.875,4072131,8721102.75,4363887,1947115.5,6780658.5,8723030
454590.462039439,4519588.79165299,"153","06","01","1530601","Tomillares, Los",Los Tomillares,Los Tomillares Núcleo,"75","1","4",-3.5300771004,40.8635768635,9068,9068,6605,6605,53067,53067,44457,83405,52766,52766,43330,43330,,,,,,,,,,,,,69158,69158,54380,54380,66829,66829,56345,56345,,,,,15450,15450,40422,47657,848,870,4724,4724,2723,2738,11197,12258,2563,2529,8073,8073,,,,,,,,,,,,,3263,3046,9240,9240,3399,3187,10100,10049,,,,,1111,1187,9271,11164,44580.7083333333,7836.5,9068,6605,58499,53067,63931,44389.6666666667,48048,52766,43330,61678,67993.5,55362.5,29744.75,15450,44039.5,44771.75,5649.04166666667,2791.5,859,4724,7229,2730.5,11727.5,2288.66666666667,5309.5,2546,8073,6440.5,3223.75,9657.25,5683.25,1149,10217.5,9009.41666666667,3343553.125,587737.5,680100,495375,4387425,3980025,4794825,3329225,3603600,3957450,3249750,4625850,5099512.5,4152187.5,2230856.25,1158750,3302962.5,3357881.25,423678.125,209362.5,64425,354300,542175,204787.5,879562.5,171650,398212.5,190950,605475,483037.5,241781.25,724293.75,426243.75,86175,766312.5,675706.25
458370.865078709,4521292.36280372,"153","05","01","1530501","Retiro de Torremocha, El",El Retiro de Torremocha,El Retiro de Torremocha Núcleo,"341","1","4",-3.4938055647,40.841614804,4926,4926,5263,6107,44373,44373,77956,59356,44072,44072,41687,41687,,,,,,,,,,,,,60464,60464,52736,52736,58135,58135,57832,54700,,,,,30261,30261,40883,23847,430,437,1268,1565,2364,2399,8067,7993,2239,2232,4479,4479,,,,,,,,,,,,,2889,2720,5526,5526,3081,2873,6616,6496,,,,,1552,1705,8507,5227,41635.5,5305.5,4926,5685,56514.5,44373,68656,40371.8333333333,42879.5,44072,41687,56900.25,59299.5,54501,31313,30261,32365,42899.1666666667,3777.91666666667,925,433.5,1416.5,5205.75,2381.5,8030,2076.75,3357.25,2235.5,4479,4465.875,2890.75,6041,4247.75,1628.5,6867,5479.08333333333,14197705.5,1809175.5,1679766,1938585,19271444.5,15131193,23411696,13766795.1666667,14621909.5,15028552,14215267,19402985.25,20221129.5,18584841,10677733,10319001,11036465,14628615.8333333,1288269.58333333,315425,147823.5,483026.5,1775160.75,812091.5,2738230,708171.75,1144822.25,762305.5,1527339,1522863.375,985745.75,2059981,1448482.75,555318.5,2341647,1868367.41666667
459040.219552819,4520883.58921216,"153","02","01","1530201",Torremocha de Jarama,Torremocha de Jarama,Torremocha de Jarama Núcleo,"673","1","4",-3.4858390566,40.8379662161,5898,5898,6209,5964,45344,45344,78902,78902,45043,45043,42633,42633,,,,,,,,,,,,,61435,61435,53682,53682,59106,59106,58777,55646,,,,,31233,31233,40740,24793,572,593,1953,2290,2525,2590,8752,8752,2371,2386,5164,5164,,,,,,,,,,,,,3046,2866,6211,6211,3179,3027,7301,7181,,,,,1694,1868,9232,5912,43278.375,5992.25,5898,6086.5,62123,45344,78902,41343.1666666667,43838,45043,42633,57858.625,60270.5,55446.75,31999.75,31233,32766.5,45213.5833333333,4201.66666666667,1352,582.5,2121.5,5654.75,2557.5,8752,2226.41666666667,3771.25,2378.5,5164,4877.75,3029.5,6726,4676.5,1781,7572,6176.91666666667,29126346.375,4032784.25,3969354,4096214.5,41808779,30516512,53101046,27823951.1666667,29502974,30313939,28692009,38938854.625,40562046.5,37315662.75,21535831.75,21019809,22051854.5,30428741.5833333,2827721.66666667,909896,392022.5,1427769.5,3805646.75,1721197.5,5890096,1498378.41666667,2538051.25,1600730.5,3475372,3282725.75,2038853.5,4526598,3147284.5,1198613,5095956,4157064.91666667
459618.321339279,4522616.73652267,"153","04","01","1530401","Cerrada, La",La Cerrada,La Cerrada Núcleo,"22","1","4",-3.4790946323,40.8536073664,6921,6921,10797,10797,46367,46367,86939,65183,46066,46066,47531,47530,,,,,,,,,,,,,62459,62459,58581,58579,60130,60130,60546,60543,,,,,32256,32256,45573,29674,543,557,2448,2448,2471,2527,9590,11016,2344,2341,5582,7502,,,,,,,,,,,,,2984,2838,6749,8549,3154,2993,7676,9519,,,,,1654,1826,9390,8250,45444.625,8859,6921,10797,61214,46367,76061,42366.5,46798.25,46066,47530.5,60428.375,61294.5,59562.25,34939.75,32256,37623.5,48522.75,4789.625,1499,550,2448,6401,2499,10303,2186,4442.25,2342.5,6542,5557.75,2992.25,8123.25,5280,1740,8820,7393.25,999781.75,194898,152262,237534,1346708,1020074,1673342,932063,1029561.5,1013452,1045671,1329424.25,1348479,1310369.5,768674.5,709632,827717,1067500.5,105371.75,32978,12100,53856,140822,54978,226666,48092,97729.5,51535,143924,122270.5,65829.5,178711.5,116160,38280,194040,162651.5
454686.409239688,4519533.06047731,"151","01","02","1510102",Torrelaguna,Torrelaguna,Torrelaguna Núcleo,"4929","1","4",-3.53738091,40.8255714769,304,304,260,260,39865,39865,73432,38289,39564,39564,37162,37162,,,,,,,,,,,,,55957,55957,48212,46642,53628,53628,53307,48607,,,,,25754,25754,35859,27270,55,61,209,209,2026,2048,7419,5465,1893,1875,3831,3711,,,,,,,,,,,,,2552,2383,4878,4038,2769,2558,5968,5017,,,,,1216,1354,6999,5479,36525.25,282,304,260,47862.75,39865,55860.5,35845.3333333333,38363,39564,37162,51992.25,54792.5,49192,28659.25,25754,31564.5,37205.1666666667,3083.875,133.5,58,209,4239.5,2037,6442,1732.5,2827.5,1884,3771,3770.375,2565.5,4975.25,3762,1285,6239,4435.25,180032957.25,1389978,1498416,1281540,235915494.75,196494585,275336404.5,176681648,189091227,195010956,183171498,256269800.25,270072232.5,242467368,141261443.25,126941466,155581420.5,183384266.5,15200419.875,658021.5,285882,1030161,20896495.5,10040373,31752618,8539492.5,13936747.5,9286236,18587259,18584178.375,12645349.5,24523007.25,18542898,6333765,30752031,21861347.25
454583.494888911,4519581.82450246,"151","02","01","1510201","Tomillares, Los",Los Tomillares,Los Tomillares Núcleo,"15","1","4",-3.5389208868,40.8568664194,9101,9101,5397,5397,53100,53100,43249,82197,52799,52799,42122,42122,,,,,,,,,,,,,69191,69191,53172,53172,66862,66862,55137,55137,,,,,15483,15483,39214,46469,847,868,3873,3873,2722,2736,10335,11396,2561,2522,7211,7211,,,,,,,,,,,,,3260,3042,8378,8378,3392,3185,9238,9187,,,,,1108,1181,8409,10324,43994.0416666667,7249,9101,5397,57911.5,53100,62723,44422.6666666667,47460.5,52799,42122,61090.5,68026.5,54154.5,29162.25,15483,42841.5,43565.4166666667,5218.20833333333,2365.25,857.5,3873,6797.25,2729,10865.5,2285.33333333333,4876.25,2541.5,7211,6007.5,3219.75,8795.25,5255.5,1144.5,9366.5,8151.08333333333,659910.625,108735,136515,80955,868672.5,796500,940845,666340,711907.5,791985,631830,916357.5,1020397.5,812317.5,437433.75,232245,642622.5,653481.25,78273.125,35478.75,12862.5,58095,101958.75,40935,162982.5,34280,73143.75,38122.5,108165,90112.5,48296.25,131928.75,78832.5,17167.5,140497.5,122266.25
446586.994590855,4509544.99596358,"108","02","01","1080201",Montenebro,Montenebro,Montenebro Núcleo,"887","5","4",-3.6325738128,40.7351113069,34568,34568,35677,37109,29064,29064,71281,67476,28763,28763,31206,31206,,,,,,,,,,,,,45155,45155,42256,42256,42826,42826,44221,44221,,,,,35632,35632,63945,64323,2131,1990,6394,6255,1850,1880,9523,8346,1737,1707,4938,4938,,,,,,,,,,,,,2408,2214,5985,5985,2628,2364,6916,6840,,,,,2230,2235,8975,8654,41966.375,35480.5,34568,36393,49221.25,29064,69378.5,36001.3333333333,29984.5,28763,31206,43614.5,43990.5,43238.5,49883,35632,64134,47931.4166666667,4546.79166666667,4192.5,2060.5,6324.5,5399.75,1865,8934.5,2114.5,3330,1722,4938,4417.5,2403.5,6431.5,5523.5,2232.5,8814.5,6979.08333333333,37224174.625,31471203.5,30661816,32280591,43659248.75,25779768,61538729.5,31933182.6666667,26596251.5,25512781,27679722,38686061.5,39019573.5,38352549.5,44246221,31605584,56886858,42515166.5833333,4033004.20833333,3718747.5,1827663.5,5609831.5,4789578.25,1654255,7924901.5,1875561.5,2953710,1527414,4380006,3918322.5,2131904.5,5704740.5,4899344.5,1980227.5,7818461.5,6190446.91666667
448029.733383376,4512563.4122434,"108","01","01","1080101",Atalaya Real,Atalaya Real,Atalaya Real Núcleo,"195","5","4",-3.6157390694,40.7623939107,35514,35514,31471,37128,30010,30010,31069,40327,29709,29709,29058,31226,,,,,,,,,,,,,46101,46101,40108,39692,43772,43772,45203,41657,,,,,36578,36578,61797,61381,2007,1786,3904,5986,1682,1684,5793,7193,1574,1507,4009,4669,,,,,,,,,,,,,2255,1986,4876,4996,2480,2152,5906,6103,,,,,2048,2027,7506,7986,38895.2083333333,34906.75,35514,34299.5,32854,30010,35698,36947.3333333333,29925.5,29709,30142,43300.75,44936.5,41665,49083.5,36578,61589,40843.0833333333,3838.125,3420.75,1896.5,4945,4088,1683,6493,1932.33333333333,2939.75,1540.5,4339,3844.25,2218.25,5470.25,4891.75,2037.5,7746,5743.91666666667,7584565.625,6806816.25,6925230,6688402.5,6406530,5851950,6961110,7204730,5835472.5,5793255,5877690,8443646.25,8762617.5,8124675,9571282.5,7132710,12009855,7964401.25,748434.375,667046.25,369817.5,964275,797160,328185,1266135,376805,573251.25,300397.5,846105,749628.75,432558.75,1066698.75,953891.25,397312.5,1510470,1120063.75
449405.954346117,4510600.19339272,"108","03","01","1080301",Pedrezuela,Pedrezuela,Pedrezuela Núcleo,"5277","5","4",-3.5992757721,40.7447948171,30838,30838,28571,30221,25334,25334,25593,65825,25033,25033,24646,25750,,,,,,,,,,,,,41426,41426,36383,36799,39097,39097,38347,38764,,,,,31902,31902,54940,58489,1804,1608,3063,4564,1501,1487,4232,7693,1386,1320,3168,3108,,,,,,,,,,,,,2107,1837,3315,4155,2316,1978,4165,5026,,,,,1880,1840,5765,7145,35482.8333333333,30117,30838,29396,35521.5,25334,45709,32271.6666666667,25115.5,25033,25198,38917.375,40261.5,37573.25,44308.25,31902,56714.5,38694,3185.95833333333,2759.75,1706,3813.5,3728.25,1494,5962.5,1755.33333333333,2245.5,1353,3138,3112.375,2059.5,4165.25,4157.5,1860,6455,4616.58333333333,187242911.5,158927409,162732126,155122692,187446955.5,133687518,241206393,170297585,132534493.5,132099141,132969846,205366987.875,212459935.5,198274040.25,233814635.25,168346854,299282416.5,204188238,16812302.125,14563200.75,9002562,20123839.5,19673975.25,7883838,31464112.5,9262894,11849503.5,7139781,16559226,16424002.875,10867981.5,21980024.25,21939127.5,9815220,34063035,24361710.25
445862.725578157,4486969.80591363,"006","01","01","0060101",Alcobendas,Alcobendas,Alcobendas Núcleo,"121330","5","4",-3.639208498,40.531701029,3533,3533,4691,4691,2949,2949,3579,3148,6769,6769,7233,7233,,,,,,,,,,,,,12510,12510,11112,8180,10181,10181,12288,13269,,,,,3321,3321,2768,2502,479,464,1435,1435,384,355,928,1307,548,499,1531,1621,,,,,,,,,,,,,848,723,1843,1548,1030,855,2757,2464,,,,,319,301,1189,1317,6634.16666666667,4112,3533,4691,3156.25,2949,3363.5,6543.83333333333,7001,6769,7233,11278.875,11345.5,11212.25,2978,3321,2635,6724.5,1090.83333333333,953.25,471.5,1435,743.5,369.5,1117.5,567.083333333333,1049.75,523.5,1576,1508.5,864,2153,781.5,310,1253,1614.58333333333,804923441.666667,498908960,428658890,569159030,382947812.5,357802170,408093455,793963298.333333,849431330,821282770,877579890,1368465903.75,1376549515,1360382292.5,361320740,402936930,319704550,815883585,132350808.333333,115657822.5,57207095,174108550,90208855,44831435,135586275,68804220.8333333,127366167.5,63516255,191216080,183026305,104829120,261223490,94819395,37612300,152026490,195897395.833333
457344.030989538,4494362.90994313,"009","01","01","0090101",Algete,Algete,Algete Núcleo,"15655","2","4",-3.504151815,40.5989727177,22855,22855,19598,21313,16685,16685,14618,14618,12213,12213,17336,11551,,,,,,,,,,,,,34989,28799,30131,24290,31829,26470,35852,26255,,,,,15810,15810,21038,15277,1613,1606,3772,4372,1472,1068,2644,2644,1225,967,1978,2013,,,,,,,,,,,,,1865,1533,2446,2902,1979,1697,3287,3780,,,,,1311,980,3318,3421,21212.0833333333,21655.25,22855,20455.5,15651.5,16685,14618,21434.4166666667,13328.25,12213,14443.5,29826.875,30521.75,29132,16983.75,15810,18157.5,20989.75,2245.54166666667,2840.75,1609.5,4072,1957,1270,2644,1443,1545.75,1096,1995.5,2436.125,1768.5,3103.75,2257.5,1145.5,3369.5,3048.08333333333,332075164.583333,339012938.75,357795025,320230852.5,245024232.5,261203675,228844790,335555792.916667,208653753.75,191194515,226112992.5,466939728.125,477817996.25,456061460,265880606.25,247505550,284255662.5,328594536.25,35153954.7916667,44471941.25,25196722.5,63747160,30636835,19881850,41391820,22590165,24198716.25,17157880,31239552.5,38137536.875,27685867.5,48589206.25,35341162.5,17932802.5,52749522.5,47717744.5833333
454167.516437798,4495512.13106412,"009","06","01","0090601",Prado Norte,Prado Norte,Prado Norte Núcleo,"2208","2","4",-3.5417771569,40.609155464,27942,27942,54493,54493,14497,14497,14073,14073,10025,10025,11264,11264,,,,,,,,,,,,,26611,26611,22313,22313,24282,24282,24278,24277,,,,,13623,13623,14967,14967,1637,1631,7432,7552,1259,939,2703,2583,1012,846,2049,1989,,,,,,,,,,,,,1776,1411,3036,2916,2009,1562,4073,3586,,,,,1109,855,3449,3329,21530.625,41217.5,27942,54493,14285,14497,14073,19496.6666666667,10644.5,10025,11264,24370.875,25446.5,23295.25,14295,13623,14967,23564.5833333333,2530.95833333333,4563,1634,7492,1871,1099,2643,1337.16666666667,1474,929,2019,2546.125,1689.5,3402.75,2185.5,982,3389,3724.75,47539620,91008240,61695936,120320544,31541280,32009376,31073184,43048640,23503056,22135200,24870912,53810892,56185872,51435912,31563360,30079584,33047136,52030600,5588356,10075104,3607872,16542336,4131168,2426592,5835744,2952464,3254592,2051232,4457952,5621844,3730416,7513272,4825584,2168256,7482912,8224248
450966.922997167,4498092.04270354,"009","08","01","0090801",Santo Domingo,Santo Domingo,Santo Domingo Núcleo,"3211","2","4",-3.5798099075,40.6322126096,32280,32280,54205,54511,15450,15450,14890,14890,10045,10045,9894,9894,,,,,,,,,,,,,26437,26437,20951,20957,24108,24108,22826,24673,,,,,13448,13448,13597,13597,1657,1631,6778,6778,1168,975,2189,2489,775,736,1335,1335,,,,,,,,,,,,,1507,1250,2442,2862,1727,1402,3210,3791,,,,,840,701,2555,2555,21600.875,43319,32280,54358,15170,15450,14890,20294.6666666667,9969.5,10045,9894,23812.125,25272.5,22351.75,13522.5,13448,13597,22907.0833333333,2195.33333333333,4211,1644,6778,1705.25,1071.5,2339,1197.41666666667,1045.25,755.5,1335,2273.875,1471.5,3076.25,1662.75,770.5,2555,3193.25,69360409.625,139097309,103651080,174543538,48710870,49609950,47811790,65166174.6666667,32012064.5,32254495,31769634,76460733.375,81149997.5,71771469.25,43420747.5,43181528,43659967,73554644.5833333,7049215.33333333,13521521,5278884,21764158,5475557.75,3440586.5,7510529,3844904.91666667,3356297.75,2425910.5,4286685,7301412.625,4724986.5,9877838.75,5339090.25,2474075.5,8204105,10253525.75
459026.466050888,4493421.666346,"009","11","01","0091101",Dehesa Nueva,Dehesa Nueva,Dehesa Nueva Núcleo,"10","2","4",-3.484206593,40.5905785537,24083,24083,21194,22910,17871,17871,16362,16362,13399,13399,13266,19083,,,,,,,,,,,,,36176,29986,26034,32594,33016,27657,27999,38314,,,,,16997,16997,16964,16964,1892,1926,4937,6437,1713,1352,3492,3492,1495,1261,3134,2923,,,,,,,,,,,,,2142,1820,3754,4073,2254,1951,4681,4974,,,,,1551,1269,4504,4504,22482.5416666667,23067.5,24083,22052,17116.5,17871,16362,22627.9166666667,14786.75,13399,16174.5,31472,31708.75,31235.25,16980.5,16997,16964,22337.1666666667,2980.45833333333,3798,1909,5687,2512.25,1532.5,3492,1718.83333333333,2203.25,1378,3028.5,3206.125,2041.75,4370.5,2957,1410,4504,4242.08333333333,224825.416666667,230675,240830,220520,171165,178710,163620,226279.166666667,147867.5,133990,161745,314720,317087.5,312352.5,169805,169970,169640,223371.666666667,29804.5833333333,37980,19090,56870,25122.5,15325,34920,17188.3333333333,22032.5,13780,30285,32061.25,20417.5,43705,29570,14100,45040,42420.8333333333
456960.98171472,4505747.041234,"145","05","01","1450501",Carracalderas,Carracalderas,Carracalderas Núcleo,"17","5","4",-3.4975840201,40.7184114426,37889,37889,29911,31446,36362,36362,28249,28249,31890,31890,25440,25440,,,,,,,,,,,,,48476,48476,36490,36490,46147,46147,38455,38455,,,,,54364,54364,58179,58179,2686,2422,6043,5975,2449,2187,5169,5169,2261,2070,4575,4575,,,,,,,,,,,,,2956,2638,5742,5742,3109,2804,6602,6551,,,,,3196,2893,10532,8732,39384.9583333333,34283.75,37889,30678.5,32305.5,36362,28249,42521.3333333333,28665,31890,25440,42392,47311.5,37472.5,56271.5,54364,58179,36248.5833333333,4461.58333333333,4281.5,2554,6009,3743.5,2318,5169,2639.25,3370.25,2165.5,4575,4518,2876.75,6159.25,6338.25,3044.5,9632,6283.91666666667,669544.291666667,582823.75,644113,521534.5,549193.5,618154,480233,722862.666666667,487305,542130,432480,720664,804295.5,637032.5,956615.5,924188,989043,616225.916666667,75846.9166666667,72785.5,43418,102153,63639.5,39406,87873,44867.25,57294.25,36813.5,77775,76806,48904.75,104707.25,107750.25,51756.5,163744,106826.583333333
462690.078651069,4507887.30613524,"145","06","01","1450601","Dunas, Las",Las Dunas,Las Dunas Núcleo,"16","5","4",-3.441771704,40.721065787,42902,42902,51383,43118,41375,41375,34060,34060,36903,36903,29889,30980,,,,,,,,,,,,,53489,53489,43637,43637,51160,51160,48690,48690,,,,,40501,40501,41817,41817,2717,2494,6593,6473,2473,2250,5959,5959,2312,2159,5137,4897,,,,,,,,,,,,,3006,2698,5043,5043,3160,2850,5839,5855,,,,,2341,2164,6261,6261,42684.9166666667,45076.25,42902,47250.5,37717.5,41375,34060,44388.3333333333,33668.75,36903,30434.5,49244,52324.5,46163.5,41159,40501,41817,40981.5,4164.33333333333,4569.25,2605.5,6533,4160.25,2361.5,5959,2552,3626.25,2235.5,5017,4186.75,2928.5,5445,4256.75,2252.5,6261,5776.66666666667,682958.666666667,721220,686432,756008,603480,662000,544960,710213.333333333,538700,590448,486952,787904,837192,738616,658544,648016,669072,655704,66629.3333333333,73108,41688,104528,66564,37784,95344,40832,58020,35768,80272,66988,46856,87120,68108,36040,100176,92426.6666666667
456889.769771038,4510307.88435052,"145","04","01","1450401",Talamanca de Jarama,Talamanca de Jarama,Talamanca de Jarama Núcleo,"4186","5","4",-3.5106150648,40.7425878218,32258,32258,31942,31942,38505,38505,66879,66879,26259,26259,27471,27471,,,,,,,,,,,,,42845,42845,38521,38521,40516,40516,43616,43616,,,,,48733,48733,60588,60588,2146,1833,4393,4274,2279,2460,6946,6946,1714,1507,2938,2938,,,,,,,,,,,,,2431,2055,4105,4105,2637,2188,5135,5135,,,,,2608,2283,6054,6054,41511.0833333333,32100,32258,31942,52692,38505,66879,38186,26865,26259,27471,41374.5,41680.5,41068.5,54660.5,48733,60588,44836.1666666667,3548.5,3161.5,1989.5,4333.5,4657.75,2369.5,6946,2178.41666666667,2274.25,1610.5,2938,3473.875,2327.75,4620,4249.75,2445.5,6054,4918.58333333333,173765394.833333,134370600,135031988,133709212,220568712,161181930,279955494,159846596,112456890,109920174,114993606,173193657,174474573,171912741,228808853,203996338,253621368,187684193.666667,14854021,13234039,8328047,18140031,19497341.5,9918727,29075956,9118852.16666667,9520010.5,6741553,12298468,14541640.75,9743961.5,19339320,17789453.5,10236863,25342044,20589189.8333333
457349.396817498,4513220.87759762,"145","08","01","1450801","Perdigones, Los",Los Perdigones,Los Perdigones Núcleo,"24","5","4",-3.505369931,40.768852809,35107,35107,35429,35054,36128,36128,66853,69991,29108,29108,30583,30583,,,,,,,,,,,,,45694,45694,41633,41633,43365,43365,46728,46728,,,,,33133,33133,84122,29149,2313,2033,4766,4891,2111,2281,7323,7563,1899,1716,3735,3555,,,,,,,,,,,,,2589,2272,4782,4722,2806,2420,5872,5752,,,,,1555,1725,8923,8717,41814.8333333333,35174.25,35107,35241.5,52275,36128,68422,37089.1666666667,29845.5,29108,30583,44355,44529.5,44180.5,44884.25,33133,56635.5,46540.5,4013.375,3500.75,2173,4828.5,4819.5,2196,7443,2143.33333333333,2726.25,1807.5,3645,3901.875,2521.75,5282,5230,1640,8820,5883.41666666667,1003556,844182,842568,845796,1254600,867072,1642128,890140,716292,698592,733992,1064520,1068708,1060332,1077222,795192,1359252,1116972,96321,84018,52152,115884,115668,52704,178632,51440,65430,43380,87480,93645,60522,126768,125520,39360,211680,141202
445919.923339949,4522800.16304566,"030","03","01","0300301","Cabrerita y El Roble, La",La Cabrerita y El Roble,La Cabrerita y El Roble Núcleo,"25","1","4",-3.6416220522,40.8544702297,19198,19198,17412,17412,41709,41709,38760,38829,41408,41408,43051,60705,,,,,,,,,,,,,57800,57800,50012,46281,55471,55471,55107,62206,,,,,13819,13819,13786,13786,1047,1057,2896,2896,2017,2003,3856,4755,1892,1823,4263,7107,,,,,,,,,,,,,2551,2339,5157,5157,2772,2479,6187,6701,,,,,756,761,2492,2492,38173.2083333333,18305,19198,17412,40251.75,41709,38794.5,38234.1666666667,46643,41408,51878,55018.5,56635.5,53401.5,13802.5,13819,13786,38112.25,3144,1974,1052,2896,3157.75,2010,4305.5,1791.41666666667,3771.25,1857.5,5685,4167.875,2535.25,5800.5,1625.25,758.5,2492,4496.58333333333,954330.208333333,457625,479950,435300,1006293.75,1042725,969862.5,955854.166666667,1166075,1035200,1296950,1375462.5,1415887.5,1335037.5,345062.5,345475,344650,952806.25,78600,49350,26300,72400,78943.75,50250,107637.5,44785.4166666667,94281.25,46437.5,142125,104196.875,63381.25,145012.5,40631.25,18962.5,62300,112414.583333333
448109.479804856,4523811.69892289,"030","01","01","0300101","Cabrera, La",La Cabrera,La Cabrera Núcleo,"2870","1","4",-3.6157303372,40.8637236442,17425,17425,14215,20887,39936,39936,41907,73268,39635,39635,39848,58666,,,,,,,,,,,,,56027,56027,46809,44242,53698,53698,51904,46207,,,,,10178,10178,10568,9180,983,999,2876,3765,1969,1966,4263,6635,1832,1781,3223,4927,,,,,,,,,,,,,2485,2287,4117,2977,2715,2429,5147,3956,,,,,676,691,1985,1298,37145.7916666667,17488,17425,17551,48761.75,39936,57587.5,36149.8333333333,44446,39635,49257,51076.5,54862.5,47290.5,10026,10178,9874,38141.75,2749.25,2155.75,991,3320.5,3708.25,1967.5,5449,1734.41666666667,2940.75,1806.5,4075,3264.125,2479,4049.25,1162.5,683.5,1641.5,3764.08333333333,106608422.083333,50190560,50009750,50371370,139946222.5,114616320,165276125,103750021.666667,127560020,113752450,141367590,146589555,157455375,135723735,28774620,29210860,28338380,109466822.5,7890347.5,6187002.5,2844170,9529835,10642677.5,5646725,15638630,4977775.83333333,8439952.5,5184655,11695250,9368038.75,7114730,11621347.5,3336375,1961645,4711105,10802919.1666667
448539.826044956,4522001.90019664,"030","07","01","0300701","Rabusera, La",La Rabusera,La Rabusera Núcleo,"19","1","4",-3.610474472,40.8474482066,9819,9819,26915,21357,40350,40350,42367,73731,40049,40049,41455,59129,,,,,,,,,,,,,56442,56442,48416,44705,54113,54113,53511,46670,,,,,12460,12460,12203,10814,838,859,5300,4620,2012,2008,5050,7390,1905,1816,4636,5682,,,,,,,,,,,,,2548,2335,5530,3732,2764,2497,6560,4711,,,,,752,762,3038,2533,37822.4583333333,16977.5,9819,24136,49199.5,40350,58049,35538.8333333333,45170.5,40049,50292,51801.5,55277.5,48325.5,11984.25,12460,11508.5,40106.0833333333,3328.25,2904.25,848.5,4960,4115,2010,6220,1758,3509.75,1860.5,5159,3834.625,2536,5133.25,1771.25,757,2785.5,4898.5,718626.708333333,322572.5,186561,458584,934790.5,766650,1102931,675237.833333333,858239.5,760931,955548,984228.5,1050272.5,918184.5,227700.75,236740,218661.5,762015.583333333,63236.75,55180.75,16121.5,94240,78185,38190,118180,33402,66685.25,35349.5,98021,72857.875,48184,97531.75,33653.75,14383,52924.5,93071.5
449241.048463592,4525565.52497151,"030","02","01","0300201","Asperilla, La",La Asperilla,La Asperilla Núcleo,"12","1","4",-3.602447101,40.8795928958,19887,19887,13532,23014,42398,42398,73420,75387,42097,42097,50266,60785,,,,,,,,,,,,,58489,58489,48200,46362,56160,56160,50164,48327,,,,,9197,9197,9885,8495,1071,1072,3229,4548,2038,2016,7011,7348,1927,1833,6663,5640,,,,,,,,,,,,,2596,2318,4590,3690,2779,2489,5440,4669,,,,,599,599,2308,1711,40178.875,19080,19887,18273,58400.75,42398,74403.5,38038,48811.25,42097,55525.5,52793.875,57324.5,48263.25,9193.5,9197,9190,42319.75,3257.66666666667,2480,1071.5,3888.5,4603.25,2027,7179.5,1778.08333333333,4015.75,1880,6151.5,3571.375,2545.5,4597.25,1304.25,599,2009.5,4737.25,482146.5,228960,238644,219276,700809,508776,892842,456456,585735,505164,666306,633526.5,687894,579159,110322,110364,110280,507837,39092,29760,12858,46662,55239,24324,86154,21337,48189,22560,73818,42856.5,30546,55167,15651,7188,24114,56847
434816.85389683,4502022.45407629,"045","01","01","0450101",Colmenar Viejo,Colmenar Viejo,Colmenar Viejo Núcleo,"55428","19","4",-3.771175509,40.666501014,241,241,163,163,1460,1460,1351,1351,35037,35037,31620,43864,,,,,,,,,,,,,28173,28173,25883,25883,27655,27655,24728,24728,,,,,11474,11474,10927,10927,40,43,138,138,200,208,464,421,1848,1697,3588,3868,,,,,,,,,,,,,1532,1361,2303,2156,1659,1629,2328,2189,,,,,795,736,2397,2397,17069.5,202,241,163,1405.5,1460,1351,17340,36389.5,35037,37742,26609.75,27914,25305.5,11200.5,11474,10927,16799,1422.29166666667,89.75,41.5,138,323.25,204,442.5,979,2750.25,1772.5,3728,1894.625,1545.25,2244,1581.25,765.5,2397,1865.58333333333,946128246,11196456,13358148,9034764,77904054,80924880,74883228,961121520,2016997206,1942030836,2091963576,1474925223,1547217192,1402633254,620821314,635980872,605661756,931134972,78834782.5,4974663,2300262,7649064,17917101,11307312,24526890,54264012,152440857,98246130,206635584,105015274.5,85650117,124380432,87645525,42430134,132860916,103405553
448099.844753379,4503048.42869141,"045","03","01","0450301","Chortales, Los",Los Chortales,Los Chortales Núcleo,"29","19","4",-3.666255607,40.685067208,20348,20348,71655,63352,18816,18816,72728,61762,21195,21195,22042,21687,,,,,,,,,,,,,37588,37588,37909,32737,35259,35259,43047,34702,,,,,25383,25383,54426,54426,1421,1399,11099,9841,1199,1171,11317,9598,1379,1308,7133,6037,,,,,,,,,,,,,2093,1801,9142,6904,2299,1965,10040,7581,,,,,1592,1529,10734,10434,36985.4583333333,43925.75,20348,67503.5,43030.5,18816,67245,26431.5,21529.75,21195,21864.5,36761.125,36423.5,37098.75,39904.5,25383,54426,47539.4166666667,5375.66666666667,5940,1410,10470,5821.25,1185,10457.5,1596.33333333333,3964.25,1343.5,6585,5228.125,2039.5,8416.75,6072.25,1560.5,10584,9155,1072578.29166667,1273846.75,590092,1957601.5,1247884.5,545664,1950105,766513.5,624362.75,614655,634070.5,1066072.625,1056281.5,1075863.75,1157230.5,736107,1578354,1378643.08333333,155894.333333333,172260,40890,303630,168816.25,34365,303267.5,46293.6666666667,114963.25,38961.5,190965,151615.625,59145.5,244085.75,176095.25,45254.5,306936,265495
435420.57079166,4505448.90070744,"045","04","01","0450401",Famet,Famet,Famet Núcleo,"91","19","4",-3.7643861294,40.6974137009,4077,4077,4068,4068,5593,5593,4712,4712,35642,35642,47459,47459,,,,,,,,,,,,,28778,28778,30056,30056,28260,28260,28901,28901,,,,,12080,12080,15667,15667,408,412,3132,3132,419,413,3586,3586,1879,1678,5927,5927,,,,,,,,,,,,,1547,1350,3593,3593,1672,1614,3620,3620,,,,,788,735,5196,5196,20441.0833333333,4072.5,4077,4068,5152.5,5593,4712,19071.6666666667,41550.5,35642,47459,28998.75,28519,29478.5,13873.5,12080,15667,21810.5,2625.95833333333,1771,410,3132,2001,416,3586,1076.25,3852.75,1778.5,5927,2576.125,1545.75,3606.5,2978.75,761.5,5196,4175.66666666667,1860138.58333333,370597.5,371007,370188,468877.5,508963,428792,1735521.66666667,3781095.5,3243422,4318769,2638886.25,2595229,2682543.5,1262488.5,1099280,1425697,1984755.5,238962.208333333,161161,37310,285012,182091,37856,326326,97938.75,350600.25,161843.5,539357,234427.375,140663.25,328191.5,271066.25,69296.5,472836,379985.666666667
433806.819645426,4499435.81095994,"045","05","01","0450501",Navarrosillos - Polígono Sur,Navarrosillos - Polígono Sur,Navarrosillos - Polígono Sur Núcleo,"10","19","4",-3.782851669,40.6431202717,5883,5883,7394,4512,4740,4740,5802,5390,36279,36279,36895,41835,,,,,,,,,,,,,29415,29415,31105,30419,28897,28897,29950,29264,,,,,12717,12717,14097,11518,715,715,1739,1742,561,565,1429,2354,2133,1972,4755,5519,,,,,,,,,,,,,1793,1634,3986,4227,1938,1900,4011,4260,,,,,1049,1011,3792,3637,20168.4583333333,5918,5883,5953,5168,4740,5596,19655.1666666667,37822,36279,39365,29670.25,29156,30184.5,12762.25,12717,12807.5,20681.75,2393.20833333333,1227.75,715,1740.5,1227.25,563,1891.5,1332.16666666667,3594.75,2052.5,5137,2968.625,1816.25,4121,2372.25,1030,3714.5,3454.25,201684.583333333,59180,58830,59530,51680,47400,55960,196551.666666667,378220,362790,393650,296702.5,291560,301845,127622.5,127170,128075,206817.5,23932.0833333333,12277.5,7150,17405,12272.5,5630,18915,13321.6666666667,35947.5,20525,51370,29686.25,18162.5,41210,23722.5,10300,37145,34542.5
449492.370285557,4497936.86517815,"045","06","01","0450601",Ciudalcampo,Ciudalcampo,Ciudalcampo Núcleo,"786","19","4",-3.5972329634,40.6307258654,23997,23997,47773,47783,15548,15548,13601,14909,10142,10142,9913,9913,,,,,,,,,,,,,26534,26534,20962,20972,24205,24205,22927,24691,,,,,32422,32422,39103,44853,1623,1625,4994,5817,1166,948,2645,2956,780,716,1682,1802,,,,,,,,,,,,,1508,1234,2549,3329,1724,1381,3226,4258,,,,,1707,1454,4519,5878,24295.6666666667,35887.5,23997,47778,14901.5,15548,14255,22141.3333333333,10027.5,10142,9913,23878.75,25369.5,22388,37200,32422,41978,26450,2480.04166666667,3514.75,1624,5405.5,1928.75,1057,2800.5,1322.16666666667,1245,748,1742,2401.125,1461.75,3340.5,3389.5,1580.5,5198.5,3637.91666666667,19096394,28207575,18861642,37553508,11712579,12220728,11204430,17403088,7881615,7971612,7791618,18768697.5,19940427,17596968,29239200,25483692,32994708,20789700,1949312.75,2762593.5,1276464,4248723,1515997.5,830802,2201193,1039223,978570,587928,1369212,1887284.25,1148935.5,2625633,2664147,1242273,4086021,2859402.5
449258.120090046,4500076.33053577,"045","06","05","0450605",Valdelagua - Punta Galea,Valdelagua - Punta Galea,Valdelagua - Punta Galea Núcleo,"182","19","4",-3.600175331,40.6499844697,21484,21484,49561,52951,17325,17325,15718,16330,11920,11920,11700,11700,,,,,,,,,,,,,28312,28312,22750,22334,25983,25983,24715,24298,,,,,34200,34200,40891,40891,1517,1516,4541,5120,1226,1000,2329,2475,827,770,1349,1289,,,,,,,,,,,,,1563,1281,2396,1616,1789,1425,2773,2706,,,,,1755,1503,4126,4306,25511.9583333333,36370,21484,51256,16674.5,17325,16024,23204,11810,11920,11700,25335.875,27147.5,23524.25,37545.5,34200,40891,27819.9166666667,2133.25,3173.5,1516.5,4830.5,1757.5,1113,2402,1347.66666666667,1058.75,798.5,1319,1943.625,1514.5,2372.75,2922.5,1629,4216,2918.83333333333,4643176.41666667,6619340,3910088,9328592,3034759,3153150,2916368,4223128,2149420,2169440,2129400,4611129.25,4940845,4281413.5,6833281,6224400,7442162,5063224.83333333,388251.5,577577,276003,879151,319865,202566,437164,245275.333333333,192692.5,145327,240058,353739.75,275639,431840.5,531895,296478,767312,531227.666666667
433389.683576506,4503423.44937105,"045","07","01","0450701",San Pedro,San Pedro,San Pedro Núcleo,"111","19","4",-3.788207325,40.6790070367,2756,2756,2778,2778,6278,6278,3851,3851,36327,36327,34142,46364,,,,,,,,,,,,,29463,29463,28384,28384,28944,28944,27229,27229,,,,,12764,12764,13449,13430,374,371,1070,1073,457,444,1281,1286,1921,1708,4797,5190,,,,,,,,,,,,,1583,1376,3158,3210,1712,1643,3183,3232,,,,,827,767,3678,3319,19372.2083333333,2767,2756,2778,5064.5,6278,3851,19422,38290,36327,40253,28505,29203.5,27806.5,13101.75,12764,13439.5,19322.4166666667,1985.83333333333,722,372.5,1071.5,867,450.5,1283.5,1098.58333333333,3404,1814.5,4993.5,2387.125,1578.5,3195.75,2147.75,797,3498.5,2873.08333333333,2150315.125,307137,305916,308358,562159.5,696858,427461,2155842,4250190,4032297,4468083,3164055,3241588.5,3086521.5,1454294.25,1416804,1491784.5,2144788.25,220427.5,80142,41347.5,118936.5,96237,50005.5,142468.5,121942.75,377844,201409.5,554278.5,264970.875,175213.5,354728.25,238400.25,88467,388333.5,318912.25
449098.986448566,4518562.33614438,"121","01","01","1210101",Redueña,Redueña,Redueña Núcleo,"289","1","4",-3.603560441,40.8164995207,6555,6555,6748,6748,35666,35666,82808,32555,35365,35365,43400,55331,,,,,,,,,,,,,51757,51757,54450,40907,49428,49428,56415,42872,,,,,21554,21554,17726,21535,466,470,1687,1687,1805,1805,8769,4835,1674,1629,4761,5358,,,,,,,,,,,,,2365,2133,5928,3408,2561,2301,6855,4387,,,,,986,1078,4859,4849,35922.7083333333,6651.5,6555,6748,46673.75,35666,57681.5,33387.5,42365.25,35365,49365.5,49626.75,50592.5,48661,20592.25,21554,19630.5,38457.9166666667,3194,1077.5,468,1687,4303.5,1805,6802,1606.08333333333,3355.5,1651.5,5059.5,3742.25,2340,5144.5,2943,1032,4854,4781.91666666667,10381662.7083333,1922283.5,1894395,1950172,13488713.75,10307474,16669953.5,9648987.5,12243557.25,10220485,14266629.5,14342130.75,14621232.5,14063029,5951160.25,6229106,5673214.5,11114337.9166667,923066,311397.5,135252,487543,1243711.5,521645,1965778,464158.083333333,969739.5,477283.5,1462195.5,1081510.25,676260,1486760.5,850527,298248,1402806,1381973.91666667
455757.228730908,4533592.10382696,"124","01","01","1240101",Robledillo de la Jara,Robledillo de la Jara,Robledillo de la Jara Núcleo,"123","1","4",-3.5256837438,40.9522742657,27027,27027,46995,46995,61548,61548,108111,108111,61247,61247,94176,94176,,,,,,,,,,,,,77639,77639,79753,79753,75310,75310,81717,81717,,,,,17024,17024,27759,27759,1800,1782,9992,9992,3071,3057,9334,9334,2938,2890,8503,8503,,,,,,,,,,,,,3604,3418,6553,6553,3775,3513,7223,7223,,,,,1299,1224,3494,3494,63192.1666666667,37011,27027,46995,84829.5,61548,108111,53299.1666666667,77711.5,61247,94176,78604.75,76474.5,80735,22391.5,17024,27759,73085.1666666667,5107.04166666667,5891.5,1791,9992,6199,3064,9334,2697.58333333333,5708.5,2914,8503,5232.75,3577.5,6888,2377.75,1261.5,3494,7516.5,7772636.5,4552353,3324321,5780385,10434028.5,7570404,13297653,6555797.5,9558514.5,7533381,11583648,9668384.25,9406363.5,9930405,2754154.5,2093952,3414357,8989475.5,628166.125,724654.5,220293,1229016,762477,376872,1148082,331802.75,702145.5,358422,1045869,643628.25,440032.5,847224,292463.25,155164.5,429762,924529.5
450843.871204387,4546378.23522121,"070","01","01","0700101",Horcajo de la Sierra,Horcajo de la Sierra,Horcajo de la Sierra Núcleo,"104","1","4",-3.5850784831,41.0671676569,46606,46606,67499,43052,69117,69117,121170,112084,68816,68816,106568,75804,,,,,,,,,,,,,85208,85208,92144,86853,82879,82879,94109,88818,,,,,20853,20853,40150,22504,1957,1996,10377,8457,2945,2936,11196,10676,2816,2772,9488,7151,,,,,,,,,,,,,3460,3318,7538,8018,3568,3411,8517,8767,,,,,924,918,4299,3099,70738.0416666667,50940.75,46606,55275.5,92872,69117,116627,62246.5,80001,68816,91186,87262.25,84043.5,90481,26090,20853,31327,79229.5833333333,5358.5,5696.75,1976.5,9417,6938.25,2940.5,10936,2585.08333333333,5556.75,2794,8319.5,5824.625,3439.25,8210,2310,921,3699,8131.91666666667,7356756.33333333,5297838,4847024,5748652,9658688,7188168,12129208,6473636,8320104,7156864,9483344,9075274,8740524,9410024,2713360,2168712,3258008,8239876.66666667,557284,592462,205556,979368,721578,305812,1137344,268848.666666667,577902,290576,865228,605761,357682,853840,240240,95784,384696,845719.333333333
449832.567942427,4545009.04960193,"070","02","01","0700201",Aoslos,Aoslos,Aoslos Núcleo,"94","1","4",-3.5970033164,41.0547727666,43603,43603,64623,46731,66115,66115,117648,81409,65814,65814,103046,79483,,,,,,,,,,,,,82206,82206,88622,90532,79877,79877,90587,92497,,,,,17851,17851,36628,26183,1867,1891,10161,8841,2884,2814,10980,9609,2717,2641,9272,7535,,,,,,,,,,,,,3376,3183,7322,8402,3518,3317,8301,9151,,,,,830,821,4083,3483,67871.7083333333,49640,43603,55677,82821.75,66115,99528.5,59244.3333333333,78539.25,65814,91264.5,85800.5,81041.5,90559.5,24628.25,17851,31405.5,76499.0833333333,5291.625,5690,1879,9501,6571.75,2849,10294.5,2488.25,5541.25,2679,8403.5,5821.25,3348.5,8294,2304.25,825.5,3783,8095,6379940.58333333,4666160,4098682,5233638,7785244.5,6214810,9355679,5568967.33333333,7382689.5,6186516,8578863,8065247,7617901,8512593,2315055.5,1677994,2952117,7190913.83333333,497412.75,534860,176626,893094,617744.5,267806,967683,233895.5,520877.5,251826,789929,547197.5,314759,779636,216599.5,77597,355602,760930
453380.634092018,4490319.29403876,"104","01","01","1040101",Belvis de Jarama,Belvis de Jarama,Belvis de Jarama Núcleo,"333","2","4",-3.55069451,40.5623319397,18351,18351,28190,26832,13598,13598,12068,12068,9258,9258,9472,9472,,,,,,,,,,,,,26977,26977,22079,20306,23817,23817,27800,22271,,,,,12724,12724,12959,12959,982,983,4637,4779,997,825,1999,2299,906,747,1053,1053,,,,,,,,,,,,,1406,1305,2001,2820,1504,1459,2842,3691,,,,,840,743,2873,3233,17746.9166666667,22931,18351,27511,12833,13598,12068,17454.1666666667,9365,9258,9472,24255.5,25397,23114,12841.5,12724,12959,18039.6666666667,1915.70833333333,2845.25,982.5,4708,1530,911,2149,1058.08333333333,939.75,826.5,1053,2128.5,1418.5,2838.5,1922.25,791.5,3053,2773.33333333333,5909723.25,7636023,6110883,9161163,4273389,4528134,4018644,5812237.5,3118545,3082914,3154176,8077081.5,8457201,7696962,4276219.5,4237092,4315347,6007209,637930.875,947468.25,327172.5,1567764,509490,303363,715617,352341.75,312936.75,275224.5,350649,708790.5,472360.5,945220.5,640109.25,263569.5,1016649,923520
456311.772284548,4483784.00162219,"104","02","01","1040201",Paracuellos de Jarama,Paracuellos de Jarama,Paracuellos de Jarama Núcleo,"23492","2","4",-3.5156201224,40.5036179269,12809,12809,17968,15737,17253,17253,22157,24150,16603,16603,21554,21554,,,,,,,,,,,,,30632,21021,26936,26936,27471,20256,28717,23218,,,,,15848,15848,20029,17798,791,792,2305,2305,1115,958,4427,3627,1003,899,2381,2381,,,,,,,,,,,,,1534,1377,3432,3642,1626,1532,3715,3840,,,,,923,865,3571,3571,20465,14830.75,12809,16852.5,20203.25,17253,23153.5,18700.5,19078.5,16603,21554,25648.375,24845,26451.75,17380.75,15848,18913.5,22229.5,2192.16666666667,1548.25,791.5,2305,2531.75,1036.5,4027,1117.91666666667,1666,951,2381,2587.25,1517.25,3657.25,2232.5,894,3571,3266.41666666667,480763780,348403979,300909028,395898930,474614749,405307476,543922022,439312146,448192122,390037676,506346568,602531625.5,583658740,621404511,408308579,372301216,444315942,522215414,51498379.3333333,36371489,18593918,54149060,59475871,24349458,94602284,26262098.3333333,39137672,22340892,55934452,60779677,35643237,85916117,52445890,21001848,83889932,76734660.3333333
457174.744809518,4481436.65462209,"104","03","01","1040301","Avalón, El",El Avalón,El Avalón Núcleo,"18","2","4",-3.5052768248,40.4825164176,13776,13776,4371,4371,20783,20783,28168,26175,20134,20134,25572,25572,,,,,,,,,,,,,23655,26391,36405,30954,22891,22891,24896,27236,,,,,19378,19378,10035,24001,1264,1258,3507,3507,1709,1503,5864,6964,1591,1431,4918,4918,,,,,,,,,,,,,2077,1870,6505,6179,2177,1977,6609,6920,,,,,1510,1402,4850,6250,21321.9166666667,9073.5,13776,4371,23977.25,20783,27171.5,20330.8333333333,22853,20134,25572,26914.875,23957,29872.75,18198,19378,17018,22313,3615,2384,1261,3507,4010,1606,6414,1647.41666666667,3214.5,1511,4918,4289.25,2025.25,6553.25,3503,1456,5550,5582.58333333333,383794.5,163323,247968,78678,431590.5,374094,489087,365955,411354,362412,460296,484467.75,431226,537709.5,327564,348804,306324,401634,65070,42912,22698,63126,72180,28908,115452,29653.5,57861,27198,88524,77206.5,36454.5,117958.5,63054,26208,99900,100486.5
459080.657054619,4482530.08631894,"104","06","01","1040601",I.N.T.A.,I.N.T.A.,I.N.T.A. Núcleo,"148","2","4",-3.48286115,40.4924629557,6123,6123,5608,5608,20566,20566,38469,33637,19916,19916,33937,33301,,,,,,,,,,,,,33945,24799,29903,38358,30785,26519,27211,35379,,,,,7031,7031,7084,7067,733,760,1293,1293,1227,1054,5657,6175,1113,994,5095,6535,,,,,,,,,,,,,1640,1412,4586,5334,1750,1556,4753,5777,,,,,701,689,2548,2047,21620.0833333333,5865.5,6123,5608,28309.5,20566,36053,18610,26767.5,19916,33619,30862.375,29012,32712.75,7053.25,7031,7075.5,24630.1666666667,2696.75,1019.75,746.5,1293,3528.25,1140.5,5916,1135.75,3434.25,1053.5,5815,3351,1589.5,5112.5,1496.25,695,2297.5,4257.75,3199772.33333333,868094,906204,829984,4189806,3043768,5335844,2754280,3961590,2947568,4975612,4567631.5,4293776,4841487,1043881,1040588,1047174,3645264.66666667,399119,150923,110482,191364,522181,168794,875568,168091,508269,155918,860620,495948,235246,756650,221445,102860,340030,630147
456477.293282748,4480604.65849879,"104","04","01","1040401","Berrocales del Jarama, Los",Los Berrocales del Jarama,Los Berrocales del Jarama Núcleo,"866","2","4",-3.51344834,40.4749849537,8947,8947,6440,24706,21653,21653,27697,28458,21003,21003,37754,27855,,,,,,,,,,,,,21562,21562,24411,33240,22415,22415,21748,27179,,,,,13045,13045,7695,26767,657,665,2199,4290,1312,1134,6050,5370,1193,1069,5529,5124,,,,,,,,,,,,,1717,1287,4125,4570,1808,1438,3995,4724,,,,,878,820,3525,5556,21300,12260,8947,15573,24865.25,21653,28077.5,18104.1666666667,26903.75,21003,32804.5,24316.5,21988.5,26644.5,15138,13045,17231,24495.8333333333,2876.45833333333,1952.75,661,3244.5,3466.5,1223,5710,1164.83333333333,3228.75,1131,5326.5,2958,1562.5,4353.5,2694.75,849,4540.5,4588.08333333333,18445800,10617160,7748102,13486218,21533306.5,18751498,24315115,15678208.3333333,23298647.5,18188598,28408697,21058089,19042041,23074137,13109508,11296970,14922046,21213391.6666667,2491012.91666667,1691081.5,572426,2809737,3001989,1059118,4944860,1008745.66666667,2796097.5,979446,4612749,2561628,1353125,3770131,2333653.5,735234,3932073,3973280.16666667
453472.180307938,4484838.65344842,"104","05","01","1040501","Granja - El Cruce, La",La Granja - El Cruce,La Granja - El Cruce Núcleo,"2248","2","4",-3.5492098279,40.5129644747,18514,18514,20533,20551,13761,13761,18636,18636,13112,13112,16040,16040,,,,,,,,,,,,,18937,18937,24149,26874,18173,18173,25930,28839,,,,,12887,12887,18170,19527,1015,1035,4214,4280,1028,862,2713,3013,895,801,1767,1767,,,,,,,,,,,,,1409,1143,4119,3534,1404,1294,4402,4405,,,,,874,781,4749,3947,18528.875,19528,18514,20542,16198.5,13761,18636,15897.3333333333,14576,13112,16040,22501.5,18555,26448,15867.75,12887,18848.5,21160.4166666667,2310.45833333333,2636,1025,4247,1904,945,2863,1045.08333333333,1307.5,848,1767,2713.75,1312.5,4115,2587.75,827.5,4348,3575.83333333333,41652911,43898944,41619472,46178416,36414228,30934728,41893728,35737205.3333333,32766848,29475776,36057920,50583372,41711640,59455104,35670702,28969976,42371428,47568616.6666667,5193910.33333333,5925728,2304200,9547256,4280192,2124360,6436024,2349347.33333333,2939260,1906304,3972216,6100510,2950500,9250520,5817262,1860220,9774304,8038473.33333333
449444.636082466,4540305.41812154,"114","01","01","1140101",Gandullas,Gandullas,Gandullas Núcleo,"62","1","4",-3.601233947,41.0123799096,38200,38200,51896,32744,60711,60711,91248,101776,60410,60410,55168,65496,,,,,,,,,,,,,76802,76802,66028,76545,74473,74473,67992,78510,,,,,12447,12447,12196,12196,1721,1785,7616,8107,2736,2740,10509,10326,2563,2566,7221,6801,,,,,,,,,,,,,3231,3068,8088,7668,3357,3183,8938,8417,,,,,674,698,2329,2749,56578.375,40260,38200,42320,78611.5,60711,96512,53840.5,60371,60410,60332,73953.125,75637.5,72268.75,12321.5,12447,12196,59316.25,4878.79166666667,4807.25,1753,7861.5,6577.75,2738,10417.5,2360.16666666667,4787.75,2564.5,7011,5743.75,3209.75,8277.75,1612.5,686,2539,7397.41666666667,3507859.25,2496120,2368400,2623840,4873913,3764082,5983744,3338111,3743002,3745420,3740584,4585093.75,4689525,4480662.5,763933,771714,756152,3677607.5,302485.083333333,298049.5,108686,487413,407820.5,169756,645885,146330.333333333,296840.5,158999,434682,356112.5,199004.5,513220.5,99975,42532,157418,458639.833333333
449618.256652246,4542624.03373575,"114","02","01","1140201",Piñuécar,Piñuécar,Piñuécar Núcleo,"89","1","4",-3.5993585811,41.0332760768,40206,40206,77603,33622,62717,62717,130628,102654,62416,62416,116026,66374,,,,,,,,,,,,,78809,78809,101602,77423,76480,76480,103567,79388,,,,,14454,14454,49608,13074,1767,1809,11179,7699,2780,2765,11998,9918,2611,2572,10290,6393,,,,,,,,,,,,,3267,3103,8340,7260,3395,3219,9319,8009,,,,,719,725,5101,2341,67572.2083333333,47909.25,40206,55612.5,89679,62717,116641,55847,76808,62416,91200,84069.75,77644.5,90495,22897.5,14454,31341,79297.4166666667,5274.125,5613.5,1788,9439,6865.25,2772.5,10958,2394.33333333333,5466.5,2591.5,8341.5,5739,3246,8232,2221.5,722,3721,8153.91666666667,6013926.54166667,4263923.25,3578334,4949512.5,7981431,5581813,10381049,4970383,6835912,5555024,8116800,7482207.75,6910360.5,8054055,2037877.5,1286406,2789349,7057470.08333333,469397.125,499601.5,159132,840071,611007.25,246752.5,975262,213095.666666667,486518.5,230643.5,742393.5,510771,288894,732648,197713.5,64258,331169,725698.583333333
447160.003187572,4519396.37151174,"029","01","01","0290101",Cabanillas de la Sierra,Cabanillas de la Sierra,Cabanillas de la Sierra Núcleo,"888","1","4",-3.6266214133,40.8238899356,9946,9946,21205,15716,32292,32292,33119,33708,35066,35066,34837,53451,,,,,,,,,,,,,51458,51458,41798,39027,49129,49129,46893,40992,,,,,14493,14493,16134,14748,802,797,4040,3246,1787,1849,5079,4497,1770,1723,3088,4640,,,,,,,,,,,,,2428,2243,3982,2690,2638,2380,5012,3669,,,,,772,784,2880,1791,32349.8333333333,14203.25,9946,18460.5,32852.75,32292,33413.5,32064,39605,35066,44144,46235.5,50293.5,42177.5,14967,14493,15441,32635.6666666667,2691.125,2221.25,799.5,3643,3303,1818,4788,1664.41666666667,2805.25,1746.5,3864,3130.25,2422.25,3838.25,1556.75,778,2335.5,3717.83333333333,28726652,12612486,8832048,16392924,29173242,28675296,29671188,28472832,35169240,31138608,39199872,41057124,44660628,37453620,13290696,12869784,13711608,28980472,2389719,1972470,709956,3234984,2933064,1614384,4251744,1478002,2491062,1550892,3431232,2779662,2150958,3408366,1382394,690864,2073924,3301436
438873.915192771,4537980.92034125,"097","01","01","0970101",Navarredonda,Navarredonda,Navarredonda Núcleo,"59","1","4",-3.7267082831,40.9907177287,42533,42533,119047,50100,65044,65044,120463,111217,64743,64743,84182,97282,,,,,,,,,,,,,81136,81136,95232,82858,78806,78806,97197,84822,,,,,16780,16780,33819,33771,2013,2061,10996,11367,3028,3040,11586,10709,2871,2839,7961,9878,,,,,,,,,,,,,3558,3339,8828,7928,3687,3500,9505,8598,,,,,963,982,3489,3693,71169.75,63553.25,42533,84573.5,90442,65044,115840,58173.6666666667,77737.5,64743,90732,84999.125,79971,90027.25,25287.5,16780,33795,84165.8333333333,5684.125,6609.25,2037,11181.5,7090.75,3034,11147.5,2656.75,5887.25,2855,8919.5,6117.875,3521,8714.75,2281.75,972.5,3591,8711.5,4199015.25,3749641.75,2509447,4989836.5,5336078,3837596,6834560,3432246.33333333,4586512.5,3819837,5353188,5014948.375,4718289,5311607.75,1491962.5,990020,1993905,4965784.16666667,335363.375,389945.75,120183,659708.5,418354.25,179006,657702.5,156748.25,347347.75,168445,526250.5,360954.625,207739,514170.25,134623.25,57377.5,211869,513978.5
440474.781952262,4538014.40721338,"097","02","01","0970201",San Mamés,San Mamés,San Mamés Núcleo,"75","1","4",-3.7076807255,40.9911377663,41068,41068,117413,48466,63579,63579,118829,109583,63278,63278,82548,95648,,,,,,,,,,,,,79670,79670,93598,81224,77341,77341,95563,83188,,,,,15315,15315,32186,32138,1890,1938,10882,11253,2907,2921,11472,10595,2753,2733,7847,9764,,,,,,,,,,,,,3439,3208,8714,7814,3540,3387,9391,8484,,,,,845,857,3375,3579,69620.25,62003.75,41068,82939.5,88892.5,63579,114206,56708.5,76188,63278,89098,83449.375,78505.5,88393.25,23738.5,15315,32162,82532,5566.16666666667,6490.75,1914,11067.5,6973.75,2914,11033.5,2534.83333333333,5774.25,2743,8805.5,5997.125,3393.5,8600.75,2164,851,3477,8597.5,5221518.75,4650281.25,3080100,6220462.5,6666937.5,4768425,8565450,4253137.5,5714100,4745850,6682350,6258703.125,5887912.5,6629493.75,1780387.5,1148625,2412150,6189900,417462.5,486806.25,143550,830062.5,523031.25,218550,827512.5,190112.5,433068.75,205725,660412.5,449784.375,254512.5,645056.25,162300,63825,260775,644812.5
456235.501411708,4536294.50260969,"020","01","01","0200101",Berzosa del Lozoya,Berzosa del Lozoya,Berzosa del Lozoya Núcleo,"225","1","4",-3.520192346,40.976643034,30547,30547,44293,44293,65068,65068,105409,105409,64767,64767,91474,91474,,,,,,,,,,,,,81159,81159,77051,77051,78830,78830,79015,79015,,,,,18511,18511,25057,25057,2121,2094,10075,10075,3393,3400,9417,9417,3219,3177,8586,8586,,,,,,,,,,,,,3911,3696,6636,6636,4038,3841,7306,7306,,,,,1466,1490,3577,3577,63431.75,37420,30547,44293,85238.5,65068,105409,56480.3333333333,78120.5,64767,91474,79013.75,79994.5,78033,21784,18511,25057,70383.1666666667,5293.33333333333,6091.25,2107.5,10075,6406.75,3396.5,9417,2987.16666666667,5892,3198,8586,5421.25,3871.5,6971,2527.5,1478,3577,7599.5,14272143.75,8419500,6873075,9965925,19178662.5,14640300,23717025,12708075,17577112.5,14572575,20581650,17778093.75,17998762.5,17557425,4901400,4164975,5637825,15836212.5,1191000,1370531.25,474187.5,2266875,1441518.75,764212.5,2118825,672112.5,1325700,719550,1931850,1219781.25,871087.5,1568475,568687.5,332550,804825,1709887.5
445936.735713566,4543481.69162674,"024","01","01","0240101",Braojos,Braojos,Braojos Núcleo,"218","1","4",-3.6432278775,41.0407654594,40532,40532,47591,103635,63043,63043,101262,65290,62742,62742,86660,67239,,,,,,,,,,,,,79134,79134,72236,73969,76805,76805,74201,75934,,,,,14779,14779,20242,20179,1825,1861,9822,9151,2824,2797,10641,7180,2666,2612,8933,5910,,,,,,,,,,,,,3339,3144,6983,6623,3464,3273,7962,7360,,,,,775,768,3744,2904,61771.1666666667,58072.5,40532,75613,73159.5,63043,83276,56172.5,69845.75,62742,76949.5,76027.25,77969.5,74085,17494.75,14779,20210.5,67369.8333333333,4856.70833333333,5664.75,1843,9486.5,5860.5,2810.5,8910.5,2445.66666666667,5030.25,2639,7421.5,5268.5,3305,7232,2047.75,771.5,3324,7267.75,13466114.3333333,12659805,8835976,16483634,15948771,13743374,18154168,12245605,15226373.5,13677756,16774991,16573940.5,16997351,16150530,3813855.5,3221822,4405889,14686623.6666667,1058762.41666667,1234915.5,401774,2068057,1277589,612689,1942489,533155.333333333,1096594.5,575302,1617887,1148533,720490,1576576,446409.5,168187,724632,1584369.5
446324.601437741,4537527.8018509,"027","01","01","0270101",Buitrago del Lozoya,Buitrago del Lozoya,Buitrago del Lozoya Núcleo,"1963","1","4",-3.6380957401,40.9871605249,32584,32584,47086,37752,55096,55096,53130,88406,54795,54795,54848,73804,,,,,,,,,,,,,71187,71187,61809,59381,68858,68858,66904,61346,,,,,6832,6832,7386,7386,1400,1435,6529,6084,2380,2394,6189,8079,2247,2209,4198,6371,,,,,,,,,,,,,2923,2723,5092,4421,3074,2859,6122,5400,,,,,344,339,1242,1182,49914.25,37501.5,32584,42419,62932,55096,70768,48225.3333333333,59560.5,54795,64326,66191.25,70022.5,62360,7109,6832,7386,51603.1666666667,3551.5,3862,1417.5,6306.5,4760.5,2387,7134,2027.25,3756.25,2228,5284.5,4076.75,2894.75,5258.75,776.75,341.5,1212,5075.75,97981672.75,73615444.5,63962392,83268497,123535516,108153448,138917584,94666329.3333333,116917261.5,107562585,126271938,129933423.75,137454167.5,122412680,13954967,13411216,14498718,101297016.166667,6971594.5,7581106,2782552.5,12379659.5,9344861.5,4685681,14004042,3979491.75,7373518.75,4373564,10373473.5,8002660.25,5682394.25,10322926.25,1524760.25,670364.5,2379156,9963697.25
444034.382949874,4524776.60189382,"158","01","01","1580101",Valdemanco,Valdemanco,Valdemanco Núcleo,"676","1","4",-3.66416909,40.8721470956,19996,19996,20993,20993,39653,45233,35403,35403,44932,44932,46633,64286,,,,,,,,,,,,,61324,61324,53594,59935,58995,58995,58689,58780,,,,,17342,17342,17367,17367,1391,1414,3191,3191,2290,2285,3546,3364,2144,2076,4558,7402,,,,,,,,,,,,,2844,2578,5452,5288,2993,2755,6482,5310,,,,,1012,1038,2787,2787,40812.7916666667,20494.5,19996,20993,38923,42443,35403,40838.6666666667,50195.75,44932,55459.5,58954.5,60159.5,57749.5,17354.5,17342,17367,40786.9166666667,3257.41666666667,2296.75,1402.5,3191,2871.25,2287.5,3455,2068.33333333333,4045,2110,5980,4212.75,2792.5,5633,1906,1025,2787,4446.5,27589447.1666667,13854282,13517296,14191268,26311948,28691468,23932428,27606938.6666667,33932327,30374032,37490622,39853242,40667822,39038662,11731642,11723192,11740092,27571955.6666667,2202013.66666667,1552603,948090,2157116,1940965,1546350,2335580,1398193.33333333,2734420,1426360,4042480,2847819,1887730,3807908,1288456,692900,1884012,3005834
444935.599945875,4523583.3994471,"158","03","01","1580301","Hoya, La",La Hoya,La Hoya Núcleo,"55","1","4",-3.65336896,40.86145998,20315,20315,18850,18850,42826,42826,37926,37999,42525,42525,44489,62143,,,,,,,,,,,,,58917,58917,51450,47719,56588,56588,56545,49683,,,,,14936,14936,15224,15224,1071,1089,3210,3210,2056,2045,3889,4818,1925,1862,4577,7421,,,,,,,,,,,,,2576,2386,5471,5471,2799,2525,6501,6141,,,,,784,792,2806,2806,38679.8333333333,19582.5,20315,18850,40394.25,42826,37962.5,39351.1666666667,47920.5,42525,53316,54550.875,57752.5,51349.25,15080,14936,15224,38008.5,3259.625,2145,1080,3210,3202,2050.5,4353.5,1825.83333333333,3946.25,1893.5,5999,4233.75,2571.5,5896,1797,788,2806,4693.41666666667,2127390.83333333,1077037.5,1117325,1036750,2221683.75,2355430,2087937.5,2164314.16666667,2635627.5,2338875,2932380,3000298.125,3176387.5,2824208.75,829400,821480,837320,2090467.5,179279.375,117975,59400,176550,176110,112777.5,239442.5,100420.833333333,217043.75,104142.5,329945,232856.25,141432.5,324280,98835,43340,154330,258137.916666667
443397.126179474,4524134.73935829,"158","02","01","1580201",Cerro Matallera,Cerro Matallera,Cerro Matallera Núcleo,"329","1","4",-3.6716727806,40.8663215184,20612,20612,33229,21865,40269,45849,34215,34215,45548,45548,41998,73482,,,,,,,,,,,,,61940,61940,52857,58747,59611,59611,57592,57592,,,,,17959,17959,22551,18239,1406,1450,6804,3868,2319,2334,3439,3264,2176,2123,6409,7487,,,,,,,,,,,,,2858,2632,7276,5188,3018,2794,5518,5210,,,,,1040,1072,3137,3464,41835,24079.5,20612,27547,38637,43059,34215,41454.8333333333,51644,45548,57740,58736.25,60775.5,56697,19177,17959,20395,42215.1666666667,3595.25,3382,1428,5336,2839,2326.5,3351.5,2101.83333333333,4548.75,2149.5,6948,4311.75,2825.5,5798,2178.25,1056,3300.5,5088.66666666667,13763715,7922155.5,6781348,9062963,12711573,14166411,11256735,13638640.1666667,16990876,14985292,18996460,19324226.25,19995139.5,18653313,6309233,5908511,6709955,13888789.8333333,1182837.25,1112678,469812,1755544,934031,765418.5,1102643.5,691503.166666667,1496538.75,707185.5,2285892,1418565.75,929589.5,1907542,716644.25,347424,1085864.5,1674171.33333333
455465.254138618,4530131.53933155,"039","01","01","0390101",Cervera de Buitrago,Cervera de Buitrago,Cervera de Buitrago Núcleo,"146","1","4",-3.528904091,40.9210857926,25064,25064,44767,44767,59584,59584,104592,104592,59283,59283,68311,68311,,,,,,,,,,,,,75676,75676,79361,79361,73347,73347,81326,81326,,,,,15061,15061,15272,15272,1721,1711,6646,6646,2992,2991,10965,10965,2858,2814,7440,7440,,,,,,,,,,,,,3526,3345,8307,8307,3697,3436,9056,9056,,,,,1198,1139,1700,1700,58470.3333333333,34915.5,25064,44767,82088,59584,104592,51335.8333333333,63797,59283,68311,77427.5,74511.5,80343.5,15166.5,15061,15272,65604.8333333333,4985.66666666667,4181,1716,6646,6978.25,2991.5,10965,2619,5138,2836,7440,6091.25,3501,8681.5,1434.25,1168.5,1700,7352.33333333333,8536668.66666667,5097663,3659344,6535982,11984848,8699264,15270432,7495031.66666667,9314362,8655318,9973406,11304415,10878679,11730151,2214309,2198906,2229712,9578305.66666667,727907.333333333,610426,250536,970316,1018824.5,436759,1600890,382374,750148,414056,1086240,889322.5,511146,1267499,209400.5,170601,248200,1073440.66666667
454156.506664428,4545575.82061084,"071","01","01","0710101",Horcajuelo de la Sierra,Horcajuelo de la Sierra,Horcajuelo de la Sierra Núcleo,"107","1","4",-3.5455920267,41.0601331586,51723,51723,49652,40999,74234,74234,103323,106497,73933,73933,88721,70216,,,,,,,,,,,,,90325,90325,74297,81266,87996,87996,76262,83231,,,,,25970,25970,24750,24274,2408,2427,14459,9184,3382,3367,15278,12644,3253,3174,13570,9318,,,,,,,,,,,,,3890,3673,11620,10245,4062,3863,12599,10958,,,,,1372,1374,6161,4126,67993.75,48524.25,51723,45325.5,89572,74234,104910,67363.5,76700.75,73933,79468.5,83962.25,89160.5,78764,25241,25970,24512,68624,6933.625,7119.5,2417.5,11821.5,8667.75,3374.5,13961,3020.41666666667,7328.75,3213.5,11444,7613.75,3872,11355.5,3258.25,1373,5143.5,10846.8333333333,7275331.25,5192094.75,5534361,4849828.5,9584204,7943038,11225370,7207894.5,8206980.25,7910831,8503129.5,8983960.75,9540173.5,8427748,2700787,2778790,2622784,7342768,741897.875,761786.5,258672.5,1264900.5,927449.25,361071.5,1493827,323184.583333333,784176.25,343844.5,1224508,814671.25,414304,1215038.5,348632.75,146911,550354.5,1160611.16666667
447587.620310375,4548667.80694795,"001","01","01","0010101","Acebeda, La",La Acebeda,La Acebeda Núcleo,"53","1","4",-3.624028747,41.0875878746,45652,45652,57968,52952,68163,68163,111639,121984,67862,67862,97037,85704,,,,,,,,,,,,,84254,84254,82613,96753,81925,81925,84578,98718,,,,,19899,19899,30619,32404,1965,2000,9755,9275,2964,2942,10574,11494,2821,2777,8866,7969,,,,,,,,,,,,,3474,3284,6916,8836,3591,3389,7895,9585,,,,,928,926,3677,3917,70353.2916666667,50556,45652,55460,92487.25,68163,116811.5,61292.5,79616.25,67862,91370.5,86877.5,83089.5,90665.5,25705.25,19899,31511.5,79414.0833333333,5409.16666666667,5748.75,1982.5,9515,6993.5,2953,11034,2588.41666666667,5608.25,2799,8417.5,5871.25,3434.5,8308,2362,927,3797,8229.91666666667,3728724.45833333,2679468,2419556,2939380,4901824.25,3612639,6191009.5,3248502.5,4219661.25,3596686,4842636.5,4604507.5,4403743.5,4805271.5,1362378.25,1054647,1670109.5,4208946.41666667,286685.833333333,304683.75,105072.5,504295,370655.5,156509,584802,137186.083333333,297237.25,148347,446127.5,311176.25,182028.5,440324,125186,49131,201241,436185.583333333
449961.851061647,4550471.34161391,"126","01","01","1260101",Robregordo,Robregordo,Robregordo Núcleo,"68","1","4",-3.5959091357,41.1039830137,46520,46520,61991,51561,69031,69031,66367,72646,68730,68730,68085,94718,,,,,,,,,,,,,85123,85123,75046,105767,82794,82794,80141,107732,,,,,20768,20768,21256,21840,1896,1930,7818,7740,2890,2884,6627,10608,2730,2684,4636,8478,,,,,,,,,,,,,3417,3227,5530,9345,3525,3341,6560,10094,,,,,844,847,2531,3263,65545.0833333333,51648,46520,56776,69268.75,69031,69506.5,62161,75065.75,68730,81401.5,88065,83958.5,92171.5,21158,20768,21548,68929.1666666667,4726.875,4846,1913,7779,5752.25,2887,8617.5,2517.91666666667,4632,2707,6557,5629.875,3377.5,7882.25,1871.25,845.5,2897,6935.83333333333,4457065.66666667,3512064,3163360,3860768,4710275,4694108,4726442,4226948,5104471,4673640,5535302,5988420,5709178,6267662,1438744,1412224,1465264,4687183.33333333,321427.5,329528,130084,528972,391153,196316,585990,171218.333333333,314976,184076,445876,382831.5,229670,535993,127245,57494,196996,471636.666666667
450856.239258287,4509708.28763616,"086","01","01","0860101","Molar, El",El Molar,El Molar Núcleo,"9435","5","4",-3.5820282723,40.736848282,32130,32130,27145,27145,26626,26626,62749,40379,26325,26325,22675,22675,,,,,,,,,,,,,42717,42717,33536,33724,40388,40388,35500,35689,,,,,33194,33194,52093,55413,1757,1565,3817,4063,1457,1445,6072,6281,1342,1279,2307,2607,,,,,,,,,,,,,2055,1783,3054,3654,2272,1922,3964,4525,,,,,1834,1791,5564,6644,35478.4583333333,29637.5,32130,27145,39095,26626,51564,33563.3333333333,24500,26325,22675,38082.375,41552.5,34612.25,43473.5,33194,53753,37393.5833333333,3043.91666666667,2800.5,1661,3940,3813.75,1451,6176.5,1708.5,1883.75,1310.5,2457,2903.625,2008,3799.25,3958.25,1812.5,6104,4379.33333333333,334739254.375,279629812.5,303146550,256113075,368861325,251216310,486506340,316670050,231157500,248376375,213938625,359307208.125,392047837.5,326566578.75,410172472.5,313185390,507159555,352808458.75,28719353.75,26422717.5,15671535,37173900,35982731.25,13690185,58275277.5,16119697.5,17773181.25,12364567.5,23181795,27395701.875,18945480,35845923.75,37346088.75,17100937.5,57591240,41319010
439719.683051262,4534962.64568202,"063","01","01","0630101",Gargantilla del Lozoya,Gargantilla del Lozoya,Gargantilla del Lozoya Núcleo,"226","1","4",-3.7163597833,40.9635933571,38190,38190,112159,43212,60701,60701,113575,104329,60400,60400,77294,90394,,,,,,,,,,,,,76792,76792,88344,75970,74463,74463,90309,77934,,,,,12437,12437,26932,26884,1762,1806,10438,10809,2750,2751,11028,10151,2630,2599,7403,9320,,,,,,,,,,,,,3307,3106,8270,7370,3410,3242,8947,8040,,,,,707,716,2931,3135,65554.25,57937.75,38190,77685.5,84826.5,60701,108952,53830.5,72122,60400,83844,79383.375,75627.5,83139.25,19672.5,12437,26908,77278,5276.16666666667,6203.75,1784,10623.5,6670,2750.5,10589.5,2398.83333333333,5488,2614.5,8361.5,5711.5,3266.25,8156.75,1872.25,711.5,3033,8153.5,14815260.5,13093931.5,8630940,17556923,19170789,13718426,24623152,12165693,16299572,13650400,18948744,17940642.75,17091815,18789470.5,4445985,2810762,6081208,17464828,1192413.66666667,1402047.5,403184,2400911,1507420,621613,2393227,542136.333333333,1240288,590877,1889699,1290799,738172.5,1843425.5,423128.5,160799,685458,1842691
441759.316827862,4536850.60367475,"063","02","01","0630201",Pinilla de Buitrago,Pinilla de Buitrago,Pinilla de Buitrago Núcleo,"101","1","4",-3.6923006339,40.9807474226,43085,43085,115248,46301,65596,65596,116664,107418,65295,65295,80383,93483,,,,,,,,,,,,,81687,81687,91433,79059,79358,79358,93398,81023,,,,,17332,17332,30020,29972,2056,2096,10638,11009,3054,3062,11228,10351,2913,2873,7603,9520,,,,,,,,,,,,,3590,3397,8470,7570,3732,3547,9147,8240,,,,,1007,1029,3131,3335,69546.1666666667,61929.75,43085,80774.5,88818.5,65596,112041,58725.5,76114,65295,86933,83375.375,80522.5,86228.25,23664,17332,29996,80366.8333333333,5524.91666666667,6449.75,2076,10823.5,6923.75,3058,10789.5,2696.33333333333,5727.25,2893,8561.5,5961.625,3566.5,8356.75,2125.5,1018,3233,8353.5,7024162.83333333,6254904.75,4351585,8158224.5,8970668.5,6625196,11316141,5931275.5,7687514,6594795,8780233,8420912.875,8132772.5,8709053.25,2390064,1750532,3029596,8117050.16666667,558016.583333333,651424.75,209676,1093173.5,699298.75,308858,1089739.5,272329.666666667,578452.25,292193,864711.5,602124.125,360216.5,844031.75,214675.5,102818,326533,843703.5
455983.504190438,4502967.14702396,"164","05","01","1640501","Mirador, El",El Mirador,El Mirador Núcleo,"171","2","4",-3.5208333333,40.6764121187,37364,37364,30446,44523,23919,23919,22970,22824,19447,19447,20162,20015,,,,,,,,,,,,,36033,36033,31211,31065,33704,33704,33176,36160,,,,,23045,23045,23864,23718,1932,1935,6502,7888,1616,1244,2978,3524,1385,1152,2324,2930,,,,,,,,,,,,,2125,1707,3311,4097,2342,1845,4348,5127,,,,,1462,1156,3724,4270,28631.5833333333,37424.25,37364,37484.5,23408,23919,22897,28918.6666666667,19767.75,19447,20088.5,33885.75,34868.5,32903,23418,23045,23791,28344.5,2955.16666666667,4564.25,1933.5,7195,2340.5,1430,3251,1658.41666666667,1947.75,1268.5,2627,3112.75,2004.75,4220.75,2653,1309,3997,4251.91666666667,4896000.75,6399546.75,6389244,6409849.5,4002768,4090149,3915387,4945092,3380285.25,3325437,3435133.5,5794463.25,5962513.5,5626413,4004478,3940695,4068261,4846909.5,505333.5,780486.75,330628.5,1230345,400225.5,244530,555921,283589.25,333065.25,216913.5,449217,532280.25,342812.25,721748.25,453663,223839,683487,727077.75
454890.807619888,4503640.00185879,"164","01","01","1640101",Silillos,Silillos,Silillos Núcleo,"821","2","4",-3.5338106903,40.6824143835,39130,39130,68243,55497,26813,26813,29031,25715,21213,21213,25014,22160,,,,,,,,,,,,,37799,37799,36063,33209,35470,35470,41159,38305,,,,,43687,43687,57753,54899,2075,2104,10095,7169,1961,1587,5932,3768,1553,1328,4892,2612,,,,,,,,,,,,,2285,1871,5939,3599,2498,2023,7029,4449,,,,,2476,2090,8629,6049,37303,50500,39130,61870,27093,26813,27373,34018.6666666667,22400,21213,23587,36909.25,36634.5,37184,50006.5,43687,56326,40587.3333333333,3917.20833333333,5360.75,2089.5,8632,3312,1774,4850,1987.58333333333,2596.25,1440.5,3752,3711.625,2169.25,5254,4811,2283,7339,5846.83333333333,30625763,41460500,32125730,50795270,22243353,22013473,22473233,27929325.3333333,18390400,17415873,19364927,30302494.25,30076924.5,30528064,41055336.5,35867027,46243646,33322200.6666667,3216028.04166667,4401175.75,1715479.5,7086872,2719152,1456454,3981850,1631805.91666667,2131521.25,1182650.5,3080392,3047244.125,1780954.25,4313534,3949831,1874343,6025319,4800250.16666667
456620.146701058,4505151.11770022,"164","02","01","1640201",Valdetorres de Jarama,Valdetorres de Jarama,Valdetorres de Jarama Núcleo,"3871","2","4",-3.513451404,40.696119866,39477,39477,31830,46054,26033,26033,24355,24355,21561,21561,21546,21546,,,,,,,,,,,,,38147,38147,32595,32595,35818,35818,37691,37691,,,,,44035,44035,54663,54663,2065,2083,5920,7420,1779,1399,3056,3056,1546,1313,2462,2462,,,,,,,,,,,,,2285,1854,3629,3629,2489,1977,4659,4659,,,,,2460,2070,5578,5578,34571.9166666667,39209.5,39477,38942,25194,26033,24355,34178.5,21553.5,21561,21546,36062.75,36982.5,35143,49349,44035,54663,34965.3333333333,3142.83333333333,4372,2074,6670,2322.5,1589,3056,1943.33333333333,1945.75,1429.5,2462,3147.625,2151.25,4144,3921.5,2265,5578,4342.33333333333,133827889.416667,151779974.5,152815467,150744482,97525974,100773743,94278205,132304973.5,83433598.5,83462631,83404566,139598905.25,143159257.5,136038553,191029979,170459485,211600473,135350805.333333,12165907.8333333,16924012,8028454,25819570,8990397.5,6151019,11829776,7522643.33333333,7531998.25,5533594.5,9530402,12184456.375,8327488.75,16041424,15180126.5,8767815,21592438,16809172.3333333
459748.094203928,4503339.26605764,"164","03","01","1640301","Cueva, La",La Cueva,La Cueva Núcleo,"79","2","4",-3.4763135171,40.6799566715,40402,40402,29394,66869,26916,26916,24594,24381,22445,22445,21502,21767,,,,,,,,,,,,,45221,39031,34171,34223,42061,36702,36136,39410,,,,,26042,26042,32351,32403,2066,2093,4320,10541,1729,1388,2889,6609,1517,1308,2306,5766,,,,,,,,,,,,,2159,1854,2868,6511,2257,2005,3741,7267,,,,,1577,1308,3791,7283,32992.75,44266.75,40402,48131.5,25701.75,26916,24487.5,32885.4166666667,22039.75,22445,21634.5,38369.375,40753.75,35985,29209.5,26042,32377,33100.0833333333,3548.04166666667,4755,2079.5,7430.5,3153.75,1558.5,4749,1771.75,2724.25,1412.5,4036,3582.75,2068.75,5096.75,3489.75,1442.5,5537,5324.33333333333,2606427.25,3497073.25,3191758,3802388.5,2030438.25,2126364,1934512.5,2597947.91666667,1741140.25,1773155,1709125.5,3031180.625,3219546.25,2842815,2307550.5,2057318,2557783,2614906.58333333,280295.291666667,375645,164280.5,587009.5,249146.25,123121.5,375171,139968.25,215215.75,111587.5,318844,283037.25,163431.25,402643.25,275690.25,113957.5,437423,420622.333333333
457999.856838409,4502601.27767714,"164","04","01","1640401","Escarabajosa, La",La Escarabajosa,La Escarabajosa Núcleo,"68","2","4",-3.4969508688,40.6732213765,37783,37783,29803,44840,24298,24298,23148,23148,19826,19826,20339,20339,,,,,,,,,,,,,36412,36412,31389,31389,34083,34083,36484,36484,,,,,23423,23423,24042,24042,1975,1971,5900,8121,1661,1270,3762,3762,1432,1187,3168,3168,,,,,,,,,,,,,2155,1741,4335,4335,2388,1881,5365,5365,,,,,1490,1191,4508,4508,29045.7083333333,37552.25,37783,37321.5,23723,24298,23148,29304.1666666667,20082.5,19826,20339,34592,35247.5,33936.5,23732.5,23423,24042,28787.25,3193.29166666667,4491.75,1973,7010.5,2613.75,1465.5,3762,1695.16666666667,2238.75,1309.5,3168,3445.625,2041.25,4850,2924.25,1340.5,4508,4691.41666666667,1975108.16666667,2553553,2569244,2537862,1613164,1652264,1574064,1992683.33333333,1365610,1348168,1383052,2352256,2396830,2307682,1613810,1592764,1634856,1957533,217143.833333333,305439,134164,476714,177735,99654,255816,115271.333333333,152235,89046,215424,234302.5,138805,329800,198849,91154,306544,319016.333333333
459457.169520049,4485121.28599854,"002","01","01","0020101",Ajalvir,Ajalvir,Ajalvir Núcleo,"4943","2","4",-3.478584217,40.515824775,9852,9852,9850,9850,24254,24254,42718,30947,23604,19596,31247,30611,,,,,,,,,,,,,37633,28486,34152,35668,34472,30206,31460,32689,,,,,10718,10718,11333,11127,920,953,2398,2398,1412,1244,6767,5684,1298,1260,4724,6044,,,,,,,,,,,,,1819,1594,5696,4843,1934,1727,5863,5286,,,,,890,885,3658,3460,23970.7083333333,9851,9852,9850,30543.25,24254,36832.5,21970.4166666667,26264.5,21600,30929,33095.75,32699.25,33492.25,10974,10718,11230,25971,3031.54166666667,1667.25,936.5,2398,3776.75,1328,6225.5,1328,3331.5,1279,5384,3595.25,1768.5,5422,2223.25,887.5,3559,4735.08333333333,118487211.291667,48693493,48698436,48688550,150975284.75,119887522,182063047.5,108599769.583333,129825423.5,106768800,152882047,163592292.25,161632392.75,165552191.75,54244482,52979074,55509890,128374653,14984910.4583333,8241216.75,4629119.5,11853314,18668475.25,6564304,30772646.5,6564304,16467604.5,6322097,26613112,17771320.75,8741695.5,26800946,10989524.75,4386912.5,17592137,23405516.9166667
435254.480033218,4518037.88975216,"085","02","01","0850201",Miraflores de la Sierra,Miraflores de la Sierra,Miraflores de la Sierra Núcleo,"6625","19","4",-3.767655135,40.8107999587,21425,21425,19918,19918,23865,23865,20991,20991,47534,47534,63504,62926,,,,,,,,,,,,,47050,47050,45523,45523,46532,46532,44368,44368,,,,,34344,34344,35945,110019,1348,1369,1955,1955,1362,1375,2165,2165,2331,2321,5972,6332,,,,,,,,,,,,,2459,2290,3998,3998,2598,2539,4025,4025,,,,,1714,1889,4108,11902,40645.5833333333,20671.5,21425,19918,22428,23865,20991,36791.6666666667,55374.5,47534,63215,45868.25,46791,44945.5,53663,34344,72982,44499.5,3174.79166666667,1656.75,1358.5,1955,1766.75,1368.5,2165,1966.25,4239,2326,6152,3241.5,2471.5,4011.5,4903.25,1801.5,8005,4383.33333333333,269276989.583333,136948687.5,141940625,131956750,148585500,158105625,139065375,243744791.666667,366856062.5,314912750,418799375,303877156.25,309990375,297763937.5,355517375,227529000,483505750,294809187.5,21032994.7916667,10975968.75,9000062.5,12951875,11704718.75,9066312.5,14343125,13026406.25,28083375,15409750,40757000,21474937.5,16373687.5,26576187.5,32484031.25,11934937.5,53033125,29039583.3333333
437085.979975539,4512529.04984195,"085","03","01","0850301","Pinarejos, Los",Los Pinarejos,Los Pinarejos Núcleo,"333","19","4",-3.745386682,40.7613198047,15311,15311,14488,14488,17752,17752,15561,15561,44604,44604,54828,57497,,,,,,,,,,,,,40937,40937,40094,40094,40418,40418,38939,38939,,,,,24238,24238,25153,49276,937,932,1556,1556,957,947,1762,1762,2113,2084,5645,5814,,,,,,,,,,,,,2051,1866,3480,3480,2200,2144,3513,3513,,,,,1338,1277,4175,4924,32143.25,14899.5,15311,14488,16656.5,17752,15561,30543.3333333333,50383.25,44604,56162.5,40097,40677.5,39516.5,30726.25,24238,37214.5,33743.1666666667,2501.08333333333,1245.25,934.5,1556,1357,952,1762,1570.5,3914,2098.5,5729.5,2780.875,2065.25,3496.5,2928.5,1307.5,4549.5,3431.66666666667,10703702.25,4961533.5,5098563,4824504,5546614.5,5911416,5181813,10170930,16777622.25,14853132,18702112.5,13352301,13545607.5,13158994.5,10231841.25,8071254,12392428.5,11236474.5,832860.75,414668.25,311188.5,518148,451881,317016,586746,522976.5,1303362,698800.5,1907923.5,926031.375,687728.25,1164334.5,975190.5,435397.5,1514983.5,1142745
440279.784462702,4515210.71309982,"085","01","01","0850101","Endrinales, Los",Los Endrinales,Los Endrinales Núcleo,"158","19","4",-3.7410183898,40.7866050501,23129,23129,22824,22824,25570,25570,23898,23898,43271,43271,63165,44563,,,,,,,,,,,,,48755,48755,48430,48430,48236,48236,47275,47275,,,,,30081,30081,36572,29353,1329,1359,4760,4760,1343,1364,4972,4972,2066,2028,9108,8563,,,,,,,,,,,,,2447,2290,6866,6866,2582,2551,6890,6890,,,,,1440,1588,7814,7451,37357.9583333333,22976.5,23129,22824,24734,25570,23898,36507,48567.5,43271,53864,48174,48495.5,47852.5,31521.75,30081,32962.5,38208.9166666667,4262.45833333333,3052,1344,4760,3162.75,1353.5,4972,1865.58333333333,5441.25,2047,8835.5,4672.75,2467.5,6878,4573.25,1514,7632.5,6659.33333333333,5902557.41666667,3630287,3654382,3606192,3907972,4040060,3775884,5768106,7673665,6836818,8510512,7611492,7662289,7560695,4980436.5,4752798,5208075,6037008.83333333,673468.416666667,482216,212352,752080,499714.5,213853,785576,294762.166666667,859717.5,323426,1396009,738294.5,389865,1086724,722573.5,239212,1205935,1052174.66666667
431243.196365333,4510547.32375,"144","03","01","1440301","Fresneda, La",La Fresneda,La Fresneda Núcleo,"33","19","4",-3.8143860313,40.7430011532,11004,11004,11095,11095,13444,13444,12168,12168,43493,43493,42460,54103,,,,,,,,,,,,,36629,36629,36700,36700,36111,36111,35545,35545,,,,,21793,21793,43068,43068,785,792,1505,1505,803,802,1716,1716,2266,2047,5232,5927,,,,,,,,,,,,,1910,1721,3593,3593,2055,1990,3618,3618,,,,,1405,1452,6301,7944,29110.9583333333,11049.5,11004,11095,12806,13444,12168,27079,45887.25,43493,48281.5,36246.25,36370,36122.5,32430.5,21793,43068,31142.9166666667,2679,1146.75,788.5,1505,1259.25,802.5,1716,1502.33333333333,3868,2156.5,5579.5,2762.25,1919,3605.5,4275.5,1428.5,7122.5,3855.66666666667,960661.625,364633.5,363132,366135,422598,443652,401544,893607,1514279.25,1435269,1593289.5,1196126.25,1200210,1192042.5,1070206.5,719169,1421244,1027716.25,88407,37842.75,26020.5,49665,41555.25,26482.5,56628,49577,127644,71164.5,184123.5,91154.25,63327,118981.5,141091.5,47140.5,235042.5,127237
433780.840891666,4511968.03255485,"144","01","01","1440101",Soto del Real,Soto del Real,Soto del Real Núcleo,"8324","19","4",-3.7844821689,40.7560067488,11104,11104,10946,10946,13545,13545,12020,12020,43594,43594,51287,54533,,,,,,,,,,,,,36730,36730,36552,36552,36212,36212,35397,35397,,,,,20031,20031,21617,21598,816,822,1315,1402,836,841,1521,1615,2282,2099,5404,5519,,,,,,,,,,,,,1945,1790,3239,3539,2079,2045,3272,3561,,,,,1207,1160,3934,3648,27554.0416666667,11025,11104,10946,12782.5,13545,12020,26869.3333333333,48252,43594,52910,36222.75,36471,35974.5,20819.25,20031,21607.5,28238.75,2328.79166666667,1088.75,819,1358.5,1203.25,838.5,1568,1493.5,3826,2190.5,5461.5,2683.75,1964.75,3402.75,2487.25,1183.5,3791,3164.08333333333,229359842.833333,91772100,92429696,91114504,106401530,112748580,100054480,223660330.666667,401649648,362876456,440422840,301518171,303584604,299451738,173299437,166738044,179860830,235059355,19384861.8333333,9062755,6817356,11308154,10015853,6979674,13052032,12431894,31847624,18233722,45461526,22339535,16354579,28324491,20703869,9851454,31556284,26337829.6666667
433920.26999758,4511273.65568436,"144","02","01","1440201","Rancajales, Los",Los Rancajales,Los Rancajales Núcleo,"939","19","4",-3.7473928228,40.7340249661,9495,9495,15355,15355,11012,11012,16428,16428,41061,41061,55695,58364,,,,,,,,,,,,,34197,34197,40961,40961,33678,33678,39806,39806,,,,,17498,17498,28777,43462,781,805,4807,4781,789,794,5019,4991,2252,2062,9155,9248,,,,,,,,,,,,,1907,1744,6913,6824,2064,2002,6937,6851,,,,,1165,1123,8215,8117,29386.6666666667,12425,9495,15355,13720,11012,16428,24490.1666666667,49045.25,41061,57029.5,37160.5,33937.5,40383.5,26808.75,17498,36119.5,34283.1666666667,4139.41666666667,2793.5,793,4794,2898.25,791.5,5005,1457.33333333333,5679.25,2157,9201.5,4405.25,1929.25,6881.25,4655,1144,8166,6821.5,27594080,11667075,8915805,14418345,12883080,10340268,15425892,22996266.5,46053489.75,38556279,53550700.5,34893709.5,31867312.5,37920106.5,25173416.25,16430622,33916210.5,32191893.5,3886912.25,2623096.5,744627,4501566,2721456.75,743218.5,4699695,1368436,5332815.75,2025423,8640208.5,4136529.75,1811565.75,6461493.75,4371045,1074216,7667874,6405388.5
449715.977828966,4531752.64835401,"901","01","01","9010101",Navas de Buitrago,Navas de Buitrago,Navas de Buitrago Núcleo,"74","1","4",-3.5973118643,40.9353551509,29245,29245,41423,32322,51756,51756,80757,57795,51455,51455,44677,55868,,,,,,,,,,,,,67847,67847,55537,66918,65518,65518,57501,68883,,,,,3487,3487,4894,3756,1445,1481,7784,5362,2443,2442,8997,8230,2309,2272,5709,6156,,,,,,,,,,,,,2947,2756,6576,7023,3117,2907,7426,7772,,,,,381,381,3031,1288,46206.125,33058.75,29245,36872.5,60516,51756,69276,44884.6666666667,50863.75,51455,50272.5,64446.125,66682.5,62209.75,3906,3487,4325,47527.5833333333,4176.45833333333,4018,1463,6573,5528,2442.5,8613.5,2073.41666666667,4111.5,2290.5,5932.5,5065.5,2931.75,7199.25,1270.25,381,2159.5,6279.5,3419253.25,2446347.5,2164130,2728565,4478184,3829944,5126424,3321465.33333333,3763917.5,3807670,3720165,4769013.25,4934505,4603521.5,289044,258038,320050,3517041.16666667,309057.916666667,297332,108262,486402,409072,180745,637399,153432.833333333,304251,169497,439005,374847,216949.5,532744.5,93998.5,28194,159803,464683
447126.918113456,4531199.27444221,"901","04","02","9010402",Lozoyuela,Lozoyuela,Lozoyuela Núcleo,"1075","1","4",-3.62801776,40.93020706,26507,26507,40229,30274,49018,49018,46205,81549,48717,48717,47922,66947,,,,,,,,,,,,,65109,65109,54883,52524,62780,62780,59978,54489,,,,,530,530,530,530,1188,1216,5787,4977,2171,2165,6315,7397,2034,1981,4324,5689,,,,,,,,,,,,,2669,2506,5218,3739,2906,2639,6248,4718,,,,,62,69,453,453,43390.9166666667,30879.25,26507,35251.5,56447.5,49018,63877,42110.1666666667,53075.75,48717,57434.5,59706.5,63944.5,55468.5,530,530,530,44671.6666666667,3205.16666666667,3292,1202,5382,4512,2168,6856,1800.5,3507,2007.5,5006.5,3830.375,2680,4980.75,259.25,65.5,453,4609.83333333333,46645235.4166667,33195193.75,28495025,37895362.5,60681062.5,52694350,68667775,45268429.1666667,57056431.25,52370775,61742087.5,64184487.5,68740337.5,59628637.5,569750,569750,569750,48022041.6666667,3445554.16666667,3538900,1292150,5785650,4850400,2330600,7370200,1935537.5,3770025,2158062.5,5381987.5,4117653.125,2881000,5354306.25,278693.75,70412.5,486975,4955570.83333333
449880.978711617,4528515.64024767,"901","05","01","9010501",Mazacorta,Mazacorta,Mazacorta Núcleo,"22","1","4",-3.5950903702,40.9062067187,16157,16157,37191,18040,46816,46816,85881,52718,46515,46515,45996,50791,,,,,,,,,,,,,62907,62907,56856,61841,60578,60578,58821,63806,,,,,5087,5087,5979,5979,1324,1344,6335,6406,2445,2442,9525,7174,2297,2248,5160,5100,,,,,,,,,,,,,2954,2740,6027,5967,3138,2928,6942,6716,,,,,606,600,1888,1888,42500.7916666667,21886.25,16157,27615.5,58057.75,46816,69299.5,39676.6666666667,47454.25,46515,48393.5,61036.75,61742.5,60331,5533,5087,5979,45324.9166666667,3924.75,3852.25,1334,6370.5,5396.5,2443.5,8349.5,2088.83333333333,3701.25,2272.5,5130,4676.5,2940,6413,1245.5,603,1888,5760.66666666667,935017.416666667,481497.5,355454,607541,1277270.5,1029952,1524589,872886.666666667,1043993.5,1023330,1064657,1342808.5,1358335,1327282,121726,111914,131538,997148.166666667,86344.5,84749.5,29348,140151,118723,53757,183689,45954.3333333333,81427.5,49995,112860,102883,64680,141086,27401,13266,41536,126734.666666667
450280.733124999,4529354.16612454,"901","02","01","9010201",Sieteiglesias,Sieteiglesias,Sieteiglesias Núcleo,"225","1","4",-3.5904112963,40.9137844707,15459,15459,36523,17372,49263,49263,84419,52050,48962,48962,44534,50123,,,,,,,,,,,,,65354,65354,55394,61173,63025,63025,57359,63138,,,,,4781,4781,4516,4516,1120,1153,5538,5609,2275,2261,8548,6377,2125,2075,4183,4303,,,,,,,,,,,,,2793,2568,5050,5170,2978,2722,5965,5919,,,,,407,416,911,911,42700.2083333333,21203.25,15459,26947.5,58748.75,49263,68234.5,41140.6666666667,48145.25,48962,47328.5,61727.75,64189.5,59266,4648.5,4781,4516,44259.75,3390.70833333333,3355,1136.5,5573.5,4865.25,2268,7462.5,1907.75,3171.5,2100,4243,4145.625,2765.25,5526,661.25,411.5,911,4873.66666666667,9607546.875,4770731.25,3478275,6063187.5,13218468.75,11084175,15352762.5,9256650,10832681.25,11016450,10648912.5,13888743.75,14442637.5,13334850,1045912.5,1075725,1016100,9958443.75,762909.375,754875,255712.5,1254037.5,1094681.25,510300,1679062.5,429243.75,713587.5,472500,954675,932765.625,622181.25,1243350,148781.25,92587.5,204975,1096575
447894.895635186,4504179.4996875,"129","01","01","1290101",San Agustín del Guadalix,San Agustín del Guadalix,San Agustín del Guadalix Núcleo,"13234","5","4",-3.616639066,40.6868618587,24400,24400,20715,20988,15004,15004,52787,56592,18595,18595,16517,16517,,,,,,,,,,,,,34988,34988,27567,27567,32659,32659,29532,29532,,,,,21572,21572,45707,49256,1618,1393,2791,3564,1026,1004,4811,6693,1176,1098,1748,2108,,,,,,,,,,,,,1892,1610,2615,3155,2119,1755,3292,4026,,,,,1432,1368,4885,6145,28654.7083333333,22625.75,24400,20851.5,34846.75,15004,54689.5,24536.3333333333,17556,18595,16517,31186.5,33823.5,28549.5,34526.75,21572,47481.5,32773.0833333333,2638.5,2341.5,1505.5,3177.5,3383.5,1015,5752,1457.58333333333,1532.5,1137,1928,2558,1844,3272,3457.5,1400,5515,3819.41666666667,379216410.083333,299429175.5,322909600,275948751,461161889.5,198562936,723760843,324713835.333333,232336104,246086230,218585978,412722141,447620199,377824083,456927009.5,285483848,628370171,433718984.833333,34917909,30987411,19923787,42051035,44777239,13432510,76121968,19289657.8333333,20281105,15047058,25515152,33852572,24403496,43301648,45756555,18527600,72985510,50546160.1666667
447792.167520786,4499924.75173094,"129","09","01","1290901",Valdelagua,Valdelagua,Valdelagua Núcleo,"509","5","4",-3.6175010975,40.6485275894,19735,19735,17737,21264,19336,19336,16806,20765,13930,13930,13266,13949,,,,,,,,,,,,,30322,30322,23900,25009,27993,27993,25864,26973,,,,,36210,36210,42457,43566,1534,1325,3965,3430,1491,1276,3289,3468,1105,1041,2455,2001,,,,,,,,,,,,,1825,1564,2842,3280,2057,1722,3752,3950,,,,,2037,1783,5352,5550,24442,19617.75,19735,19500.5,19060.75,19336,18785.5,24587.6666666667,13768.75,13930,13607.5,27297,29157.5,25436.5,39610.75,36210,43011.5,24296.3333333333,2587.25,2563.5,1429.5,3697.5,2381,1383.5,3378.5,1563.33333333333,1650.5,1073,2228,2624,1792,3456,3680.5,1910,5451,3611.16666666667,12440978,9985434.75,10045115,9925754.5,9701921.75,9842024,9561819.5,12515122.3333333,7008293.75,7090370,6926217.5,13894173,14841167.5,12947178.5,20161871.75,18430890,21892853.5,12366833.6666667,1316910.25,1304821.5,727615.5,1882027.5,1211929,704201.5,1719656.5,795736.666666667,840104.5,546157,1134052,1335616,912128,1759104,1873374.5,972190,2774559,1838083.83333333
451182.84514798,4553653.32191247,"143","01","01","1430101",Somosierra,Somosierra,Somosierra Núcleo,"98","1","4",-3.58162189,41.13271927,50376,50376,65129,107850,72887,72887,69505,69505,72586,72586,71223,71454,,,,,,,,,,,,,88978,88978,78184,78184,86649,86649,83279,80149,,,,,24623,24623,24394,44905,2027,2072,7839,7719,3045,3045,6648,5748,2859,2833,4657,4478,,,,,,,,,,,,,3537,3363,5551,5191,3646,3449,6581,5928,,,,,992,1002,2552,5833,68164.9583333333,68432.75,50376,86489.5,71196,72887,69505,66016.5,71962.25,72586,71338.5,83881.25,87813.5,79949,29636.25,24623,34649.5,70313.4166666667,4191.45833333333,4914.25,2049.5,7779,4621.5,3045,6198,2655.83333333333,3706.75,2846,4567.5,4655.75,3498.75,5812.75,2594.75,997,4192.5,5727.08333333333,6680165.91666667,6706409.5,4936848,8475971,6977208,7142926,6811490,6469617,7052300.5,7113428,6991173,8220362.5,8605723,7835002,2904352.5,2413054,3395651,6890714.83333333,410762.916666667,481596.5,200851,762342,452907,298410,607404,260271.666666667,363261.5,278908,447615,456263.5,342877.5,569649.5,254285.5,97706,410865,561254.166666667
450856.921630067,4513178.99439523,"168","02","01","1680201","Vellón, El",El Vellón,El Vellón Núcleo,"1776","1","4",-3.5822928887,40.7681130079,10616,10616,11326,19108,28141,28141,32636,41407,27839,27839,32793,32793,,,,,,,,,,,,,44232,44232,43842,43842,41903,41903,48938,45807,,,,,23025,23025,23933,24254,834,927,1391,6078,1592,1597,5312,7991,1465,1415,4188,4188,,,,,,,,,,,,,2159,1903,5235,5235,2390,2066,6145,6090,,,,,1076,1221,4414,4594,31341.2916666667,12916.5,10616,15217,32581.25,28141,37021.5,29292.6666666667,30316,27839,32793,44337.375,43067.5,45607.25,23559.25,23025,24093.5,33389.9166666667,3312.75,2307.5,880.5,3734.5,4123,1594.5,6651.5,1553.75,2814,1440,4188,3902.875,2129.5,5676.25,2826.25,1148.5,4504,5071.75,55662134,22939704,18854016,27025392,57864300,49978416,65750184,52023776,53841216,49442064,58240368,78743178,76487880,80998476,41841228,40892400,42790056,59300492,5883444,4098120,1563768,6632472,7322448,2831832,11813064,2759460,4997664,2557440,7437888,6931506,3781992,10081020,5019420,2039736,7999104,9007428
454532.619122458,4513209.22535211,"168","01","01","1680101","Espartal, El",El Espartal,El Espartal Núcleo,"158","1","4",-3.5387439142,40.7685968637,8215,8215,6436,6436,32150,32150,74929,74738,31848,31848,34855,34855,,,,,,,,,,,,,48241,48241,45904,45713,45912,45912,47869,50808,,,,,27890,27890,28919,29240,527,545,858,858,1839,1956,9260,8596,1722,1756,4675,5875,,,,,,,,,,,,,2387,2256,5722,5722,2616,2406,6653,6872,,,,,1432,1693,6083,4643,36217.25,7325.5,8215,6436,53491.75,32150,74833.5,32376,33351.5,31848,34855,47325,47076.5,47573.5,28484.75,27890,29079.5,40058.5,3623,697,536,858,5412.75,1897.5,8928,1761.25,3507,1739,5275,4329.25,2416.25,6242.25,3462.75,1562.5,5363,5484.75,5722325.5,1157429,1297970,1016888,8451696.5,5079700,11823693,5115408,5269537,5031984,5507090,7477350,7438087,7516613,4500590.5,4406620,4594561,6329243,572434,110126,84688,135564,855214.5,299805,1410624,278277.5,554106,274762,833450,684021.5,381767.5,986275.5,547114.5,246875,847354,866590.5
441805.292380613,4495647.56259136,"903","01","02","9030102",Soto de Viñuelas,Soto de Viñuelas,Soto de Viñuelas Núcleo,"2473","19","4",-3.6879122413,40.6095975934,13919,13919,14014,13946,15101,15101,19175,18509,24866,24866,23284,38984,,,,,,,,,,,,,18002,18002,20922,20922,17484,17484,19767,19767,,,,,3931,3931,4189,4152,1122,1143,2803,2965,1239,1190,2614,3103,1506,1379,3749,4001,,,,,,,,,,,,,1167,1053,2560,1923,1282,1312,2552,1956,,,,,484,483,1538,1900,16843.2083333333,13949.5,13919,13980,16971.5,15101,18842,15550.5,28000,24866,31134,19043.75,17743,20344.5,4050.75,3931,4170.5,18135.9166666667,1876,2008.25,1132.5,2884,2036.5,1214.5,2858.5,1113.33333333333,2658.75,1442.5,3875,1725.625,1203.5,2247.75,1101.25,483.5,1719,2638.66666666667,41653254.2083333,34497113.5,34421687,34572540,41970519.5,37344773,46596266,38456386.5,69244000,61493618,76994382,47095193.75,43878439,50311948.5,10017504.75,9721363,10313646.5,44850121.9166667,4639348,4966402.25,2800672.5,7132132,5036264.5,3003458.5,7069070.5,2753273.33333333,6575088.75,3567302.5,9582875,4267470.625,2976255.5,5558685.75,2723391.25,1195695.5,4251087,6525422.66666667
440137.521776902,4495460.84192621,"903","01","03","9030103",Tres Cantos,Tres Cantos,Tres Cantos Núcleo,"50282","19","4",-3.707607594,40.6077964867,11102,11102,11385,11385,9569,9569,9793,9793,25241,25241,19920,20052,,,,,,,,,,,,,18377,18377,17494,17494,17859,17859,16358,16358,,,,,1301,1301,1896,1896,792,816,2496,2496,577,599,2138,2138,1434,1297,3315,4069,,,,,,,,,,,,,1106,954,2232,2232,1221,1219,2261,2261,,,,,244,249,995,995,13363.4166666667,11243.5,11102,11385,9681,9569,9793,13908.1666666667,22613.5,25241,19986,17522,18118,16926,1598.5,1301,1896,12818.6666666667,1589,1650,804,2496,1363,588,2138,875.666666666667,2528.75,1365.5,3692,1685.75,1125,2246.5,620.75,246.5,995,2302.33333333333,671939316.833333,565345667,558230764,572460570,486780042,481148458,492411626,699330436.333333,1137052007,1269167962,1004936052,881041204,911009276,851073132,80375777,65416882,95334672,644548197.333333,79898098,82965300,40426728,125503872,68534366,29565816,107502916,44030271.3333333,127150607.5,68660071,185641144,84762881.5,56567250,112958513,31212551.5,12394513,50030590,115765924.666667
455461.221236538,4545455.30036864,"088","01","01","0880101",Montejo de la Sierra,Montejo de la Sierra,Montejo de la Sierra Núcleo,"374","1","4",-3.5300563021,41.059120007,35090,35090,48098,41234,72603,72603,101769,110266,72302,72302,87167,73986,,,,,,,,,,,,,88694,88694,72743,85035,86365,86365,74708,87000,,,,,18977,18977,23196,20686,2507,2573,13078,9118,3488,3524,13897,11337,3307,3288,12189,7812,,,,,,,,,,,,,3968,3847,10239,8679,4107,3945,11218,9428,,,,,1447,1492,4780,3760,65581.25,39878,35090,44666,89310.25,72603,106017.5,62338.5,76439.25,72302,80576.5,83700.5,87529.5,79871.5,20459,18977,21941,68824,6376.16666666667,6819,2540,11098,8061.5,3506,12617,3124.41666666667,6649,3297.5,10000.5,6928.875,3966.75,9891,2869.75,1469.5,4270,9627.91666666667,24527387.5,14914372,13123660,16705084,33402033.5,27153522,39650545,23314599,28588279.5,27040948,30135611,31303987,32736033,29871941,7651666,7097398,8205934,25740176,2384686.33333333,2550306,949960,4150652,3015001,1311244,4718758,1168531.83333333,2486726,1233265,3740187,2591399.25,1483564.5,3699234,1073286.5,549593,1596980,3600840.83333333
462612.790011199,4540222.93669155,"118","01","01","1180101",Puebla de la Sierra,Puebla de la Sierra,Puebla de la Sierra Núcleo,"91","1","4",-3.4446308634,41.012347377,44883,44883,50058,84753,79404,79404,119090,123532,79103,79103,82810,83457,,,,,,,,,,,,,95495,95495,93859,94506,93166,93166,95824,99602,,,,,35099,35099,29510,29509,3433,3500,10561,15110,4699,4721,12780,15180,4485,4536,9255,10935,,,,,,,,,,,,,5040,5077,10122,11982,5189,5181,10871,12952,,,,,2696,2739,5203,5923,76700.4166666667,56144.25,44883,67405.5,100357.5,79404,121311,71191.6666666667,81118.25,79103,83133.5,95139.125,94330.5,95947.75,32304.25,35099,29509.5,82209.1666666667,7590.41666666667,8151,3466.5,12835.5,9345,4710,13980,4274.66666666667,7302.75,4510.5,10095,8301.75,5121.75,11481.75,4140.25,2717.5,5563,10906.1666666667,6979737.91666667,5109126.75,4084353,6133900.5,9132532.5,7225764,11039301,6478441.66666667,7381760.75,7198373,7565148.5,8657660.375,8584075.5,8731245.25,2939686.75,3194009,2685364.5,7481034.16666667,690727.916666667,741741,315451.5,1168030.5,850395,428610,1272180,388994.666666667,664550.25,410455.5,918645,755459.25,466079.25,1044839.25,376762.75,247292.5,506233,992461.166666667
440992.709947982,4514799.30991787,"067","01","01","0670101",Guadalix de la Sierra,Guadalix de la Sierra,Guadalix de la Sierra Núcleo,"6896","19","4",-3.69931868,40.7820597877,17954,20550,19885,19885,19470,19470,20958,20958,38860,38860,39606,62893,,,,,,,,,,,,,42655,42655,45490,45490,42137,42137,44335,44335,,,,,25670,25670,24494,26193,1187,1265,1898,1898,1193,1263,2104,2104,1924,1875,3990,6156,,,,,,,,,,,,,2306,2211,3822,3822,2441,2451,3855,3855,,,,,1298,1429,6805,4105,32942.0833333333,19568.5,19252,19885,20214,19470,20958,31340.6666666667,45054.75,38860,51249.5,43654.25,42396,44912.5,25506.75,25670,25343.5,34543.5,2719.04166666667,1562,1226,1898,1666,1228,2104,1736.91666666667,3486.25,1899.5,5073,3095.375,2352.25,3838.5,3409.25,1363.5,5455,3701.16666666667,227168606.666667,134944376,132761792,137126960,139395744,134265120,144526368,216125237.333333,310697556,267978560,353416552,301039708,292362816,309716600,175894548,177020320,174768776,238211976,18750511.3333333,10771552,8454496,13088608,11488736,8468288,14509184,11977777.3333333,24041180,13098952,34983408,21345706,16221116,26470296,23510188,9402696,37617680,25523245.3333333
425996.602084126,4528299.53304619,"120","02","04","1200204",Rascafría,Rascafría,Rascafría Núcleo,"1495","1","4",-3.878630108,40.9024482636,52664,52664,128752,59805,48142,48142,130168,120922,74874,74874,93887,106987,,,,,,,,,,,,,91266,91266,104937,92563,88937,88937,106902,94527,,,,,33514,33514,169885,159137,2536,2630,10978,12309,3219,3275,11568,11651,3337,3386,7943,10820,,,,,,,,,,,,,3984,3883,8810,8870,4176,4061,9487,9540,,,,,2305,2571,16106,17366,89469.4166666667,73471.25,52664,94278.5,86843.5,48142,125545,64899.5,87655.5,74874,100437,94916.875,90101.5,99732.25,99012.5,33514,164511,114039.333333333,7283.79166666667,7113.25,2583,11643.5,7428.25,3247,11609.5,3280.25,6371.5,3361.5,9381.5,6601.375,4026,9176.75,9587,2438,16736,11287.3333333333,133756777.916667,109839518.75,78732680,140946357.5,129831032.5,71972290,187689775,97024752.5,131044972.5,111936630,150153315,141900728.125,134701742.5,149099713.75,148023687.5,50103430,245943945,170488803.333333,10889268.5416667,10634308.75,3861585,17407032.5,11105233.75,4854265,17356202.5,4903973.75,9525392.5,5025442.5,14025342.5,9869055.625,6018870,13719241.25,14332565,3644810,25020320,16874563.3333333
428033.535546809,4529624.37898398,"120","01","01","1200101",Oteruelo del Valle,Oteruelo del Valle,Oteruelo del Valle Núcleo,"111","1","4",-3.8546021716,40.9145633564,50281,50281,125577,56630,50277,50277,126993,117747,72491,72491,90712,103812,,,,,,,,,,,,,88883,88883,101762,89388,86554,86554,103727,91352,,,,,24528,24528,40348,40348,2371,2445,10547,11878,3333,3417,11137,11220,3180,3206,7512,10389,,,,,,,,,,,,,3850,3701,8379,8439,3997,3847,9056,9109,,,,,1324,1381,3040,3040,76434.3333333333,70692.25,50281,91103.5,86323.5,50277,122370,62169,84876.5,72491,97262,92137.875,87718.5,96557.25,32438,24528,40348,90699.6666666667,5824.91666666667,6810.25,2408,11212.5,7276.75,3375,11178.5,3004.33333333333,6071.75,3193,8950.5,6297.25,3848.75,8745.75,2196.25,1352.5,3040,8645.5,8484211,7846839.75,5581191,10112488.5,9581908.5,5580747,13583070,6900759,9421291.5,8046501,10796082,10227304.125,9736753.5,10717854.75,3600618,2722608,4478628,10067663,646565.75,755937.75,267288,1244587.5,807719.25,374625,1240813.5,333481,673964.25,354423,993505.5,698994.75,427211.25,970778.25,243783.75,150127.5,337440,959650.5
427273.059021548,4528922.6445482,"120","04","01","1200401","Grifos, Los",Los Grifos,Los Grifos Núcleo,"62","1","4",-3.863549613,40.9081753136,53903,53903,126692,57745,47200,47200,128108,118862,76113,76113,91827,104927,,,,,,,,,,,,,92505,92505,102877,90503,90176,90176,104842,92467,,,,,28150,28150,41463,41463,2603,2690,11448,12779,3155,3186,12038,12121,3440,3451,8413,11290,,,,,,,,,,,,,4061,3958,9280,9340,4226,4110,9957,10010,,,,,1565,1640,3941,3941,78244.5833333333,73060.75,53903,92218.5,85342.5,47200,123485,64674.5,87245,76113,98377,94506.375,91340.5,97672.25,34806.5,28150,41463,91814.6666666667,6360.125,7380,2646.5,12113.5,7625,3170.5,12079.5,3173.75,6648.5,3445.5,9851.5,6867.75,4088.75,9646.75,2771.75,1602.5,3941,9546.5,4851164.16666667,4529766.5,3341986,5717547,5291235,2926400,7656070,4009819,5409190,4719006,6099374,5859395.25,5663111,6055679.5,2158003,1745300,2570706,5692509.33333333,394327.75,457560,164083,751037,472750,196571,748929,196772.5,412207,213621,610793,425800.5,253502.5,598098.5,171848.5,99355,244342,591883
459245.861897419,4522778.4016055,"107","03","01","1070301",Patones de Abajo,Patones de Abajo,Patones de Abajo Núcleo,"558","1","4",-3.4835239888,40.8550452323,6129,6129,10084,8001,45575,45575,86226,84143,45274,45274,46818,44735,,,,,,,,,,,,,61667,61667,57868,55785,59338,59338,59833,60880,,,,,31464,31464,44860,28268,459,462,1845,1605,2401,2425,8987,9047,2278,2252,4979,5039,,,,,,,,,,,,,2896,2749,6146,6206,3087,2893,7073,7236,,,,,1580,1733,8787,9301,45266.4583333333,7585.75,6129,9042.5,65379.75,45575,85184.5,41574.5,45525.25,45274,45776.5,59547,60502.5,58591.5,34014,31464,36564,48958.4166666667,4227.75,1092.75,460.5,1725,5715,2413,9017,2101.25,3637,2265,5009,4785.75,2906.25,6665.25,5350.25,1656.5,9044,6354.25,25258683.75,4232848.5,3419982,5045715,36481900.5,25430850,47532951,23198571,25403089.5,25262892,25543287,33227226,33760395,32694057,18979812,17556912,20402712,27318796.5,2359084.5,609754.5,256959,962550,3188970,1346454,5031486,1172497.5,2029446,1263870,2795022,2670448.5,1621687.5,3719209.5,2985439.5,924327,5046552,3545671.5
458463.931654638,4524007.69253069,"107","04","01","1070401",Patones de Arriba,Patones de Arriba,Patones de Arriba Núcleo,"46","1","4",-3.49288289,40.8660795788,8265,8265,12526,12526,47711,47711,88668,66912,47410,47410,49260,49259,,,,,,,,,,,,,63803,63803,60310,60308,61474,61474,62275,62272,,,,,33600,33600,47302,31403,727,738,3676,3676,2653,2715,10818,12244,2517,2508,6810,8730,,,,,,,,,,,,,3220,3015,7977,9777,3334,3179,8904,10747,,,,,1836,2016,10618,9478,46981.125,10395.5,8265,12526,62750.5,47711,77790,43710.5,48334.75,47410,49259.5,61964.875,62638.5,61291.25,36476.25,33600,39352.5,50251.75,5496.375,2204.25,732.5,3676,7107.5,2684,11531,2371.5,5141.25,2512.5,7770,6269.125,3187,9351.25,5987,1926,10048,8621.25,2161131.75,478193,380190,576196,2886523,2194706,3578340,2010683,2223398.5,2180860,2265937,2850384.25,2881371,2819397.5,1677907.5,1545600,1810215,2311580.5,252833.25,101395.5,33695,169096,326945,123464,530426,109089,236497.5,115575,357420,288379.75,146602,430157.5,275402,88596,462208,396577.5
461053.997044069,4488296.08652592,"053","01","01","0530101",Daganzo de Arriba,Daganzo de Arriba,Daganzo de Arriba Núcleo,"10673","2","4",-3.459930694,40.5445020767,12488,12488,12751,12751,21442,22298,28785,28785,20792,17826,28145,28145,,,,,,,,,,,,,34820,34412,33375,53978,31660,32083,27690,30527,,,,,10361,10361,11685,11811,1031,1037,2314,2314,1451,1288,5693,5693,1337,1210,4570,5290,,,,,,,,,,,,,1852,1756,4593,5754,1972,1891,5061,5492,,,,,716,748,1884,1745,23727.4583333333,12619.5,12488,12751,25327.5,21870,28785,21752.5833333333,23727,19309,28145,34818.125,33243.75,36392.5,11054.5,10361,11748,25702.3333333333,2778.83333333333,1674,1034,2314,3531.25,1369.5,5693,1357.41666666667,3101.75,1273.5,4930,3546.375,1867.75,5225,1273.25,732,1814.5,4200.25,253243162.791667,134687923.5,133284424,136091423,270320407.5,233418510,307222305,232165321.916667,253238271,206084957,300391585,371613848.125,354810543.75,388417152.5,117984678.5,110582953,125386404,274321003.666667,29658488.1666667,17866602,11035882,24697322,37689031.25,14616673.5,60761389,14487708.0833333,33104977.75,13592065.5,52617890,37850460.375,19934495.75,55766425,13589397.25,7812636,19366158.5,44829268.25
441342.359092524,4518868.22065957,"094","02","01","0940201","Arreturas, Las",Las Arreturas,Las Arreturas Núcleo,"10","1","4",-3.695557654,40.8187371126,19038,19038,106396,26935,29473,29473,30533,30511,41386,41386,69800,42308,,,,,,,,,,,,,52657,52657,55065,55044,52139,55450,53910,53889,,,,,21103,21103,22149,22149,1480,1542,12916,4980,1802,1845,4283,4386,2346,2325,8236,7214,,,,,,,,,,,,,2870,2775,6123,6280,3044,2994,6150,6304,,,,,1398,1448,5022,5022,41816.3333333333,42851.75,19038,66665.5,29997.5,29473,30522,36241.9166666667,48720,41386,56054,53851.375,53225.75,54477,21626,21103,22149,47390.75,4282.70833333333,5229.5,1511,8948,3079,1823.5,4334.5,2155.75,5030.25,2335.5,7725,4567.5,2920.75,6214.25,3222.5,1423,5022,6409.66666666667,418163.333333333,428517.5,190380,666655,299975,294730,305220,362419.166666667,487200,413860,560540,538513.75,532257.5,544770,216260,211030,221490,473907.5,42827.0833333333,52295,15110,89480,30790,18235,43345,21557.5,50302.5,23355,77250,45675,29207.5,62142.5,32225,14230,50220,64096.6666666667
441936.060651109,4518024.83643681,"094","06","01","0940601",Sococar,Sococar,Sococar Núcleo,"16","1","4",-3.6884395345,40.8111822367,18075,18075,22829,22829,25554,25554,26355,26355,40424,40424,43133,42561,,,,,,,,,,,,,48739,48739,50887,50887,48220,54487,49732,49732,,,,,21026,21026,28020,22402,1029,1072,3296,3296,1347,1366,2664,2764,1906,1867,4303,5950,,,,,,,,,,,,,2439,2298,4504,4658,2585,2540,4531,4682,,,,,1196,1258,7118,3758,35252.7083333333,20452,18075,22829,25954.5,25554,26355,34195.25,41635.5,40424,42847,50177.875,50046.25,50309.5,23118.5,21026,25211,36310.1666666667,3017.79166666667,2173.25,1050.5,3296,2035.25,1356.5,2714,1741.91666666667,3506.5,1886.5,5126.5,3529.625,2465.5,4593.75,3332.5,1227,5438,4293.66666666667,564043.333333333,327232,289200,365264,415272,408864,421680,547124,666168,646784,685552,802846,800740,804952,369896,336416,403376,580962.666666667,48284.6666666667,34772,16808,52736,32564,21704,43424,27870.6666666667,56104,30184,82024,56474,39448,73500,53320,19632,87008,68698.6666666667
443800.420888011,4519681.89586756,"094","07","01","0940701","Viñas I, Las",Las Viñas I,Las Viñas I Núcleo,"42","1","4",-3.666485441,40.8262386548,16021,16021,25917,25917,28646,28646,29568,29537,38369,38369,46221,39740,,,,,,,,,,,,,54762,54762,54101,50790,52432,52432,52946,52915,,,,,18086,18086,31109,19581,1067,1104,3670,3670,1585,1638,2947,3678,1955,1906,4677,5724,,,,,,,,,,,,,2618,2406,4787,6591,2796,2564,4814,5596,,,,,986,1025,7492,3532,36457.25,20969,16021,25917,29099.25,28646,29552.5,34719.3333333333,40674.75,38369,42980.5,53142.5,53597,52688,21715.5,18086,25345,38195.1666666667,3284.5,2377.75,1085.5,3670,2462,1611.5,3312.5,1804.16666666667,3565.5,1930.5,5200.5,4021.5,2596,5447,3258.75,1005.5,5512,4764.83333333333,1531204.5,880698,672882,1088514,1222168.5,1203132,1241205,1458212,1708339.5,1611498,1805181,2231985,2251074,2212896,912051,759612,1064490,1604197,137949,99865.5,45591,154140,103404,67683,139125,75775,149751,81081,218421,168903,109032,228774,136867.5,42231,231504,200123
443989.893974189,4520049.01528152,"094","07","02","0940702","Viñas II, Las",Las Viñas II,Las Viñas II Núcleo,"10","1","4",-3.6642715747,40.8295585889,15629,15629,26620,27634,29914,29914,31371,29911,38060,38060,70638,38907,,,,,,,,,,,,,54452,54452,55903,49957,52123,52123,54748,53289,,,,,17777,17777,20207,18748,1030,1065,7633,4059,1654,1705,3417,3966,1915,1881,7370,5933,,,,,,,,,,,,,2574,2382,5257,6800,2771,2539,5284,5884,,,,,956,992,7266,3741,37243.4583333333,21378,15629,27127,30277.5,29914,30641,34659.1666666667,46416.25,38060,54772.5,53380.875,53287.5,53474.25,18627.25,17777,19477.5,39827.75,3669.75,3446.75,1047.5,5846,2685.5,1679.5,3691.5,1788.66666666667,4274.75,1898,6651.5,4186.375,2566.5,5806.25,3238.75,974,5503.5,5550.83333333333,372434.583333333,213780,156290,271270,302775,299140,306410,346591.666666667,464162.5,380600,547725,533808.75,532875,534742.5,186272.5,177770,194775,398277.5,36697.5,34467.5,10475,58460,26855,16795,36915,17886.6666666667,42747.5,18980,66515,41863.75,25665,58062.5,32387.5,9740,55035,55508.3333333333
444362.630212294,4518950.12624505,"094","01","01","0940101",Navalafuente,Navalafuente,Navalafuente Núcleo,"1576","1","4",-3.659753153,40.8196852566,15603,15603,26502,27557,30231,30231,31212,29771,37951,37951,70479,38748,,,,,,,,,,,,,54344,54344,55744,49798,52014,52014,54589,53148,,,,,17668,17668,20121,18589,1051,1088,7552,4021,1693,1750,3319,4456,1939,1895,7272,5835,,,,,,,,,,,,,2603,2400,5159,6702,2785,2561,5186,6374,,,,,969,1008,7223,3643,37161.6666666667,21316.25,15603,27029.5,30361.25,30231,30491.5,34635.1666666667,46282.25,37951,54613.5,53249.375,53179,53319.75,18511.5,17668,19355,39688.1666666667,3686.83333333333,3428,1069.5,5786.5,2804.5,1721.5,3887.5,1811.83333333333,4235.25,1917,6553.5,4221.25,2587.25,5855.25,3210.75,988.5,5433,5561.83333333333,58566786.6666667,33594410,24590328,42598492,47849330,47644056,48054604,54585022.6666667,72940826,59810776,86070876,83921015,83810104,84031926,29174124,27844768,30503480,62548550.6666667,5810449.33333333,5402528,1685532,9119524,4419892,2713084,6126700,2855449.33333333,6674754,3021192,10328316,6652690,4077506,9227874,5060142,1557876,8562408,8765449.33333333
447461.420101666,4542437.13290297,"138","01","01","1380101","Serna del Monte, La",La Serna del Monte,La Serna del Monte Núcleo,"77","1","4",-3.6249997013,41.0314562567,37978,37978,53248,42970,60489,60489,57625,64054,60188,60188,59343,65815,,,,,,,,,,,,,76580,76580,66304,76864,74251,74251,71399,78829,,,,,12225,12225,12513,13249,1614,1653,7548,6901,2595,2597,6357,9769,2436,2406,4366,7695,,,,,,,,,,,,,3126,2925,5260,8562,3275,3051,6290,9311,,,,,558,554,2261,2424,54401.4583333333,43043.5,37978,48109,60664.25,60489,60839.5,53618.5,61383.5,60188,62579,74382.25,75415.5,73349,12553,12225,12881,55184.4166666667,4313.91666666667,4429,1633.5,7224.5,5329.5,2596,8063,2232.5,4225.75,2421,6030.5,5225,3094.25,7355.75,1449.25,556,2342.5,6395.33333333333,4188912.29166667,3314349.5,2924306,3704393,4671147.25,4657653,4684641.5,4128624.5,4726529.5,4634476,4818583,5727433.25,5806993.5,5647873,966581,941325,991837,4249200.08333333,332171.583333333,341033,125779.5,556286.5,410371.5,199892,620851,171902.5,325382.75,186417,464348.5,402325,238257.25,566392.75,111592.25,42812,180372.5,492440.666666667
430998.192888013,4530932.91766965,"112","01","01","1120101",Pinilla del Valle,Pinilla del Valle,Pinilla del Valle Núcleo,"199","1","4",-3.8195459407,40.9266054496,48318,48318,120117,51170,70829,70829,121533,112287,70528,70528,85252,98352,,,,,,,,,,,,,86920,86920,96302,83928,84591,84591,98267,85892,,,,,22565,22565,34888,34888,2282,2377,10137,11468,3259,3317,10727,10810,3111,3107,7102,9979,,,,,,,,,,,,,3759,3649,7969,8029,3964,3797,8646,8699,,,,,1250,1304,2630,2630,74599.0833333333,66980.75,48318,85643.5,93869.5,70829,116910,63958.5,81165,70528,91802,88426.375,85755.5,91097.25,28726.5,22565,34888,85239.6666666667,5583.41666666667,6566,2329.5,10802.5,7028.25,3288,10768.5,2931.33333333333,5824.75,3109,8540.5,6064,3792.25,8335.75,1953.5,1277,2630,8235.5,14845217.5833333,13329169.25,9615282,17043056.5,18680030.5,14094971,23265090,12727741.5,16151835,14035072,18268598,17596848.625,17065344.5,18128352.75,5716573.5,4490435,6942712,16962693.6666667,1111099.91666667,1306634,463570.5,2149697.5,1398621.75,654312,2142931.5,583335.333333333,1159125.25,618691,1699559.5,1206736,754657.75,1658814.25,388746.5,254123,523370,1638864.5
454636.492631348,4543792.4806452,"117","01","01","1170101",Prádena del Rincón,Prádena del Rincón,Prádena del Rincón Núcleo,"137","1","4",-3.539748561,41.0440961684,32950,32950,45801,38937,70463,70463,99472,107969,70162,70162,84870,71689,,,,,,,,,,,,,86554,86554,70446,82738,84225,84225,72411,84703,,,,,16837,16837,20899,18389,2329,2370,12860,8960,3309,3355,13679,11179,3171,3120,11971,7654,,,,,,,,,,,,,3828,3659,10021,8521,3966,3798,11000,9270,,,,,1283,1312,4562,3602,63362.75,37659.5,32950,42369,87091.75,70463,103720.5,60198.5,74220.75,70162,78279.5,81482,85389.5,77574.5,18240.5,16837,19644,66527,6199.125,6629.75,2349.5,10910,7880.5,3332,12429,2958.33333333333,6479,3145.5,9812.5,6757.875,3812.75,9703,2689.75,1297.5,4082,9439.91666666667,8680696.75,5159351.5,4514150,5804553,11931569.75,9653431,14209708.5,8247194.5,10168242.75,9612194,10724291.5,11163034,11698361.5,10627706.5,2498948.5,2306669,2691228,9114199,849280.125,908275.75,321881.5,1494670,1079628.5,456484,1702773,405291.666666667,887623,430933.5,1344312.5,925828.875,522346.75,1329311,368495.75,177757.5,559234,1293268.58333333
460722.060974599,4512240.02185185,"163","01","01","1630101",Valdepiélagos,Valdepiélagos,Valdepiélagos Núcleo,"527","5","4",-3.4653466767,40.7601850348,36619,36619,35930,37799,40119,40119,67768,72736,30620,30620,31498,33328,,,,,,,,,,,,,47206,47206,42548,44378,44877,44877,44512,49473,,,,,37125,37125,90475,31882,2367,2127,4499,4953,2293,2490,6545,7625,1942,1803,3377,3617,,,,,,,,,,,,,2646,2356,4304,4784,2864,2517,4974,5814,,,,,1737,1959,10785,10485,43977.4583333333,36741.75,36619,36864.5,55185.5,40119,70252,39427.6666666667,31516.5,30620,32413,45634.625,46041.5,45227.75,49151.75,37125,61178.5,48527.25,4119.29166666667,3486.5,2247,4726,4738.25,2391.5,7085,2258.41666666667,2684.75,1872.5,3497,3782.375,2595.75,4969,6241.5,1848,10635,5980.16666666667,23176120.5416667,19362902.25,19298213,19427591.5,29082758.5,21142713,37022804,20778380.3333333,16609195.5,16136740,17081651,24049447.375,24263870.5,23835024.25,25902972.25,19564875,32241069.5,25573860.75,2170866.70833333,1837385.5,1184169,2490602,2497057.75,1260320.5,3733795,1190185.58333333,1414863.25,986807.5,1842919,1993311.625,1367960.25,2618663,3289270.5,973896,5604645,3151547.83333333
462315.074924419,4512112.02786545,"163","01","02","1630102","Frontal, El",El Frontal,El Frontal Núcleo,"54","5","4",-3.446466234,40.7591065757,39168,39168,38287,41614,37641,37641,36664,39952,33169,33169,33855,37143,,,,,,,,,,,,,49756,49756,44905,48193,47427,47427,46869,50157,,,,,39674,39674,92832,34239,2569,2365,6313,7787,2339,2124,5785,7225,2144,2038,5191,6631,,,,,,,,,,,,,2844,2596,6118,7798,2994,2740,6788,8768,,,,,1962,2204,12599,12299,43265.8333333333,39559.25,39168,39950.5,37974.5,37641,38308,41139.1666666667,34334,33169,35499,48061.25,48591.5,47531,51604.75,39674,63535.5,45392.5,5092.54166666667,4758.5,2467,7050,4368.25,2231.5,6505,2409.91666666667,4001,2091,5911,5080.75,2793.5,7368,7266,2083,12449,7775.16666666667,2336355,2136199.5,2115072,2157327,2050623,2032614,2068632,2221515,1854036,1791126,1916946,2595307.5,2623941,2566674,2786656.5,2142396,3430917,2451195,274997.25,256959,133218,380700,235885.5,120501,351270,130135.5,216054,112914,319194,274360.5,150849,397872,392364,112482,672246,419859
427192.162821596,4465467.85961052,"007","06","01","0070601",Fuente Cisneros,Fuente Cisneros,Fuente Cisneros Núcleo,"2905","17","5",-3.8571714454,40.3365793742,6539,6539,7824,7824,5568,5568,3956,3956,4898,4898,4517,4517,3655,4737,3920,3920,5113,5113,2848,2848,7977,7977,10313,10313,,,,,,,,,,,,,4340,4340,2452,2452,802,849,2379,2379,682,656,1353,1347,827,852,1537,1537,553,598,1262,1262,612,628,1107,1110,606,603,2795,2855,,,,,,,,,,,,,558,546,1278,1265,5318.64285714286,7181.5,6539,7824,4762,5568,3956,5518.71428571429,5472.75,5546,5399.5,,,,3396,4340,2452,5118.57142857143,1172.78571428571,1602.25,825.5,2379,1009.5,669,1350,669.428571428571,1171.5,659.875,1683.125,,,,911.75,552,1271.5,1676.14285714286,15450657.5,20862257.5,18995795,22728720,13833610,16175040,11492180,16031865,15898338.75,16111130,15685547.5,,,,9865380,12607700,7123060,14869450,3406942.5,4654536.25,2398077.5,6910995,2932597.5,1943445,3921750,1944690,3403207.5,1916936.875,4889478.125,,,,2648633.75,1603560,3693707.5,4869195
429490.730803871,4466411.20623921,"007","01","01","0070101",Alcorcón,Alcorcón,Alcorcón Núcleo,"170478","17","5",-3.83021716,40.3452747047,3760,3760,2953,2859,3146,3146,2211,2211,6331,6331,8775,8775,1971,1971,2217,2217,6014,6014,6079,6207,9410,9410,15218,15218,,,,,,,,,,,,,2296,2296,2551,1858,652,678,1351,1381,533,553,1625,1625,1014,1039,2291,2351,356,356,898,898,781,796,2441,2071,767,755,2727,2787,,,,,,,,,,,,,391,409,1296,1498,5185.89285714286,3333,3760,2906,2678.5,3146,2211,4704,7009.875,5931.5,8088.25,,,,2250.25,2296,2204.5,5667.78571428571,1225.71428571429,1015.5,665,1366,1084,543,1625,648.571428571429,1395.5,733,2058,,,,898.5,400,1397,1802.85714285714,884080642.5,568203174,640997280,495409068,456625323,536323788,376926858,801928512,1195029470.25,1011190257,1378868683.5,,,,383618119.5,391417488,375818751,966232773,208957320,173120409,113367870,232872948,184798152,92569554,277026750,110567160,237902049,124960374,350843724,,,,153174483,68191200,238157766,307347480
426331.736630927,4468036.01909715,"007","02","01","0070201",Campodón,Campodón,Campodón Núcleo,"1017","17","5",-3.8675966108,40.3596384263,6161,6161,11738,11427,5405,5405,6697,6697,7364,7364,14936,14173,5604,5604,6664,6664,4346,4346,12057,11597,10322,10322,20616,20616,,,,,,,,,,,,,4700,4700,5952,7240,712,721,3163,2552,569,573,2035,1922,937,937,3473,2769,618,595,1355,1215,528,513,2831,2965,658,628,3277,3205,,,,,,,,,,,,,434,411,1833,1962,8745.64285714286,8871.75,6161,11582.5,6051,5405,6697,6271.71428571429,10162.1875,6909,13415.375,,,,5648,4700,6596,11219.5714285714,1549.67857142857,1787,716.5,2857.5,1274.75,571,1978.5,631,1656.5,676.75,2636.25,,,,1160,422.5,1897.5,2468.35714285714,8894318.78571429,9022569.75,6265737,11779402.5,6153867,5496885,6810849,6378333.42857143,10334944.6875,7026453,13643436.375,,,,5744016,4779900,6708132,11410304.1428571,1576023.10714286,1817379,728680.5,2906077.5,1296420.75,580707,2012134.5,641727,1684660.5,688254.75,2681066.25,,,,1179720,429682.5,1929757.5,2510319.21428571
428890.675485171,4471738.08282856,"007","04","01","0070401",Ventorro del Cano,Ventorro del Cano,Ventorro del Cano Núcleo,"180","17","5",-3.837875926,40.3932096767,8557,8557,12780,12808,7988,7988,13587,12959,21102,21102,23049,22495,9756,9756,15867,19809,13305,13305,17624,18459,20086,20086,29492,34323,,,,,,,,,,,,,6452,6452,10573,10433,657,660,2476,2597,510,521,2807,2605,1159,1145,4050,4263,736,728,3098,3012,840,850,4037,4136,1026,1025,4486,5020,,,,,,,,,,,,,613,612,2397,2338,15312.5,10675.5,8557,12794,10630.5,7988,13273,12463.7142857143,19351,16062.25,22639.75,,,,8477.5,6452,10503,18161.2857142857,2085.85714285714,1597.5,658.5,2536.5,1610.75,515.5,2706,791.571428571429,2475.6875,938.625,4012.75,,,,1490,612.5,2367.5,3380.14285714286,2756250,1921590,1540260,2302920,1913490,1437840,2389140,2243468.57142857,3483180,2891205,4075155,,,,1525950,1161360,1890540,3269031.42857143,375454.285714286,287550,118530,456570,289935,92790,487080,142482.857142857,445623.75,168952.5,722295,,,,268200,110250,426150,608425.714285714
428928.710970004,4472528.56090046,"007","07","01","0070701",Montepríncipe,Montepríncipe,Montepríncipe Núcleo,"125","17","5",-3.8375160343,40.4003337226,8901,8901,13660,13660,8332,8332,13811,13811,21446,21446,23929,23347,10100,10100,15257,15247,13649,13649,19311,19311,20172,20172,30372,30372,,,,,,,,,,,,,7166,7166,11453,11483,742,721,2420,2510,603,588,2878,2518,1257,1215,3994,4176,824,788,3034,3390,927,918,4169,4049,1090,1076,4430,4580,,,,,,,,,,,,,617,602,2341,2454,15519.8571428571,11280.5,8901,13660,11071.5,8332,13811,12823.7142857143,19242.5,16341.75,22143.25,,,,9317,7166,11468,18216,2103.96428571429,1598.25,731.5,2465,1646.75,595.5,2698,854.857142857143,2494.8125,1011.875,3977.75,,,,1503.5,609.5,2397.5,3353.07142857143,1939982.14285714,1410062.5,1112625,1707500,1383937.5,1041500,1726375,1602964.28571429,2405312.5,2042718.75,2767906.25,,,,1164625,895750,1433500,2277000,262995.535714286,199781.25,91437.5,308125,205843.75,74437.5,337250,106857.142857143,311851.5625,126484.375,497218.75,,,,187937.5,76187.5,299687.5,419133.928571429
422304.451136109,4457750.48874872,"015","01","01","0150101",Arroyomolinos,Arroyomolinos,Arroyomolinos Núcleo,"15689","3","5",-3.91377087,40.26661918,11658,11658,18594,18594,15154,15154,15890,15883,8600,8600,11013,11013,18732,18732,18674,19217,14073,14073,15638,15631,14167,14167,14668,17262,,,,,,,,,,,,,16938,16938,13132,13132,801,825,2965,2965,1057,992,2751,2759,938,866,1636,1636,1105,1052,2735,2974,984,963,2382,2382,781,791,2105,2557,,,,,,,,,,,,,1012,961,2295,2502,14892.3214285714,15126,11658,18594,15520.25,15154,15886.5,14188.8571428571,14641.25,13893,15389.5,,,,15035,16938,13132,15595.7857142857,1706.14285714286,1889,813,2965,1889.75,1024.5,2755,937.714285714286,1617.9375,935,2300.875,,,,1692.5,986.5,2398.5,2474.57142857143,233645630.892857,237311814,182902362,291721266,243497202.25,237751106,249243298.5,222608979.714286,229706571.25,217967277,241445865.5,,,,235884115,265740282,206027948,244682282.071429,26767675.2857143,29636521,12755157,46517885,29648287.75,16073380.5,43223195,14711799.4285714,25383821.4375,14669215,36098427.875,,,,26553632.5,15477198.5,37630066.5,38823551.1428571
419540.510532182,4458921.53223098,"015","03","01","0150301",Río Guadarrama,Río Guadarrama,Río Guadarrama Núcleo,"284","3","5",-3.9464202706,40.2769068726,14156,14156,17759,18010,14876,14876,18986,18487,13142,13142,10429,10429,19119,19119,18634,18634,16571,16571,15604,15174,20120,20120,20737,20737,,,,,,,,,,,,,17277,17277,15763,15763,1450,1448,5377,4777,1600,1608,5187,5205,1576,1499,3448,3448,1833,1783,4786,4786,1653,1587,4406,4494,1758,1796,4617,4617,,,,,,,,,,,,,1710,1583,4746,4746,16631,16020.25,14156,17884.5,16806.25,14876,18736.5,16465.8571428571,16767.625,17238,16297.25,,,,16520,17277,15763,16796.1428571429,3125.85714285714,3263,1449,5077,3400,1604,5196,1634.57142857143,3005.4375,1685.625,4325.25,,,,3196.25,1646.5,4746,4617.14285714286,4723204,4549751,4020304,5079198,4772975,4224784,5321166,4676303.42857143,4762005.5,4895592,4628419,,,,4691680,4906668,4476692,4770104.57142857,887743.428571429,926692,411516,1441868,965600,455536,1475664,464218.285714286,853544.25,478717.5,1228371,,,,907735,467606,1347864,1311268.57142857
422610.98056122,4459864.6120723,"015","02","01","0150201","Castañeras, Las",Las Castañeras,Las Castañeras Núcleo,"21303","3","5",-3.9104216378,40.285692104,11942,11942,14119,13906,8765,8765,8630,11649,5453,5453,6538,6779,11612,11612,14199,14983,9065,9065,11163,11397,16716,16716,13606,13847,,,,,,,,,,,,,7356,7356,8718,8898,835,810,3000,2332,1028,955,2587,2895,630,559,1478,1772,958,903,2770,3110,780,709,2417,2518,1071,998,2974,3328,,,,,,,,,,,,,1006,997,2348,2638,10723.2142857143,12977.25,11942,14012.5,9452.25,8765,10139.5,10129.8571428571,11137.75,10711.5,11564,,,,8082,7356,8808,11316.5714285714,1728.78571428571,1744.25,822.5,2666,1866.25,991.5,2741,874.214285714286,1685.9375,826,2545.875,,,,1747.25,1001.5,2493,2583.35714285714,228436633.928571,276454356.75,254400426,298508287.5,201361281.75,186720795,216001768.5,215796346.714286,237267488.25,228187084.5,246347892,,,,172170846,156704868,187636824,241076921.142857,36828322.0714286,37157757.75,17521717.5,56793798,39756723.75,21121924.5,58391523,18623386.9285714,35915526.5625,17596278,54234775.125,,,,37221666.75,21334954.5,53108379,55033257.2142857
406347.308124357,4466831.54862144,"178","01","01","1780101",Villanueva de Perales,Villanueva de Perales,Villanueva de Perales Núcleo,"1642","3","5",-4.1027410349,40.3467842524,15536,15536,15546,17373,15551,15551,15562,16555,28926,28926,28140,29967,35545,35545,35801,35651,28524,28524,32742,34569,36369,36369,38431,40258,,,,,,,,,,,,,14243,14243,52795,34519,1088,1148,1972,2079,1123,1177,2268,2002,1612,1628,3516,3560,1691,1687,4464,4909,1551,1581,3812,3837,1679,1702,5169,5201,,,,,,,,,,,,,878,864,5304,3709,27760.6071428571,15997.75,15536,16459.5,15804.75,15551,16058.5,24956.2857142857,33392.9375,32341,34444.875,,,,28950,14243,43657,30564.9285714286,2543.25,1571.75,1118,2025.5,1642.5,1150,2135,1386.35714285714,2974.9375,1641.375,4308.5,,,,2688.75,871,4506.5,3700.14285714286,45582916.9285714,26268305.5,25510112,27026499,25951399.5,25534742,26368057,40978221.1428571,54831203.375,53103922,56558484.75,,,,47535900,23387006,71684794,50187612.7142857,4176016.5,2580813.5,1835756,3325871,2696985,1888300,3505670,2276398.42857143,4884847.375,2695137.75,7074557,,,,4414927.5,1430182,7399673,6075634.57142857
381159.068127722,4469270.94921936,"133","04","01","1330401",San Martín de Valdeiglesias,San Martín de Valdeiglesias,San Martín de Valdeiglesias Núcleo,"8375","3","5",-4.3997067106,40.3655474445,53214,53214,71510,89041,53229,53229,72296,74351,55501,55501,55726,59297,62120,62120,57621,57874,55099,55099,54183,59182,62944,62944,64855,71664,,,,,,,,,,,,,2987,2987,3662,2737,2777,2819,6916,7174,2804,2860,7292,6509,2991,3059,5712,5708,3077,3083,5082,5085,2941,2981,4435,6266,3065,3099,6692,6878,,,,,,,,,,,,,367,364,1485,1544,53006.6785714286,66744.75,53214,80275.5,63276.25,53229,73323.5,49299.1428571429,59483.125,58916,60050.25,,,,3093.25,2987,3199.5,56714.2142857143,4038.03571428571,4921.5,2798,7045,4866.25,2832,6900.5,2591.92857142857,4384.625,3037,5732.25,,,,940,365.5,1514.5,5484.14285714286,443930933.035714,558987281.25,445667250,672307312.5,529938593.75,445792875,614084312.5,412880321.428571,498171171.875,493421500,502920843.75,,,,25905968.75,25016125,26795812.5,474981544.642857,33818549.1071429,41217562.5,23433250,59001875,40754843.75,23718000,57791687.5,21707401.7857143,36721234.375,25434875,48007593.75,,,,7872500,3061062.5,12683937.5,45929696.4285714
381061.876501468,4468855.31523292,"133","02","01","1330201",Costa de Madrid,Costa de Madrid,Costa de Madrid Núcleo,"245","3","5",-4.3820400603,40.3937618706,60918,60918,90457,94307,60933,60933,91280,79617,63205,63205,70539,64563,69824,69824,63192,63193,62803,62803,76950,63087,70648,70648,76982,76983,,,,,,,,,,,,,10691,10691,8979,8170,3412,3518,11774,10935,3441,3548,11923,10270,3681,3751,10198,9469,3716,3763,8841,8841,3622,3709,10613,8399,3719,3815,10634,10634,,,,,,,,,,,,,1084,1068,5241,5925,61655.1071428571,76650,60918,92382,73190.75,60933,85448.5,57003.1428571429,68028.0625,66620,69436.125,,,,9632.75,10691,8574.5,66307.0714285714,6412.28571428571,7409.75,3465,11354.5,7295.5,3494.5,11096.5,3274.78571428571,6712.8125,3722,9703.625,,,,3329.5,1076,5583,9549.78571428571,15105501.25,18779250,14924910,22633590,17931733.75,14928585,20934882.5,13965770,16666875.3125,16321900,17011850.625,,,,2360023.75,2619295,2100752.5,16245232.5,1571010,1815388.75,848925,2781852.5,1787397.5,856152.5,2718642.5,802322.5,1644639.0625,911890,2377388.125,,,,815727.5,263620,1367835,2339697.5
381506.697417321,4468684.12485091,"133","03","01","1330301",Javacruz,Javacruz,Javacruz Núcleo,"200","3","5",-4.363373926,40.3689782417,49491,49491,87713,92078,49506,49506,88536,77388,51778,51778,67795,62334,58397,58397,60448,64576,51376,51376,74206,60855,59221,59221,74238,74238,,,,,,,,,,,,,5032,5032,6236,6259,2697,2762,10504,9626,2718,2785,10653,8961,2958,3008,8928,8160,2983,3016,7571,7317,2887,2923,9343,10477,3013,3051,9364,9364,,,,,,,,,,,,,564,551,3971,4003,55232.2142857143,69693.25,49491,89895.5,66234,49506,82962,46400.1428571429,61264.625,55193,67336.25,,,,5639.75,5032,6247.5,64064.2857142857,5505.64285714286,6397.25,2729.5,10065,6279.25,2751.5,9807,2565.42857142857,5897.6875,2979.875,8815.5,,,,2272.25,557.5,3987,8445.85714285714,11046442.8571429,13938650,9898200,17979100,13246800,9901200,16592400,9280028.57142857,12252925,11038600,13467250,,,,1127950,1006400,1249500,12812857.1428571,1101128.57142857,1279450,545900,2013000,1255850,550300,1961400,513085.714285714,1179537.5,595975,1763100,,,,454450,111500,797400,1689171.42857143
387350.876022157,4468730.62606387,"133","01","01","1330101",San Ramón,San Ramón,San Ramón Núcleo,"157","3","5",-4.351027758,40.382248117,49522,49522,81267,68566,49537,49537,82090,69393,51809,51809,61349,55809,58428,58428,54002,58050,51407,51407,67760,71934,59252,59252,67792,71840,,,,,,,,,,,,,8989,8989,12432,12089,2721,2802,10202,10992,2752,2850,10351,11177,2956,3046,8626,9223,3033,3065,7269,7751,2899,2954,9041,9292,3026,3086,9062,9517,,,,,,,,,,,,,839,856,4694,4597,53295.0357142857,62219.25,49522,74916.5,62639.25,49537,75741.5,46992,59395.5,55224,63567,,,,10624.75,8989,12260.5,59598.0714285714,5667.10714285714,6679.25,2761.5,10597,6782.5,2801,10764,2634.64285714286,5865.375,3008.125,8722.625,,,,2746.5,847.5,4645.5,8699.57142857143,8367320.60714286,9768422.25,7774954,11761890.5,9834362.25,7777309,11891415.5,7377744,9325093.5,8670168,9980019,,,,1668085.75,1411273,1924898.5,9356897.21428571,889735.821428571,1048642.25,433555.5,1663729,1064852.5,439757,1689948,413638.928571429,920863.875,472275.625,1369452.125,,,,431200.5,133057.5,729343.5,1365832.71428571
428676.23999238,4457565.24976266,"073","01","01","0730101",Humanes de Madrid,Humanes de Madrid,Humanes de Madrid Núcleo,"19915","18","5",-3.838820121,40.2655179357,5769,5769,6557,6485,5725,5725,5530,5530,9179,9179,18151,20433,12364,12364,22306,22306,13887,13887,23325,25181,6846,6846,8129,8129,,,,,,,,,,,,,7163,7163,9261,9261,697,700,1742,1507,636,654,1254,1211,949,993,3611,3831,942,847,3696,3708,962,905,4462,4164,429,409,1572,1572,,,,,,,,,,,,,432,423,2664,2544,11158.9285714286,6145,5769,6521,5627.5,5725,5530,8704.71428571429,14532,10569,18495,,,,8212,7163,9261,13613.1428571429,1697,1161.5,698.5,1624.5,938.75,645,1232.5,712.714285714286,2065.75,804.5,3327,,,,1515.75,427.5,2604,2681.28571428571,222230062.5,122377675,114889635,129865715,112071662.5,114013375,110129950,173354385,289404780,210481635,368327925,,,,163541980,142651145,184432815,271105740,33795755,23131272.5,13910627.5,32351917.5,18695206.25,12845175,24545237.5,14193705,41139411.25,16021617.5,66257205,,,,30186161.25,8513662.5,51858660,53397805
373176.987670321,4463113.43724593,"128","02","01","1280201",Rozas de Puerto Real,Rozas de Puerto Real,Rozas de Puerto Real Núcleo,"422","3","5",-4.492467564,40.3089157254,50943,50943,50929,50878,50958,50958,49708,49657,69227,69227,64575,64524,75846,75846,70260,72185,68825,68825,68877,68826,76669,76669,74867,74816,,,,,,,,,,,,,16713,16713,43967,43967,3107,3219,6246,6724,3130,3267,6116,6176,3544,3590,7003,7111,3594,3615,8348,8576,3495,3525,7606,7719,3628,3652,8586,8699,,,,,,,,,,,,,938,924,3309,3309,59514.2142857143,50923.25,50943,50903.5,50320.25,50958,49682.5,58454.4285714286,71254,72641.75,69866.25,,,,30340,16713,43967,60574,4955.57142857143,4824,3163,6485,4672.25,3198.5,6146,3087.71428571429,5768.1875,3580.375,7956,,,,2120,931,3309,6823.42857142857,25114998.4285714,21489611.5,21497946,21481277,21235145.5,21504276,20966015,24667768.8571429,30069188,30654818.5,29483557.5,,,,12803480,7052886,18554074,25562228,2091251.14285714,2035728,1334786,2736670,1971689.5,1349767,2593612,1303015.42857143,2434175.125,1510918.25,3357432,,,,894640,392882,1396398,2879486.85714286
375037.792459683,4463556.95941241,"128","01","01","1280101",Entrepinos,Entrepinos,Entrepinos Núcleo,"125","3","5",-4.4706629492,40.3131906357,52450,52450,53753,52930,52465,52465,52532,51709,65628,65628,67399,66576,72246,72246,73084,74237,65226,65226,71701,70878,73070,73070,77691,76868,,,,,,,,,,,,,13113,13113,46019,46019,3225,3374,6803,8458,3255,3445,6673,7910,3530,3630,7560,8845,3669,3714,8905,10310,3473,3535,8163,9453,3599,3663,9143,10433,,,,,,,,,,,,,956,961,5043,5043,59635.4285714286,52895.75,52450,53341.5,52292.75,52465,52120.5,56314,70673.375,69042.5,72304.25,,,,29566,13113,46019,62956.8571428571,5598.96428571429,5465,3299.5,7630.5,5320.75,3350,7291.5,3144.92857142857,6351.5625,3601.625,9101.5,,,,3000.75,958.5,5043,8053,7454428.57142857,6611968.75,6556250,6667687.5,6536593.75,6558125,6515062.5,7039250,8834171.875,8630312.5,9038031.25,,,,3695750,1639125,5752375,7869607.14285714,699870.535714286,683125,412437.5,953812.5,665093.75,418750,911437.5,393116.071428571,793945.3125,450203.125,1137687.5,,,,375093.75,119812.5,630375,1006625
403916.247761659,4466405.76410619,"175","01","01","1750101",Villamantilla,Villamantilla,Villamantilla Núcleo,"1584","3","5",-4.131296964,40.3426725647,17405,17405,18662,20488,17421,17421,18678,19671,31868,31868,31256,33083,38487,38487,38917,38767,31466,31466,35858,37685,39311,39311,41547,43374,,,,,,,,,,,,,12102,12102,55911,37635,1182,1193,2467,2552,1221,1234,2763,2475,1644,1688,4011,4033,1735,1759,4959,5382,1588,1635,4307,4310,1720,1756,5664,5674,,,,,,,,,,,,,728,711,5799,4182,30273.2857142857,18490,17405,19575,18297.75,17421,19174.5,26865.7142857143,36421.9375,35283,37560.875,,,,29437.5,12102,46773,33680.8571428571,2799,1848.5,1187.5,2509.5,1923.25,1227.5,2619,1413.85714285714,3241.5625,1690.625,4792.5,,,,2855,719.5,4990.5,4184.14285714286,47952884.5714286,29288160,27569520,31006800,28983636,27594864,30372408,42555291.4285714,57692349,55888272,59496426,,,,46629000,19169568,74088432,53350477.7142857,4433616,2928024,1881000,3975048,3046428,1944360,4148496,2239549.71428571,5134635,2677950,7591320,,,,4522320,1139688,7904952,6627682.28571429
389833.494919842,4458954.36039651,"171","11","01","1711101","Hoyas, Las",Las Hoyas,Las Hoyas Núcleo,"45","3","5",-4.324391502,40.233362916,37654,37654,38145,38145,37670,37670,36924,36924,50017,50017,51791,51791,55994,55994,57475,59345,53446,53446,56092,56092,60353,60353,62082,62082,,,,,,,,,,,,,27920,27920,20432,20432,2306,2379,8875,8866,2350,2404,8819,8682,2930,2962,9814,9590,3189,3201,10937,11069,3015,3011,10428,10195,3207,3264,11408,11175,,,,,,,,,,,,,1767,1760,7179,7127,46209.2857142857,37899.5,37654,38145,37297,37670,36924,46150.5714285714,56023.125,54952.5,57093.75,,,,24176,27920,20432,46268,6139.60714285714,5606.5,2342.5,8870.5,5563.75,2377,8750.5,2696.07142857143,6837.1875,3097.375,10577,,,,4458.25,1763.5,7153,9583.14285714286,2079417.85714286,1705477.5,1694430,1716525,1678365,1695150,1661580,2076775.71428571,2521040.625,2472862.5,2569218.75,,,,1087920,1256400,919440,2082060,276282.321428571,252292.5,105412.5,399172.5,250368.75,106965,393772.5,121323.214285714,307673.4375,139381.875,475965,,,,200621.25,79357.5,321885,431241.428571429
388993.87765398,4459372.10594531,"171","08","02","1710802",Villa del Prado,Villa del Prado,Villa del Prado Núcleo,"6184","3","5",-4.3057328272,40.2774689508,30935,30935,29564,30065,30950,30950,28599,28844,43298,43298,43466,43711,49275,49275,49150,51372,46727,46727,47919,48012,53634,54378,53757,54002,,,,,,,,,,,,,21437,21437,12352,12352,1838,1902,3510,3028,1875,1935,2556,2844,2475,2515,3285,3752,2762,2781,4674,5348,2553,2579,3870,4357,2764,2881,4790,5337,,,,,,,,,,,,,1275,1279,1336,1336,38800.75,30374.75,30935,29814.5,29835.75,30950,28721.5,39518.2857142857,48625.0625,48326.5,48923.625,,,,16894.5,21437,12352,38083.2142857143,2908.46428571429,2569.5,1870,3269,2302.5,1905,2700,2243.85714285714,3545.1875,2663.75,4426.625,,,,1306.5,1277,1336,3573.07142857143,239943838,187837454,191302040,184372868,184504278,191394800,177613756,244381078.857143,300697386.5,298851076,302543697,,,,104475588,132566408,76384768,235506597.142857,17985943.1428571,15889788,11564080,20215496,14238660,11780520,16696800,13876012.5714286,21923439.5,16472630,27374249,,,,8079396,7896968,8261824,22095873.7142857
385447.184290479,4459158.13961952,"171","03","01","1710301",Encinar del Alberche,Encinar del Alberche,Encinar del Alberche Núcleo,"1151","3","5",-4.3474025393,40.2750635359,35192,35192,34722,34978,35207,35207,33757,33757,47555,47555,48624,48624,53532,53532,56285,56285,50984,50984,52925,52925,58636,58636,58915,58915,,,,,,,,,,,,,17518,17518,17265,17265,2125,2216,3919,3457,2163,2246,3464,3273,2757,2816,4425,4181,3028,3041,5744,5803,2849,2884,5037,4786,3128,3173,6017,5766,,,,,,,,,,,,,1031,1016,1791,1791,42946.0714285714,35021,35192,34850,34482,35207,33757,42660.5714285714,53432,52676.75,54187.25,,,,17391.5,17518,17265,43231.5714285714,3354.53571428571,2929.25,2170.5,3688,2786.5,2204.5,3368.5,2462.35714285714,4089.6875,2959.5,5219.875,,,,1407.25,1023.5,1791,4246.71428571429,49430928.2142857,40309171,40505992,40112350,39688782,40523257,38854307,49102317.7142857,61500232,60630939.25,62369524.75,,,,20017616.5,20163218,19872015,49759538.7142857,3861070.60714286,3371566.75,2498245.5,4244888,3207261.5,2537379.5,3877143.5,2834173.07142857,4707230.3125,3406384.5,6008076.125,,,,1619744.75,1178048.5,2061441,4887968.14285714
433170.928275696,4459001.29682695,"058","01","02","0580102",Fuenlabrada,Fuenlabrada,Fuenlabrada Núcleo,"162782","18","5",-3.786113919,40.2788256967,2990,2990,3086,3086,2179,2179,1175,1175,13831,13831,10068,10068,15070,15070,17543,17543,16593,16593,13638,13638,6814,6814,3767,5475,,,,,,,,,,,,,6697,6697,8189,8189,444,458,1064,1064,321,333,983,983,1255,1259,2812,2872,991,961,3484,3544,1018,1033,3559,3619,632,615,1480,2647,,,,,,,,,,,,,409,414,2834,2834,8749.57142857143,3038,2990,3086,1677,2179,1175,9167.71428571429,12272.25,13077,11467.5,,,,7443,6697,8189,8331.42857142857,1568.64285714286,757.5,451,1064,655,327,983,724.5,1986.3125,970.5,3002.125,,,,1622.75,411.5,2834,2412.78571428571,1424272736.28571,494531716,486718180,502345252,272985414,354701978,191268850,1492338866.85714,1997701399.5,2128700214,1866702585,,,,1211586426,1090151054,1333021798,1356206605.71429,255346821.571429,123307365,73414682,173200048,106622210,53229714,160014706,117935559,323335921.375,157979931,488691911.75,,,,264154490.5,66984793,461324188,392758084.142857
428957.416891471,4461379.39337237,"058","05","01","0580501",Loranca,Loranca,Loranca Núcleo,"25546","18","5",-3.835936741,40.2999011937,5427,5427,4925,4925,4728,4728,7080,4716,6809,6809,5358,5358,8048,8048,12833,12833,9571,9571,8927,8927,3741,3741,3092,3092,,,,,,,,,,,,,4010,4010,3605,3605,605,631,1679,1739,626,537,2381,1781,956,930,1716,1776,747,663,2388,2448,762,729,2463,2523,340,350,1382,1442,,,,,,,,,,,,,375,384,1569,1569,6212.28571428571,5176,5427,4925,5313,4728,5898,6047.71428571429,7297.375,7042.25,7552.5,,,,3807.5,4010,3605,6376.85714285714,1267.53571428571,1163.5,618,1709,1331.25,581.5,2081,616.785714285714,1350.9375,684.625,2017.25,,,,974.25,379.5,1569,1918.28571428571,158699050.857143,132226096,138638142,125814050,135725898,120781488,150670308,154494909.142857,186418741.75,179901318.5,192936165,,,,97266395,102439460,92093330,162903192.571429,32380467.3571429,29722771,15787428,43658114,34008112.5,14854999,53161226,15756407.8571429,34511049.375,17489430.25,51532668.5,,,,24888190.5,9694707,40081674,49004526.8571429
428851.22994405,4462977.79984101,"058","05","03","0580503",Miraflores,Miraflores,Miraflores Núcleo,"2165","18","5",-3.837363891,40.3142911797,6635,6635,7610,7610,2265,2265,2476,2476,4347,4347,4803,11322,5741,5741,9257,8414,7264,7264,6829,6912,4949,4949,7087,11103,,,,,,,,,,,,,2581,2581,2891,2891,684,674,1987,1987,444,407,1104,997,793,808,2090,2117,586,534,2399,2316,618,616,2046,1772,424,403,2308,2421,,,,,,,,,,,,,437,424,1032,876,5687.32142857143,7122.5,6635,7610,2370.5,2265,2476,4826,6895.5625,5575.25,8215.875,,,,2736,2581,2891,6548.64285714286,1189.42857142857,1333,679,1987,738,425.5,1050.5,560.857142857143,1390.6875,597.75,2183.625,,,,692.25,430.5,954,1818,12313050.8928571,15420212.5,14364775,16475650,5132132.5,4903725,5360540,10448290,14928892.8125,12070416.25,17787369.375,,,,5923440,5587865,6259015,14177811.7857143,2575112.85714286,2885945,1470035,4301855,1597770,921207.5,2274332.5,1214255.71428571,3010838.4375,1294128.75,4727548.125,,,,1498721.25,932032.5,2065410,3935970
375998.590236556,4463809.38559887,"031","05","01","0310501",Entrepinos,Entrepinos,Entrepinos Núcleo,"295","3","5",-4.4594078935,40.3156072608,61959,61959,54340,54340,56748,61974,53119,53119,64247,64247,67986,67986,70865,70865,73671,73671,63844,63844,72288,72288,71689,71689,78278,78278,,,,,,,,,,,,,11732,11732,47255,47255,3169,3239,6949,6960,3301,3273,6819,6819,3384,3467,7706,7706,3523,3574,9051,8871,3326,3400,8309,8309,3469,3524,9289,9289,,,,,,,,,,,,,795,801,4064,4064,60759.5714285714,58149.5,61959,54340,56240,59361,53119,57671,70358.5,67661.25,73055.75,,,,29493.5,11732,47255,63848.1428571429,5230.35714285714,5079.25,3204,6954.5,5053,3287,6819,3017.5,6012.3125,3458.375,8566.25,,,,2431,798,4064,7443.21428571429,17924073.5714286,17154102.5,18277905,16030300,16590800,17511495,15670105,17012945,20755757.5,19960068.75,21551446.25,,,,8700582.5,3460940,13940225,18835202.1428571,1542955.35714286,1498378.75,945180,2051577.5,1490635,969665,2011605,890162.5,1773632.1875,1020220.625,2527043.75,,,,717145,235410,1198880,2195748.21428571
378173.739585575,4462714.37061664,"031","01","01","0310101",Cadalso de los Vidrios,Cadalso de los Vidrios,Cadalso de los Vidrios Núcleo,"2875","3","5",-4.4336070074,40.3060651057,45830,45830,45593,45593,45845,45845,44628,44628,60984,60984,59495,59495,67602,67602,67156,67156,60582,60582,63797,64115,68426,68426,69786,69786,,,,,,,,,,,,,14742,14742,28137,28137,2776,2850,5147,5188,2797,2890,4692,4613,3407,3438,5653,5548,3504,3489,6972,7013,3364,3395,6265,6060,3499,3522,7245,7136,,,,,,,,,,,,,936,916,2914,2914,53054.4285714286,45711.5,45830,45593,45236.5,45845,44628,52001.5714285714,64748.375,64398.5,65098.25,,,,21439.5,14742,28137,54107.2857142857,4219.39285714286,3990.25,2813,5167.5,3748,2843.5,4652.5,2913.07142857143,4969.375,3452.25,6486.5,,,,1920,926,2914,5525.71428571429,152531482.142857,131420562.5,131761250,131079875,130054937.5,131804375,128305500,149504517.857143,186151578.125,185145687.5,187157468.75,,,,61638562.5,42383250,80893875,155558446.428571,12130754.4642857,11471968.75,8087375,14856562.5,10775500,8175062.5,13375937.5,8375080.35714286,14286953.125,9925218.75,18648687.5,,,,5520000,2662250,8377750,15886428.5714286
396930.626112081,4470390.28568932,"051","01","01","0510101",Chapinería,Chapinería,Chapinería Núcleo,"2456","3","5",-4.214173045,40.3777283967,27169,27169,47466,59349,27184,27184,49994,38378,36498,36498,35066,39270,43116,43116,37214,41657,36095,36095,33524,39155,43940,43940,51004,55301,,,,,,,,,,,,,22086,22086,68151,70008,1723,1790,5487,5942,1759,1822,5810,6017,1883,1916,4301,4756,1956,1964,3674,4038,1816,1851,3024,5014,1934,1972,5467,5950,,,,,,,,,,,,,1299,1339,8152,6995,40632.6071428571,40288.25,27169,53407.5,35685,27184,44186,33726.8571428571,40718.0625,39912.25,41523.875,,,,45582.75,22086,69079.5,47538.3571428571,3558.96428571429,3735.5,1756.5,5714.5,3852,1790.5,5913.5,1787.42857142857,3219.75,1911.5,4528,,,,4446.25,1319,7573.5,5330.5,99793683.1428571,98947942,66727064,131168820,87642360,66763904,108520816,82833161.1428571,100003561.5,98024486,101982637,,,,111951234,54243216,169659252,116754205.142857,8740816.28571429,9174388,4313964,14034812,9460512,4397468,14523556,4389924.57142857,7907706,4694644,11120768,,,,10919990,3239464,18600516,13091708
398232.209596759,4472580.99225106,"051","02","01","0510201",Valquigoso,Valquigoso,Valquigoso Núcleo,"159","3","5",-4.1991933574,40.3976205267,36134,36134,52337,70499,36150,36150,53123,55810,38422,38422,36552,40756,45040,45040,38447,38700,38020,38020,35010,40641,45864,45864,45682,52490,,,,,,,,,,,,,26192,26192,56498,71494,1750,1795,6725,7338,1790,1832,7101,6673,1980,2024,5521,5872,2058,2067,4891,4894,1927,1960,4244,6430,2042,2075,6501,6687,,,,,,,,,,,,,1494,1502,7692,6988,43560.1071428571,48776,36134,61418,45308.25,36150,54466.5,37974.5714285714,41435.625,41836.5,41034.75,,,,45094,26192,63996,49145.6428571429,4066.17857142857,4402,1772.5,7031.5,4349,1811,6887,1878.28571428571,3823.3125,2016.625,5630,,,,4419,1498,7340,6254.07142857143,6926057.03571429,7755384,5745306,9765462,7204011.75,5747850,8660173.5,6037956.85714286,6588264.375,6652003.5,6524525.25,,,,7169946,4164528,10175364,7814157.21428571,646522.392857143,699918,281827.5,1118008.5,691491,287949,1095033,298647.428571429,607906.6875,320643.375,895170,,,,702621,238182,1167060,994397.357142857
386806.826140431,4468800.93546888,"109","01","01","1090101",Pelayos de la Presa,Pelayos de la Presa,Pelayos de la Presa Núcleo,"3106","3","5",-4.3331215818,40.362099994,45523,45523,64239,82225,45538,45538,65025,67535,47811,47811,48454,52481,54429,54429,50350,50602,47409,47409,46912,52366,55253,55253,57584,64392,,,,,,,,,,,,,4718,4718,7248,7248,2301,2361,6377,6737,2324,2383,6753,6072,2522,2596,5173,5271,2606,2618,4543,4546,2491,2559,3896,5829,2634,2687,6153,6339,,,,,,,,,,,,,384,392,2207,1715,47072.25,59377.5,45523,73232,55909,45538,66280,42954.4285714286,52059.0625,51225.5,52892.625,,,,5983,4718,7248,51190.0714285714,3659.60714285714,4444,2331,6557,4383,2353.5,6412.5,2204.14285714286,3903.9375,2589.125,5218.75,,,,1174.5,388,1961,5115.07142857143,146206408.5,184426515,141394438,227458592,173653354,141441028,205865680,133416455.142857,161695448.125,159106403,164284493.25,,,,18583198,14654108,22512288,158996361.857143,11366739.7857143,13803064,7240086,20366042,13613598,7309971,19917225,6846067.71428571,12125629.875,8041822.25,16209437.5,,,,3647997,1205128,6090866,15887411.8571429
375111.335491324,4458051.7189965,"037","01","02","0370102",Cenicientos,Cenicientos,Cenicientos Núcleo,"2076","3","5",-4.4687238392,40.2636193249,51022,51022,50807,50807,51037,51037,49842,49842,63385,63385,64709,64709,69362,69362,72370,72370,66814,66814,69010,69329,78763,78763,75000,75000,,,,,,,,,,,,,18806,18806,33350,33350,3113,3225,4948,4977,3129,3266,4493,4402,3727,3823,5454,5337,3970,4052,6773,6802,3820,3894,6066,5849,3867,3990,7046,6925,,,,,,,,,,,,,1204,1246,2683,2683,58174.0357142857,50914.5,51022,50807,50439.5,51037,49842,57027,69946.5625,69581,70312.125,,,,26078,18806,33350,59321.0714285714,4313,4065.75,3169,4962.5,3822.5,3197.5,4447.5,3309,5087.1875,3892.875,6281.5,,,,1954,1225,2683,5317,120769298.142857,105698502,105921672,105475332,104712402,105952812,103471992,118388052,145209063.75,144450156,145967971.5,,,,54137928,39041256,69234600,123150544.285714,8953788,8440497,6578844,10302150,7935510,6638010,9233010,6869484,10561001.25,8081608.5,13040394,,,,4056504,2543100,5569908,11038092
419522.557300012,4462093.63358943,"181","05","01","1810501",Las Salinas y Casa Franco,Las Salinas y Casa Franco,Las Salinas y Casa Franco Núcleo,"64","6","5",-3.947030229,40.3054798007,10029,10029,11904,11904,7594,7594,9442,9442,7604,7604,9992,9992,13580,13580,16800,58101,11033,11033,14744,25727,18684,18684,17060,17060,,,,,,,,,,,,,11738,11738,16726,31584,815,764,3166,3484,682,690,1577,1577,766,714,3070,3319,1013,976,4636,3979,833,785,4344,3926,1126,1073,4566,4875,,,,,,,,,,,,,915,788,4596,5977,15035.7857142857,10966.5,10029,11904,8518,7594,9442,11466,16954.875,12725.25,21184.5,,,,17946.5,11738,24155,18605.5714285714,2322.57142857143,2057.25,789.5,3325,1131.5,686,1577,852.857142857143,2500.0625,910.75,4089.375,,,,3069,851.5,5286.5,3792.28571428571,962290.285714286,701856,641856,761856,545152,486016,604288,733824,1085112,814416,1355808,,,,1148576,751232,1545920,1190756.57142857,148644.571428571,131664,50528,212800,72416,43904,100928,54582.8571428571,160004,58288,261720,,,,196416,54496,338336,242706.285714286
424172.369898623,4467731.08272887,"181","01","01","1810101",Villaviciosa de Odón,Villaviciosa de Odón,Villaviciosa de Odón Núcleo,"21650","6","5",-3.8929885034,40.356697959,7556,7556,6575,6575,10257,10257,9717,15868,8150,8150,7709,7709,8174,8174,10283,10283,4821,4821,9692,15216,12665,12665,24235,24235,,,,,,,,,,,,,3400,3400,2228,2228,820,812,2342,2342,954,914,3229,3564,974,953,2598,2598,891,863,1907,1668,716,722,2516,3418,870,849,3829,3658,,,,,,,,,,,,,417,398,1843,1843,9378.53571428571,7065.5,7556,6575,11524.75,10257,12792.5,7860.42857142857,11061.375,8452.5,13670.25,,,,2814,3400,2228,10896.6428571429,1732.42857142857,1579,816,2342,2165.25,934,3396.5,796.642857142857,1814.375,854.75,2774,,,,1125.25,407.5,1843,2668.21428571429,203045298.214286,152968075,163587400,142348750,249510837.5,222064050,276957625,170178278.571429,239478768.75,182996625,295960912.5,,,,60923100,73610000,48236200,235912317.857143,37507078.5714286,34185350,17666400,50704300,46877662.5,20221100,73534225,17247317.8571429,39281218.75,18505337.5,60057100,,,,24361662.5,8822375,39900950,57766839.2857143
420751.225111467,4470783.82295095,"181","02","01","1810201","Bosque, El",El Bosque,El Bosque Núcleo,"7142","6","5",-3.933652297,40.3838790567,10825,10825,11390,11390,12404,12404,14531,14531,11419,11419,12524,12524,14524,14524,18435,18435,11017,11017,12421,17269,18861,18861,21441,21441,,,,,,,,,,,,,6132,6132,7300,7300,966,986,3050,3050,1262,1314,3937,3937,1113,1136,3306,3306,1229,1233,2801,3353,1056,1079,3564,4464,1200,1217,4803,4863,,,,,,,,,,,,,530,540,2258,2258,13260.5714285714,11107.5,10825,11390,13467.5,12404,14531,12168.8571428571,15383.25,13955.25,16811.25,,,,6716,6132,7300,14352.2857142857,2278.96428571429,2013,976,3050,2612.5,1288,3937,1061.5,2482.6875,1157.875,3807.5,,,,1396.5,535,2258,3496.42857142857,94707001.1428571,79329765,77312150,81347380,96184885,88589368,103780402,86909977.7142857,109867171.5,99668395.5,120065947.5,,,,47965672,43794744,52136600,102504024.571429,16276362.9285714,14376846,6970592,21783100,18658475,9198896,28118054,7581233,17731354.125,8269543.25,27193165,,,,9973803,3820970,16126636,24971492.8571429
420282.387862713,4468467.92003907,"181","03","01","1810301",Dehesa del Sotillo,Dehesa del Sotillo,Dehesa del Sotillo Núcleo,"189","6","5",-3.938885496,40.3629726617,9650,9650,9112,9112,11229,11229,12253,17933,10243,10243,10334,10246,16862,16862,16063,12107,9841,9841,10130,10130,17686,17686,18737,26622,,,,,,,,,,,,,4957,4957,5022,5208,742,772,3401,3401,1035,1093,4288,5393,896,914,3752,3657,986,972,3545,3100,836,858,3514,3514,977,997,4875,5108,,,,,,,,,,,,,314,329,2625,2901,11926.6071428571,9381,9650,9112,13161,11229,15093,11495.4285714286,13977.0625,13658,14296.125,,,,5036,4957,5115,12357.7857142857,2314.10714285714,2079,757,3401,2952.25,1064,4840.5,837.214285714286,2406.3125,929.5,3883.125,,,,1542.25,321.5,2763,3791,2254128.75,1773009,1823850,1722168,2487429,2122281,2852577,2172636,2641664.8125,2581362,2701967.625,,,,951804,936873,966735,2335621.5,437366.25,392931,143073,642789,557975.25,201096,914854.5,158233.5,454793.0625,175675.5,733910.625,,,,291485.25,60763.5,522207,716499
389405.659745484,4469543.90594351,"099","03","01","0990301",San Juan,San Juan,San Juan Núcleo,"84","3","5",-4.3026504954,40.3691405774,42777,42777,60894,69144,42792,42792,61680,48174,45064,45064,45109,49065,51683,51683,47005,51452,44662,44662,43567,48950,52507,52507,54239,65096,,,,,,,,,,,,,8366,8366,9984,9984,2084,2120,5752,6252,2106,2152,6128,6327,2323,2381,4548,5066,2405,2404,3918,4348,2280,2319,3271,5324,2421,2445,5528,6260,,,,,,,,,,,,,532,512,2391,1585,44287.3214285714,53898,42777,65019,48859.5,42792,54927,41121.5714285714,49519.6875,48479,50560.375,,,,9175,8366,9984,47453.0714285714,3399.35714285714,4052,2102,6002,4178.25,2129,6227.5,2034.57142857143,3577.5625,2372.25,4782.875,,,,1255,522,1988,4764.14285714286,3720135,4527432,3593268,5461596,4104198,3594528,4613868,3454212,4159653.75,4072236,4247071.5,,,,770700,702744,838656,3986058,285546,340368,176568,504168,350973,178836,523110,170904,300515.25,199269,401761.5,,,,105420,43848,166992,400188
390556.596067957,4469392.24552498,"099","04","01","0990401","Rocha, La",La Rocha,La Rocha Núcleo,"55","3","5",-4.289071275,40.3679264687,40946,40946,62414,80328,40961,40961,63200,65638,43234,43234,46629,50584,49852,49852,48525,48780,42831,42831,45087,50469,50676,50676,55759,62570,,,,,,,,,,,,,9891,9891,11503,11862,2058,2115,7156,7712,2096,2150,7532,7047,2308,2369,5952,6246,2404,2417,5322,5325,2235,2277,4675,6804,2357,2407,6932,7118,,,,,,,,,,,,,753,721,3795,3110,45004.6428571429,56158.5,40946,71371,52690,40961,64419,39770.1428571429,48849.3125,46648.25,51050.375,,,,10786.75,9891,11682.5,50239.1428571429,4049.75,4760.25,2086.5,7434,4706.25,2123,7289.5,2047.64285714286,4196.75,2346.75,6046.75,,,,2094.75,737,3452.5,6051.85714285714,2475255.35714286,3088717.5,2252030,3925405,2897950,2252855,3543045,2187357.85714286,2686712.1875,2565653.75,2807770.625,,,,593271.25,544005,642537.5,2763152.85714286,222736.25,261813.75,114757.5,408870,258843.75,116765,400922.5,112620.357142857,230821.25,129071.25,332571.25,,,,115211.25,40535,189887.5,332852.142857143
393850.454404146,4471237.46132416,"099","05","01","0990501",Santa Ana,Santa Ana,Santa Ana Núcleo,"48","3","5",-4.2619330588,40.3553763851,40720,40720,72448,72448,40735,40735,73271,73271,43008,43008,52530,52530,49626,49626,45183,45183,42605,42605,58941,58941,50450,50450,58973,58973,,,,,,,,,,,,,30778,30778,90850,78061,1987,2034,9812,9812,2020,2063,9961,9961,2233,2286,8236,8236,2327,2330,6879,6879,2158,2181,8651,8651,2278,2318,8672,8672,,,,,,,,,,,,,1745,1758,10885,8932,53123.1071428571,56584,40720,72448,57003,40735,73271,42560.2857142857,50164.5,46422.25,53906.75,,,,57616.75,30778,84455.5,63685.9285714286,5498.46428571429,5911.25,2010.5,9812,6001.25,2041.5,9961,2122.71428571429,5186.6875,2263.875,8109.5,,,,5830,1751.5,9908.5,8874.21428571429,2549909.14285714,2716032,1954560,3477504,2736144,1955280,3517008,2042893.71428571,2407896,2228268,2587524,,,,2765604,1477344,4053864,3056924.57142857,263926.285714286,283740,96504,470976,288060,97992,478128,101890.285714286,248961,108666,389256,,,,279840,84072,475608,425962.285714286
393804.171585631,4471134.76379173,"099","01","01","0990101","Morro, El",El Morro,El Morro Núcleo,"322","3","5",-4.2738585408,40.3621915075,40096,40096,72079,72079,40111,40111,72902,72902,42384,42384,52161,52161,49002,49002,44814,44814,41982,41982,58572,58572,49826,49826,58604,58604,,,,,,,,,,,,,30154,30154,90481,77692,1971,2031,9566,9566,1994,2054,9715,9715,2209,2268,7990,7990,2276,2300,6633,6633,2141,2176,8405,8405,2273,2316,8426,8426,,,,,,,,,,,,,1706,1734,10639,8686,52626.6785714286,56087.5,40096,72079,56506.5,40111,72902,41936.4285714286,49668.125,45798.5,53537.75,,,,57120.25,30154,84086.5,63316.9285714286,5365.85714285714,5783.5,2001,9566,5869.5,2024,9715,2103.5,5054.1875,2244.875,7863.5,,,,5691.25,1720,9662.5,8628.21428571429,16945790.5,18060175,12910912,23209438,18195093,12915742,23474444,13503530,15993136.25,14747117,17239155.5,,,,18392720.5,9709588,27075853,20388051,1727806,1862287,644322,3080252,1889979,651728,3128230,677327,1627448.375,722849.75,2532047,,,,1832582.5,553840,3111325,2778285
393836.51947975,4471376.98427698,"099","02","01","0990201",Navas del Rey,Navas del Rey,Navas del Rey Núcleo,"2819","3","5",-4.2507783673,40.3862272534,36793,36793,50312,67893,36808,36808,52840,41309,39080,39080,37912,42200,45699,45699,40060,40060,38678,38678,36370,42085,46522,46522,53850,53850,,,,,,,,,,,,,26850,26850,70997,72938,1663,1716,5047,5444,1705,1749,5370,5550,1900,1951,3861,4289,1987,2013,3234,3234,1840,1896,2584,4547,1974,2019,5027,5027,,,,,,,,,,,,,1408,1432,7712,6528,44412,47947.75,36793,59102.5,41941.25,36808,47074.5,38632.8571428571,42896.5625,42494.75,43298.375,,,,49408.75,26850,71967.5,50191.1428571429,3310.96428571429,3467.5,1689.5,5245.5,3593.5,1727,5460,1803.78571428571,2961.4375,1947.5,3975.375,,,,4270,1420,7120,4818.14285714286,125197428,135164707.25,103719467,166609947.5,118232383.75,103761752,132703015.5,108906024.285714,120925409.6875,119792700.25,122058119.125,,,,139283266.25,75690150,202876382.5,141488831.714286,9333608.32142857,9774882.5,4762700.5,14787064.5,10130076.5,4868413,15391740,5084871.92857143,8348292.3125,5490002.5,11206582.125,,,,12037130,4002980,20071280,13582344.7142857
412705.452346725,4466842.11701244,"141","06","01","1410601",Sevilla la Nueva,Sevilla la Nueva,Sevilla la Nueva Núcleo,"8108","3","5",-4.027888482,40.3475689497,7444,7444,7583,7583,7459,7459,7600,7600,19271,19271,20177,20177,27871,27871,38230,58750,20851,20851,24780,24780,28695,28695,53345,30468,,,,,,,,,,,,,15966,15966,37180,25787,537,569,1059,1059,574,596,1355,1355,1332,1304,2603,2603,1523,1499,3622,3552,1365,1369,2899,2899,1500,1503,5313,4256,,,,,,,,,,,,,852,834,4507,4651,22112.6428571429,7513.5,7444,7583,7529.5,7459,7600,18222.4285714286,29005.1875,24172,33838.375,,,,23724.75,15966,31483.5,26002.8571428571,2038.92857142857,806,553,1059,970,585,1355,1096.92857142857,2446.375,1424.375,3468.375,,,,2711,843,4579,2980.92857142857,179289308.285714,60919458,60355952,61482964,61049186,60477572,61620800,147747450.857143,235174060.25,195986576,274361544.5,,,,192360273,129452328,255268218,210831165.714286,16531632.8571429,6535048,4483724,8586372,7864760,4743180,10986340,8893896.85714286,19835208.5,11548832.5,28121584.5,,,,21980788,6835044,37126532,24169368.8571429
413574.529508848,4468617.22949602,"141","07","01","1410701",Valdelagua,Valdelagua,Valdelagua Núcleo,"43","3","5",-4.0178971242,40.3636493326,9394,9394,11199,13170,9297,9297,11171,12094,21231,21231,27027,25506,27849,27849,37473,25093,20828,20828,29462,30109,28673,28673,37318,35797,,,,,,,,,,,,,15944,15944,32637,17343,713,733,2889,3819,732,742,2625,3738,1451,1431,4311,5296,1558,1526,5013,6846,1395,1393,5114,5573,1529,1521,5876,6937,,,,,,,,,,,,,879,860,5660,6148,21851.1071428571,10789.25,9394,12184.5,10464.75,9297,11632.5,19030.8571428571,27809.1875,24645.25,30973.125,,,,20467,15944,24990,24671.3571428571,3082.42857142857,2038.5,723,3354,1959.25,737,3181.5,1175.92857142857,3548.125,1475.5,5620.75,,,,3386.75,869.5,5904,4988.92857142857,939597.607142857,463937.75,403942,523933.5,449984.25,399771,500197.5,818326.857142857,1195795.0625,1059745.75,1331844.375,,,,880081,685592,1074570,1060868.35714286,132544.428571429,87655.5,31089,144222,84247.75,31691,136804.5,50564.9285714286,152569.375,63446.5,241692.25,,,,145630.25,37388.5,253872,214523.928571429
410061.421920481,4467180.19652294,"141","01","01","1410101","Cortijos, Los",Los Cortijos,Los Cortijos Núcleo,"439","3","5",-4.059064467,40.3503334277,11530,11530,12008,13835,11545,11545,12024,13017,23357,23357,24602,26429,31805,31805,32263,32113,24784,24784,29204,31031,32628,32628,34893,36720,,,,,,,,,,,,,19631,19631,49257,30981,862,893,2165,2292,894,915,2461,2215,1668,1618,3709,3773,1806,1783,4657,5122,1666,1654,4005,4050,1798,1780,5362,5414,,,,,,,,,,,,,1251,1271,5497,3922,24604.8928571429,12225.75,11530,12921.5,12032.75,11545,12520.5,22182.8571428571,29525.1875,28143.5,30906.875,,,,29875,19631,40119,27026.9285714286,2660.82142857143,1553,877.5,2228.5,1621.25,904.5,2338,1418.5,3116.5625,1721.625,4511.5,,,,2985.25,1261,4709.5,3903.14285714286,10801547.9642857,5367104.25,5061670,5672538.5,5282377.25,5068255,5496499.5,9738274.28571429,12961557.3125,12354996.5,13568118.125,,,,13115125,8618009,17612241,11864821.6428571,1168100.60714286,681767,385222.5,978311.5,711728.75,397075.5,1026382,622721.5,1368170.9375,755793.375,1980548.5,,,,1310524.75,553579,2067470.5,1713479.71428571
413980.576556019,4467837.37674604,"141","04","03","1410403","Manantiales II, Los",Los Manantiales II,Los Manantiales II Núcleo,"309","3","5",-4.0130103567,40.3566665409,8493,8493,9699,10989,8396,8396,9637,10736,20163,20163,22035,23325,26781,26781,35829,35829,19761,19761,26638,27928,27605,27605,50944,33617,,,,,,,,,,,,,14876,14876,34778,33785,591,617,2346,1660,612,618,1332,1948,1310,1304,3893,3439,1417,1381,3388,3628,1262,1258,4189,3821,1396,1392,5079,5125,,,,,,,,,,,,,744,717,4273,5572,22068.5357142857,9418.5,8493,10344,9291.25,8396,10186.5,18010.7142857143,27797.8125,23577.5,32018.125,,,,24578.75,14876,34281.5,26126.3571428571,2296.85714285714,1303.5,604,2003,1127.5,615,1640,1044.21428571429,2705.125,1340,4070.25,,,,2826.5,730.5,4922.5,3549.5,6819177.53571429,2910316.5,2624337,3196296,2870996.25,2594364,3147628.5,5565310.71428571,8589524.0625,7285447.5,9893600.625,,,,7594833.75,4596684,10592983.5,8073044.35714286,709728.857142857,402781.5,186636,618927,348397.5,190035,506760,322662.214285714,835883.625,414060,1257707.25,,,,873388.5,225724.5,1521052.5,1096795.5
414670.200744861,4467543.55095948,"141","04","02","1410402","Manantiales I, Los",Los Manantiales I,Los Manantiales I Núcleo,"780","3","5",-4.004850871,40.3540906423,11027,11027,10683,12008,10931,10931,10655,11755,22698,22698,26512,24344,29316,29316,36871,36871,22295,22295,28947,28947,30140,30140,36803,34635,,,,,,,,,,,,,17411,17411,32122,34804,924,970,1944,2025,940,978,1680,2313,1649,1681,3366,3804,1744,1736,4504,4504,1591,1621,4186,4186,1718,1748,4931,5490,,,,,,,,,,,,,1068,1077,4715,5937,23342.6071428571,11186.25,11027,11345.5,11068,10931,11205,20545.4285714286,28926.75,26112.25,31741.25,,,,25437,17411,33463,26139.7857142857,2608.21428571429,1465.75,947,1984.5,1477.75,959,1996.5,1388.92857142857,3028.6875,1686,4371.375,,,,3199.25,1072.5,5326,3827.5,18207233.5714286,8725275,8601060,8849490,8633040,8526180,8739900,16025434.2857143,22562865,20367555,24758175,,,,19840860,13580580,26101140,20389032.8571429,2034407.14285714,1143285,738660,1547910,1152645,748020,1557270,1083364.28571429,2362376.25,1315080,3409672.5,,,,2495415,836550,4154280,2985450
394046.640000302,4462873.83005145,"008","07","01","0080701",Caravan Garden,Caravan Garden,Caravan Garden Núcleo,"258","3","5",-4.246891949,40.309665077,26137,26137,24972,25610,26152,26152,24147,24389,38500,38500,39013,39256,44477,44477,44698,46917,41929,41929,43466,43557,48836,49580,49305,49547,,,,,,,,,,,,,21054,21054,7621,7897,1662,1721,3854,3625,1698,1750,3220,3441,2292,2335,3949,4349,2570,2594,5338,5934,2364,2398,4534,4954,2585,2681,5514,5934,,,,,,,,,,,,,1217,1253,1833,1886,34475.3214285714,25714,26137,25291,25210,26152,24268,35351,43999.1875,43528.5,44469.875,,,,14406.5,21054,7759,33599.6428571429,3124.46428571429,2715.5,1691.5,3739.5,2527.25,1724,3330.5,2080,3770.3125,2477.375,5063.25,,,,1547.25,1235,1859.5,4168.92857142857,8894632.92857143,6634212,6743346,6525078,6504180,6747216,6261144,9120558,11351790.375,11230353,11473227.75,,,,3716877,5431932,2001822,8668707.85714286,806111.785714286,700599,436407,964791,652030.5,444792,859269,536640,972740.625,639162.75,1306318.5,,,,399190.5,318630,479751,1075583.57142857
394700.533731987,4463377.41773842,"008","07","02","0080702",Carreta Quebrada,Carreta Quebrada,Carreta Quebrada Núcleo,"165","3","5",-4.239281359,40.31428367,24253,24253,23206,23705,24268,24268,22241,22484,36616,36616,37108,37351,42592,42592,42792,45012,40045,40045,41561,41652,46952,47696,47399,47642,,,,,,,,,,,,,19170,19170,5715,5992,1540,1590,3607,3048,1574,1616,2653,2864,2177,2200,3382,3772,2427,2475,4771,5347,2255,2260,3967,4377,2459,2556,4887,5357,,,,,,,,,,,,,1096,1129,1266,1309,32585.5714285714,23854.25,24253,23455.5,23315.25,24268,22362.5,33466.8571428571,42104.4375,41644.25,42564.625,,,,12511.75,19170,5853.5,31704.2857142857,2784.32142857143,2446.25,1565,3327.5,2176.75,1595,2758.5,1953.85714285714,3416.8125,2351.125,4482.5,,,,1200,1112.5,1287.5,3614.78571428571,5376619.28571429,3935951.25,4001745,3870157.5,3847016.25,4004220,3689812.5,5522031.42857143,6947232.1875,6871301.25,7023163.125,,,,2064438.75,3163050,965827.5,5231207.14285714,459413.035714286,403631.25,258225,549037.5,359163.75,263175,455152.5,322386.428571429,563774.0625,387935.625,739612.5,,,,198000,183562.5,212437.5,596439.642857143
396488.29999952,4462110.09916127,"008","03","04","0080304",Manga de la Pedrera,Manga de la Pedrera,Manga de la Pedrera Núcleo,"19","3","5",-4.21804037,40.30309204,22882,22882,21697,22336,22897,22897,20872,21115,35245,35245,35739,35982,41222,41222,41423,43643,38674,38674,40192,40283,51190,51190,46030,46273,,,,,,,,,,,,,17800,17800,4346,4623,1457,1485,4028,3775,1487,1509,3394,3591,2082,2079,4123,4499,2311,2297,5512,6050,2156,2164,4708,5104,2403,2442,5688,6084,,,,,,,,,,,,,1021,1048,2007,2036,31584.7857142857,22449.25,22882,22016.5,21945.25,22897,20993.5,32844.2857142857,41389.1875,41582.75,41195.625,,,,11142.25,17800,4484.5,30325.2857142857,3090.71428571429,2686.25,1471,3901.5,2495.25,1498,3492.5,1852.92857142857,3731.375,2241.75,5221,,,,1528,1034.5,2021.5,4328.5,600110.928571429,426535.75,434758,418313.5,416959.75,435043,398876.5,624041.428571429,786394.5625,790072.25,782716.875,,,,211702.75,338200,85205.5,576180.428571429,58723.5714285714,51038.75,27949,74128.5,47409.75,28462,66357.5,35205.6428571429,70896.125,42593.25,99199,,,,29032,19655.5,38408.5,82241.5
396919.799949732,4462536.09997604,"008","03","01","0080301",Carbajo - Palomeque - Carretera de Ocaña,Carbajo - Palomeque - Carretera de Ocaña,Carbajo - Palomeque - Carretera de Ocaña Núcleo,"30","3","5",-4.21303256,40.3069825,22155,22155,21110,21609,22170,22170,20145,20388,34518,34518,35012,35255,40495,40495,40696,42916,37947,37947,39465,39556,51447,51447,45303,45546,,,,,,,,,,,,,17072,17072,3619,3896,1384,1423,3750,3177,1416,1447,2796,2993,2030,2027,3525,3901,2246,2241,4914,5452,2100,2103,4110,4506,2385,2436,5030,5486,,,,,,,,,,,,,962,981,1409,1438,30933,21757.25,22155,21359.5,21218.25,22170,20266.5,32257.7142857143,40785.1875,41101.75,40468.625,,,,10414.75,17072,3757.5,29608.2857142857,2773.85714285714,2433.5,1403.5,3463.5,2163,1431.5,2894.5,1798.64285714286,3405.75,2196,4615.5,,,,1197.5,971.5,1423.5,3749.07142857143,927990,652717.5,664650,640785,636547.5,665100,607995,967731.428571429,1223555.625,1233052.5,1214058.75,,,,312442.5,512160,112725,888248.571428571,83215.7142857143,73005,42105,103905,64890,42945,86835,53959.2857142857,102172.5,65880,138465,,,,35925,29145,42705,112472.142857143
398019.598249408,4463223.54984501,"008","01","02","0080102","Monteros, Los",Los Monteros,Los Monteros Núcleo,"238","3","5",-4.200202622,40.31330956,21167,21167,18841,18701,21182,21182,17876,17876,33530,33530,32742,32742,39507,39507,38427,38427,36959,36959,37195,37195,43866,44611,43034,43034,,,,,,,,,,,,,16084,16084,1298,1298,1359,1405,3369,3236,1400,1441,2415,2602,2007,2030,3144,3527,2278,2293,4533,4915,2077,2095,3729,4134,2283,2377,4649,5114,,,,,,,,,,,,,934,949,1012,1012,28715.0357142857,19969,21167,18771,19529,21182,17876,30381.0714285714,38204.0625,38558.625,37849.5,,,,8691,16084,1298,27049,2582.82142857143,2342.25,1382,3302.5,1964.5,1420.5,2508.5,1780.57142857143,3199.0625,2180,4218.125,,,,976.75,941.5,1012,3385.07142857143,6834178.5,4752622,5037746,4467498,4647902,5041316,4254488,7230695,9092566.875,9176952.75,9008181,,,,2068458,3827992,308924,6437662,614711.5,557455.5,328916,785995,467551,338079,597023,423776,761376.875,518840,1003913.75,,,,232466.5,224077,240856,805647
398090.724795039,4464156.55971087,"008","01","01","0080101",Aldea del Fresno,Aldea del Fresno,Aldea del Fresno Núcleo,"2587","3","5",-4.1995144414,40.3217221673,19552,19552,18920,19316,19567,19567,18095,18095,31915,31915,32962,32962,37891,37891,38646,39734,35344,35344,37582,37263,42251,42995,43253,43253,,,,,,,,,,,,,14469,14469,1603,1603,1204,1238,2603,2087,1239,1269,1969,1909,1857,1854,2904,2817,2109,2124,4008,3645,1919,1921,3416,3422,2110,2206,4432,4402,,,,,,,,,,,,,771,772,357,354,28071.75,19335,19552,19118,18831,19567,18095,28765.8571428571,37575.0625,36943.25,38206.875,,,,8036,14469,1603,27377.6428571429,2175.64285714286,1783,1221,2345,1596.5,1254,1939,1613.78571428571,2821.625,2012.5,3630.75,,,,563.5,771.5,355.5,2737.5,72621617.25,50019645,50581024,49458266,48715797,50619829,46811765,74417272.4285714,97206686.6875,95572187.75,98841185.625,,,,20789132,37431303,4146961,70825962.0714286,5628388.07142857,4612621,3158727,6066515,4130145.5,3244098,5016193,4174863.64285714,7299543.875,5206337.5,9392750.25,,,,1457774.5,1995870.5,919678.5,7081912.5
396068.799666188,4462198.29917929,"008","03","03","0080303","Fresno - Los Rodríguez-Vivero Comunidad, El",El Fresno - Los Rodríguez-Vivero Comunidad,El Fresno - Los Rodríguez-Vivero Comunidad Núcleo,"32","3","5",-4.22298997,40.30383441,23308,23308,22771,22781,23323,23323,21550,21560,35671,35671,36417,36427,41648,41648,42101,42111,39100,39100,40718,40728,52387,46752,46708,46718,,,,,,,,,,,,,18225,18225,9306,5068,1566,1622,3719,3472,1606,1654,2911,3299,2199,2247,3821,4207,2463,2508,5221,5574,2279,2304,4278,4812,2582,2584,5406,5792,,,,,,,,,,,,,1135,1160,4112,1744,32023.3214285714,23042,23308,22776,22439,23323,21555,32977.7857142857,41494.0625,41497.125,41491,,,,12706,18225,7187,31068.8571428571,3081.32142857143,2594.75,1594,3595.5,2367.5,1630,3105,1993.5,3642.3125,2395.75,4888.875,,,,2037.75,1147.5,2928,4169.14285714286,1024746.28571429,737344,745856,728832,718048,746336,689760,1055289.14285714,1327810,1327908,1327712,,,,406592,583200,229984,994203.428571429,98602.2857142857,83032,51008,115056,75760,52160,99360,63792,116554,76664,156444,,,,65208,36720,93696,133412.571428571
400331.656932421,4476526.88562254,"042","02","01","0420201",Valle del Sol,Valle del Sol,Valle del Sol Núcleo,"307","7","5",-4.1750774544,40.4334160968,27800,27800,31382,31382,40380,40380,46401,88587,42653,42653,67523,75107,49271,49271,69630,69612,42250,42250,62995,76476,50095,50095,80985,80967,,,,,,,,,,,,,30423,30423,106131,108457,1887,1954,5059,3859,2016,2087,6095,9847,2240,2318,7475,8579,2287,2333,7248,7548,2166,2236,8264,8992,2310,2374,8953,9013,,,,,,,,,,,,,1727,1765,9850,10785,55763.5357142857,29591,27800,31382,53937,40380,67494,40410.2857142857,59489.5625,46067.25,72911.875,,,,68858.5,30423,107294,71116.7857142857,5045.25,3189.75,1920.5,4459,5011.25,2051.5,7971,2121.42857142857,5271,2283,8259,,,,6031.75,1746,10317.5,7969.07142857143,17119405.4642857,9084437,8534600,9634274,16558659,12396660,20720658,12405957.7142857,18263295.6875,14142645.75,22383945.625,,,,21139559.5,9339861,32939258,21832853.2142857,1548891.75,979253.25,589593.5,1368913,1538453.75,629810.5,2447097,651278.571428571,1618197,700881,2535513,,,,1851747.25,536022,3167472.5,2446504.92857143
398358.953217018,4475110.51694499,"042","01","01","0420101",Colmenar del Arroyo,Colmenar del Arroyo,Colmenar del Arroyo Núcleo,"1644","7","5",-4.1981041845,40.4204199165,29561,29561,33674,33674,37595,37595,48693,90879,39867,39867,69815,77399,46486,46486,71922,71904,39465,39465,65287,78768,47309,47309,83277,83259,,,,,,,,,,,,,27637,27637,108423,110749,1950,2031,5050,3850,1783,1839,6086,9838,1970,2039,7466,8570,2060,2102,7239,7539,1923,1981,8255,8983,2052,2107,8944,9004,,,,,,,,,,,,,1498,1510,9841,10776,55841.5357142857,31617.5,29561,33674,53690.5,37595,69786,38274.2857142857,59242.8125,43281.75,75203.875,,,,68611.5,27637,109586,73408.7857142857,4938.78571428571,3220.25,1990.5,4450,4886.5,1811,7962,1917.5,5139.625,2029.25,8250,,,,5906.25,1504,10308.5,7960.07142857143,91803484.7142857,51979170,48598284,55360056,88267182,61806180,114728184,62922925.7142857,97395183.75,71155197,123635170.5,,,,112797306,45435228,180159384,120684043.714286,8119363.71428571,5294091,3272382,7315800,8033406,2977284,13089528,3152370,8449543.5,3336087,13563000,,,,9709875,2472576,16947174,13086357.4285714
415679.961531844,4453854.30558058,"004","01","01","0040101","Álamo, El",El Álamo,El Álamo Núcleo,"10333","3","5",-3.9911581963,40.2308807094,8050,8050,7979,7979,8495,8495,8323,8323,18862,18862,19775,19775,24838,24838,27329,25459,22291,22291,24378,24378,25635,25635,30066,30066,,,,,,,,,,,,,22996,22996,25385,25385,780,783,1466,1466,944,925,1649,1649,1268,1224,2888,2888,1508,1493,4393,4421,1318,1307,3229,3229,1279,1297,4499,4559,,,,,,,,,,,,,1398,1321,4381,4381,19533.3571428571,8014.5,8050,7979,8409,8495,8323,18738.1428571429,24029.875,22906.5,25153.25,,,,24190.5,22996,25385,20328.5714285714,2212.25,1123.75,781.5,1466,1291.75,934.5,1649,1203.21428571429,2550,1336.75,3763.25,,,,2870.25,1359.5,4381,3221.28571428571,201838179.357143,82813828.5,83180650,82447007,86890197,87778835,86001559,193621230.142857,248300698.375,236692864.5,259908532.25,,,,249960436.5,237617668,262303205,210055128.571429,22859179.25,11611708.75,8075239.5,15148178,13347652.75,9656188.5,17039117,12432813.2142857,26349150,13812637.75,38885662.25,,,,29658293.25,14047713.5,45268873,33285545.2857143
419891.578457535,4462282.23774386,"092","04","01","0920401",Parque Guadarrama,Parque Guadarrama,Parque Guadarrama Núcleo,"1495","6","5",-3.942711897,40.3072142297,7962,7962,9783,9783,10930,10930,12172,12172,7862,7862,7871,7871,13839,13839,14679,15532,11291,11291,12496,12496,18943,18943,14939,14939,,,,,,,,,,,,,10182,10182,12969,14605,988,1051,2328,2470,1053,1052,2525,2475,970,930,2197,2305,1235,1201,3883,3271,1051,1025,3291,3218,1351,1317,3693,3861,,,,,,,,,,,,,1139,1128,3543,4370,11940.1785714286,8872.5,7962,9783,11551,10930,12172,11572.7142857143,12793.3125,12983.75,12602.875,,,,11984.5,10182,13787,12307.6428571429,2104.32142857143,1709.25,1019.5,2399,1776.25,1052.5,2500,1106.5,2174.9375,1135,3214.875,,,,2545,1133.5,3956.5,3102.14285714286,17850566.9642857,13264387.5,11903190,14625585,17268745,16340350,18197140,17301207.8571429,19126002.1875,19410706.25,18841298.125,,,,17916827.5,15222090,20611565,18399926.0714286,3145960.53571429,2555328.75,1524152.5,3586505,2655493.75,1573487.5,3737500,1654217.5,3251531.5625,1696825,4806238.125,,,,3804775,1694582.5,5914967.5,4637703.57142857
421208.758023627,4462355.00064619,"092","02","01","0920201",Parque Coímbra,Parque Coímbra,Parque Coímbra Núcleo,"10812","6","5",-3.927222296,40.3079949497,7925,7925,7895,7895,8812,8812,10680,10556,5500,5500,5983,5983,11477,11477,13347,22058,8929,8929,10043,10304,16581,16581,13051,13051,,,,,,,,,,,,,9634,9634,10337,11311,671,641,1883,1883,990,951,3094,2610,599,557,1718,1718,860,866,2314,3124,678,667,2136,2233,982,961,3214,3274,,,,,,,,,,,,,768,668,3076,2875,10364.6428571429,7910,7925,7895,9715,8812,10618,9836.85714285714,11174.625,10621.75,11727.5,,,,10229,9634,10824,10892.4285714286,1643.25,1269.5,656,1883,1911.25,970.5,2852,775.642857142857,1618.8125,771.25,2466.375,,,,1846.75,718,2975.5,2510.85714285714,112062518.571429,85522920,85685100,85360740,105038580,95275344,114801816,106356099.428571,120820045.5,114842361,126797730,,,,110595948,104162808,117029088,117768937.714286,17766819,13725834,7092672,20358996,20664435,10493046,30835824,8386250.57142857,17502600.75,8338755,26666446.5,,,,19967061,7763016,32171106,27147387.4285714
426601.289308447,4463980.35992532,"092","01","01","0920101",Móstoles,Móstoles,Móstoles Núcleo,"200051","6","5",-3.8639561958,40.3231278322,1284,1284,112,112,1787,1787,1182,1182,2077,2077,1720,1720,5234,5234,7105,7105,5139,5139,3902,3902,8441,8441,8163,8163,,,,,,,,,,,,,1113,1113,667,667,292,325,96,96,381,404,977,977,407,457,1163,1223,807,791,1637,1697,686,702,950,957,763,792,1599,1659,,,,,,,,,,,,,292,334,565,565,3423.28571428571,698,1284,112,1484.5,1787,1182,3582.14285714286,5222.625,5222.75,5222.5,,,,890,1113,667,3264.42857142857,771.214285714286,202.25,308.5,96,684.75,392.5,977,530.928571428571,1018.125,675.625,1360.625,,,,439,313,565,1011.5,684831730.428571,139635598,256865484,22405712,296975709.5,357491137,236460282,716611260.714286,1044791353.875,1044816360.25,1044766347.5,,,,178045390,222656763,133434017,653052200.142857,154282189.071429,40460314.75,61715733.5,19204896,136984922.25,78520017.5,195449827,106212791.642857,203676924.375,135159456.875,272194391.875,,,,87822389,62615963,113028815,202351586.5
425584.294447496,4466023.79564169,"092","07","01","0920701","Nieves-El Lucero, Las",Las Nieves-El Lucero,Las Nieves-El Lucero Núcleo,"622","6","5",-3.876163696,40.3414455507,4074,4074,5195,7871,5653,5653,5306,5306,4668,4668,4543,7068,5339,5339,6270,6270,2479,2479,2152,2152,12415,12415,11373,11373,,,,,,,,,,,,,6869,6869,4975,4975,517,532,1960,1896,814,860,1408,1435,670,684,1795,1786,639,708,2399,2459,408,431,1273,1271,814,826,2726,2786,,,,,,,,,,,,,713,750,1657,1678,5993.67857142857,5303.5,4074,6533,5479.5,5653,5306,5928.14285714286,6312.6875,6225.25,6400.125,,,,5922,6869,4975,6059.21428571429,1281.96428571429,1226.25,524.5,1928,1129.25,837,1421.5,669,1354.6875,647.5,2061.875,,,,1199.5,731.5,1667.5,1894.92857142857,3728068.07142857,3298777,2534028,4063526,3408249,3516166,3300332,3687304.85714286,3926491.625,3872105.5,3980877.75,,,,3683484,4272518,3094450,3768831.28571429,797381.785714286,762727.5,326239,1199216,702393.5,520614,884173,416118,842615.625,402745,1282486.25,,,,746089,454993,1037185,1178645.57142857
423735.629211917,4466139.82854093,"092","03","01","0920301",Pinares Llanos,Pinares Llanos,Pinares Llanos Núcleo,"208","6","5",-3.8979410685,40.3423238821,4347,4347,3633,3633,5927,5927,6774,6774,4941,4941,4767,4767,8046,8046,12428,8567,5499,5824,5635,4651,13668,13668,13684,13684,,,,,,,,,,,,,1766,1766,1445,1445,512,525,953,953,803,844,1840,1840,659,669,1209,1209,781,797,2420,2059,587,643,1679,1041,826,780,2706,2766,,,,,,,,,,,,,234,187,693,700,6450,3990,4347,3633,6350.5,5927,6774,6336.64285714286,8301,8079.125,8522.875,,,,1605.5,1766,1445,6563.35714285714,1104.10714285714,735.75,518.5,953,1331.75,823.5,1840,631.928571428571,1301.9375,717.75,1886.125,,,,453.5,210.5,696.5,1576.28571428571,1341600,829920,904176,755664,1320904,1232816,1408992,1318021.71428571,1726608,1680458,1772758,,,,333944,367328,300560,1365178.28571429,229654.285714286,153036,107848,198224,277004,171288,382720,131441.142857143,270803,149292,392314,,,,94328,43784,144872,327867.428571429
405817.628977859,4461715.58006493,"174","01","01","1740101",Villamanta,Villamanta,Villamanta Núcleo,"2593","3","5",-4.108222852,40.30064199,11389,11389,10445,10841,11404,11404,9620,9620,23752,23752,24487,24487,29729,29729,30171,31259,27181,27181,29107,28788,34088,34088,34778,34778,,,,,,,,,,,,,7797,7797,8169,8169,782,797,2142,1666,819,825,1508,1488,1450,1418,2443,2396,1695,1680,3547,3224,1511,1499,2955,3001,1716,1723,3971,3981,,,,,,,,,,,,,519,508,1053,818,20907.1071428571,11016,11389,10643,10512,11404,9620,20762.8571428571,29209.6875,28687.5,29731.875,,,,7983,7797,8169,21051.3571428571,1826.25,1346.75,789.5,1904,1160,822,1498,1210.14285714286,2388.125,1586.5,3189.75,,,,724.5,513.5,935.5,2442.35714285714,54212128.8214286,28564488,29531677,27597299,27257616,29570572,24944660,53838088.5714286,75740719.6875,74386687.5,77094751.875,,,,20699919,20217621,21182217,54586169.0714286,4735466.25,3492122.75,2047173.5,4937072,3007880,2131446,3884314,3137900.42857143,6192408.125,4113794.5,8271021.75,,,,1878628.5,1331505.5,2425751.5,6333032.07142857
406807.375730093,4461597.16491594,"174","02","01","1740201",Jirfa,Jirfa,Jirfa Núcleo,"37","3","5",-4.0965615074,40.2996863067,10331,10331,9486,9486,10346,10346,8265,8265,22694,22694,23132,23132,28670,28670,29904,29904,26123,26123,27752,27433,33030,33030,33423,33423,,,,,,,,,,,,,8842,8842,10283,10284,681,686,2132,1455,718,715,1194,1277,1346,1302,1923,2185,1558,1542,2773,3013,1396,1372,2420,2790,1612,1602,3428,3770,,,,,,,,,,,,,574,568,1521,1232,20151.5714285714,9908.5,10331,9486,9305.5,10346,8265,20005.1428571429,28071.0625,27629.25,28512.875,,,,9562.75,8842,10283.5,20298,1670.89285714286,1238.5,683.5,1793.5,976,716.5,1235.5,1119.42857142857,2127,1466.25,2787.75,,,,973.75,571,1376.5,2222.35714285714,745608.142857143,366614.5,382247,350982,344303.5,382802,305805,740190.285714286,1038629.3125,1022282.25,1054976.375,,,,353821.75,327154,380489.5,751026,61823.0357142857,45824.5,25289.5,66359.5,36112,26510.5,45713.5,41418.8571428571,78699,54251.25,103146.75,,,,36028.75,21127,50930.5,82227.2142857143
403421.180196258,4461824.55123991,"174","03","01","1740301","Malpuesta, La",La Malpuesta,La Malpuesta Núcleo,"69","3","5",-4.1364325887,40.3013500305,13576,13576,12789,12736,13591,13591,11568,11515,25939,25939,26435,26382,31916,31916,33207,33154,29368,29368,31055,30683,36275,36275,36726,36673,,,,,,,,,,,,,5252,5252,5573,5573,877,899,2195,1559,919,927,1257,1381,1554,1527,1986,2289,1785,1787,2836,3117,1606,1598,2483,2894,1804,1830,3491,3874,,,,,,,,,,,,,288,284,623,459,22353.6785714286,13169.25,13576,12762.5,12566.25,13591,11541.5,22273.8571428571,31331.9375,30874.5,31789.375,,,,5412.5,5252,5573,22433.5,1718.89285714286,1382.5,888,1877,1121,923,1319,1263.21428571429,2278.8125,1686.375,2871.25,,,,413.5,286,541,2174.57142857143,1542403.82142857,908678.25,936744,880612.5,867071.25,937779,796363.5,1536896.14285714,2161903.6875,2130340.5,2193466.875,,,,373462.5,362388,384537,1547911.5,118603.607142857,95392.5,61272,129513,77349,63687,91011,87161.7857142857,157238.0625,116359.875,198116.25,,,,28531.5,19734,37329,150045.428571429
407516.343465716,4461705.86172263,"174","04","01","1740401","Olivos, Los",Los Olivos,Los Olivos Núcleo,"55","3","5",-4.0882365005,40.3007441762,9757,9757,8518,8914,9772,9772,7693,7693,22120,22120,22560,22560,28097,28097,28244,29332,25549,25549,27180,26861,32456,32456,32851,32851,,,,,,,,,,,,,9399,9399,9709,9710,674,678,2068,1595,709,710,1434,1417,1331,1304,2369,2325,1564,1541,3473,3153,1396,1381,2881,2930,1598,1601,3897,3910,,,,,,,,,,,,,621,619,1045,756,19606.2857142857,9236.5,9757,8716,8732.5,9772,7693,19592.8571428571,27430.1875,27055.5,27804.875,,,,9554.25,9399,9709.5,19619.7142857143,1749.28571428571,1253.75,676,1831.5,1067.5,709.5,1425.5,1123.35714285714,2290.875,1464.5,3117.25,,,,760.25,620,900.5,2375.21428571429,1078345.71428571,508007.5,536635,479380,480287.5,537460,423115,1077607.14285714,1508660.3125,1488052.5,1529268.125,,,,525483.75,516945,534022.5,1079084.28571429,96210.7142857143,68956.25,37180,100732.5,58712.5,39022.5,78402.5,61784.6428571429,125998.125,80547.5,171448.75,,,,41813.75,34100,49527.5,130636.785714286
410686.283914019,4456641.42311987,"096","01","01","0960101",Calypo II,Calypo II,Calypo II Núcleo,"272","3","5",-4.0502363362,40.2554692832,9288,9288,11447,11447,9303,9303,10630,10630,19836,19836,54959,54959,25813,25813,62604,62604,23265,23265,59577,59577,27817,27817,66141,66141,,,,,,,,,,,,,23809,23809,28597,28597,741,774,2323,2323,785,799,2087,2087,1163,1090,3478,3478,1396,1366,4148,4148,1217,1171,4095,4395,1239,1254,5244,5244,,,,,,,,,,,,,1290,1307,4988,4267,30934.7142857143,10367.5,9288,11447,9966.5,9303,10630,19875.8571428571,42501.5,24182.75,60820.25,,,,26203,23809,28597,41993.5714285714,2424.89285714286,1540.25,757.5,2323,1439.5,792,2087,1113.71428571429,2757.875,1237,4278.75,,,,2963,1298.5,4627.5,3736.07142857143,8414242.28571429,2819960,2526336,3113584,2710888,2530416,2891360,5406233.14285714,11560408,6577708,16543108,,,,7127216,6476048,7778384,11422251.4285714,659570.857142857,418948,206040,631856,391544,215424,567664,302930.285714286,750142,336464,1163820,,,,805936,353192,1258680,1016211.42857143
414575.411365921,4460507.26443015,"096","03","01","0960301",Navalcarnero,Navalcarnero,Navalcarnero Núcleo,"31902","3","5",-4.005026488,40.2906987087,464,464,127,127,1184,1184,1392,1392,11907,11907,13983,13983,17884,17884,51686,51686,15336,15336,18713,18713,22987,22987,24286,24274,,,,,,,,,,,,,16041,16041,19593,21149,76,92,109,109,231,238,419,419,859,805,2120,2120,1112,1084,2279,2279,929,890,2532,2532,1216,1170,3380,3803,,,,,,,,,,,,,1005,898,3684,3512,15453.9285714286,295.5,464,127,1288,1184,1392,12257.5714285714,22097,17028.5,27165.5,,,,18206,16041,20371,18650.2857142857,1425.07142857143,96.5,84,109,326.75,234.5,419,757.5,1819.375,1008.125,2630.625,,,,2274.75,951.5,3598,2092.64285714286,493011229.285714,9427041,14802528,4051554,41089776,37771968,44407584,391041043.714286,704938494,543243207,866633781,,,,580807812,511739982,649875642,594981414.857143,45462628.7142857,3078543,2679768,3477318,10423978.5,7481019,13366938,24165765,58041701.25,32161203.75,83922198.75,,,,72569074.5,30354753,114783396,66759492.4285714
427101.456469398,4457281.66345126,"089","02","01","0890201",Moraleja de Enmedio,Moraleja de Enmedio,Moraleja de Enmedio Núcleo,"5175","3","5",-3.8573065449,40.2628275548,17635,17635,23783,23821,6470,6470,6930,6930,7494,7494,16453,16453,13493,13493,23706,23706,15016,15016,21627,21071,7975,7975,9893,7001,,,,,,,,,,,,,8292,8292,10661,10368,1184,1225,4183,3215,756,783,1178,1178,792,834,2361,2361,1088,996,3620,3680,1110,1063,3212,3120,587,573,1799,2377,,,,,,,,,,,,,593,586,2571,2545,13398.3214285714,20718.5,17635,23802,6700,6470,6930,10910.7142857143,14241.625,10994.5,17488.75,,,,9403.25,8292,10514.5,15885.9285714286,1770.35714285714,2451.75,1204.5,3699,973.75,769.5,1178,869.285714285714,1848.3125,880.375,2816.25,,,,1573.75,589.5,2558,2671.42857142857,69336313.3928571,107218237.5,91261125,123175350,34672500,33482250,35862750,56462946.4285714,73700409.375,56896537.5,90504281.25,,,,48661818.75,42911100,54412537.5,82209680.3571429,9161598.21428571,12687806.25,6233287.5,19142325,5039156.25,3982162.5,6096150,4498553.57142857,9565017.1875,4555940.625,14574093.75,,,,8144156.25,3050662.5,13237650,13824642.8571429
425244.992782505,4457959.0282036,"089","01","01","0890101","Colinas, Las",Las Colinas,Las Colinas Núcleo,"313","3","5",-3.879215661,40.2687656807,18253,18253,23047,23040,9933,9933,17619,17619,8960,8960,17193,18492,15771,15771,25967,25967,17293,17293,22367,22062,10252,10252,11648,11648,,,,,,,,,,,,,10569,10569,12922,12922,1197,1238,4271,4713,1086,1097,3946,3826,902,954,3482,3160,1260,1197,3772,3832,1283,1260,4333,3907,760,767,2234,1934,,,,,,,,,,,,,769,779,2788,2668,15877.6785714286,20648.25,18253,23043.5,13776,9933,17619,13004.4285714286,16243.5,13069,19418,,,,11745.5,10569,12922,18750.9285714286,2264.82142857143,2854.75,1217.5,4492,2488.75,1091.5,3886,1039.21428571429,2189.8125,1047.875,3331.75,,,,1751,774,2728,3490.42857142857,4969713.39285714,6462902.25,5713189,7212615.5,4311888,3109029,5514747,4070386.14285714,5084215.5,4090597,6077834,,,,3676341.5,3308097,4044586,5869040.64285714,708889.107142857,893536.75,381077.5,1405996,778978.75,341639.5,1216318,325274.071428571,685411.3125,327984.875,1042837.75,,,,548063,242262,853864,1092504.14285714
447455.829570736,4445599.78898597,"040","01","01","0400101",Ciempozuelos,Ciempozuelos,Ciempozuelos Núcleo,"26037","20","6",-3.61699422,40.1591119408,8139,8139,7722,10674,12498,12498,11580,25356,29768,29768,29248,29248,27270,27270,26986,25960,,,,,,,,,,,,,,,,,,,,,6705,6705,9363,11451,853,826,1090,2082,1176,1113,1514,2782,1858,1708,3014,3074,1741,1625,3274,3291,,,,,,,,,,,,,,,,,,,,,857,827,1897,2137,17817.4,8668.5,8139,9198,15483,12498,18468,16876,28189.75,28519,27860.5,,,,8556,6705,10407,18758.8,1836.95,1212.75,839.5,1586,1646.25,1144.5,2148,1258.4,2448.125,1733,3163.25,,,,1429.5,842,2017,2415.5,463911643.8,225701734.5,211915143,239488326,403130871,325410426,480851316,439400412,733976520.75,742549203,725403838.5,,,,222772572,174578085,270967059,488422875.6,47828667.15,31576371.75,21858061.5,41294682,42863411.25,29799346.5,55927476,32764960.8,63741830.625,45122121,82361540.25,,,,37219891.5,21923154,52516629,62892373.5
429582.069472462,4446948.1694955,"036","01","01","0360101",Casarrubuelos,Casarrubuelos,Casarrubuelos Núcleo,"4211","3","6",-3.82700426,40.1699504728,33620,33620,30382,66076,10384,10384,10908,10908,22707,22707,23693,25466,20079,20079,20171,22605,,,,,,,,,,,,,,,,,,,,,13737,13737,14368,14368,1854,1847,4864,6376,754,693,2054,1452,1355,1191,3417,3758,1186,1057,3147,2923,,,,,,,,,,,,,,,,,,,,,811,715,2767,1962,21999.95,40924.5,33620,48229,10646,10384,10908,20105.4,22188.375,21393,22983.75,,,,14052.5,13737,14368,23894.5,2209.15,3735.25,1850.5,5620,1238.25,723.5,1753,1146.3,2254.25,1197.25,3311.25,,,,1563.75,763,2364.5,3272,92641789.45,172333069.5,141573820,203092319,44830306,43727024,45933588,84663839.4,93435247.125,90085923,96784571.25,,,,59175077.5,57846507,60503648,100619739.5,9302730.65,15729137.75,7792455.5,23665820,5214270.75,3046658.5,7381883,4827069.3,9492646.75,5041619.75,13943673.75,,,,6584951.25,3212993,9956909.5,13778392
439330.646506401,4455393.24271863,"113","01","02","1130102",Pinto,Pinto,Pinto Núcleo,"55918","16","6",-3.7133209251,40.2467914092,6512,6512,6999,6999,7127,7127,7674,7674,16981,16981,23674,12919,10252,10252,19900,10065,,,,,,,,,,,,,,,,,,,,,5186,5186,6670,6670,639,655,1691,2251,731,741,1714,2274,988,959,3453,3486,846,738,3475,2900,,,,,,,,,,,,,,,,,,,,,409,406,1616,1616,10068,6755.5,6512,6999,7400.5,7127,7674,9211.6,15128,13616.5,16639.5,,,,5928,5186,6670,10924.4,1579.4,1309,647,1971,1365,736,1994,711.2,2105.625,882.75,3328.5,,,,1011.75,407.5,1616,2447.6,562982424,377754049,364138016,391370082,413821159,398527586,429114732,515094248.8,845927504,761407447,930447561,,,,331481904,289990748,372973060,610870599.2,88316889.2,73196662,36178946,110214378,76328070,41155648,111500492,39768881.6,117742338.75,49361614.5,186123063,,,,56575036.5,22786585,90363488,136864896.8
451651.875985009,4443402.12726412,"052","09","01","0520901",Valbosque,Valbosque,Valbosque Núcleo,"24","20","6",-3.546133971,40.1738907118,19817,19817,39782,40047,24177,24177,34725,34725,41447,41447,40629,40629,38949,38949,38745,37989,,,,,,,,,,,,,,,,,,,,,18384,18384,22462,22462,1614,1664,8025,8997,1926,1957,11780,10580,2582,2525,8435,8435,2468,2454,8772,8744,,,,,,,,,,,,,,,,,,,,,1621,1664,8055,8055,31887.15,29865.75,19817,39914.5,29451,24177,34725,28554.8,39848,40198,39498,,,,20423,18384,22462,35219.5,5517.65,5075,1639,8511,6560.75,1941.5,11180,2047.5,5551.875,2507.25,8596.5,,,,4848.75,1642.5,8055,8987.8,765291.6,716778,475608,957948,706824,580248,833400,685315.2,956352,964752,947952,,,,490152,441216,539088,845268,132423.6,121800,39336,204264,157458,46596,268320,49140,133245,60174,206316,,,,116370,39420,193320,215707.2
459036.944928068,4450005.61691782,"052","06","01","0520601",Valgrande,Valgrande,Valgrande Núcleo,"57","20","6",-3.481289785,40.1994497107,30073,30073,69628,74392,30387,30387,71160,75924,44477,43173,60282,60282,38632,38632,56365,58352,,,,,,,,,,,,,,,,,,,,,16960,16960,22914,30751,1659,1714,6947,6999,1731,1760,7048,7100,2340,2259,5963,6263,2118,2130,6787,6794,,,,,,,,,,,,,,,,,,,,,977,1002,3260,3647,44990.2,51041.5,30073,72010,51964.5,30387,73542,31975.4,50024.375,41228.5,58820.25,,,,21896.25,16960,26832.5,58005,3924.9,4329.75,1686.5,6973,4409.75,1745.5,7074,1769,4331.75,2211.75,6451.75,,,,2221.5,989.5,3453.5,6080.8,2564441.4,2909365.5,1714161,4104570,2961976.5,1732059,4191894,1822597.8,2851389.375,2350024.5,3352754.25,,,,1248086.25,966720,1529452.5,3306285,223719.3,246795.75,96130.5,397461,251355.75,99493.5,403218,100833,246909.75,126069.75,367749.75,,,,126625.5,56401.5,196849.5,346605.6
462037.228073669,4443253.31668314,"052","02","01","0520201",Nuevo Chinchón,Nuevo Chinchón,Nuevo Chinchón Núcleo,"496","20","6",-3.4456413894,40.138757634,26075,26075,82022,86409,26399,26399,45746,45820,47704,47704,73367,73367,45206,45206,69771,71437,,,,,,,,,,,,,,,,,,,,,29427,29427,43990,44064,1615,1698,8605,8305,1549,1574,5057,6108,2571,2572,7173,7533,2447,2467,7997,8064,,,,,,,,,,,,,,,,,,,,,1860,1919,5957,6879,49280.75,55145.25,26075,84215.5,36091,26399,45783,34962.2,59220.25,46455,71985.5,,,,36727,29427,44027,63599.3,4597.5,5055.75,1656.5,8455,3572,1561.5,5582.5,2027.2,5103,2514.25,7691.75,,,,4153.75,1889.5,6418,7167.8,24443252,27352044,12933200,41770888,17901136,13093904,22708368,17341251.2,29373244,23041680,35704808,,,,18216592,14595792,21837392,31545252.8,2280360,2507652,821624,4193680,1771712,774504,2768920,1005491.2,2531088,1247068,3815108,,,,2060260,937192,3183328,3555228.8
464160.927388869,4443350.5752764,"052","01","01","0520101",Chinchón,Chinchón,Chinchón Núcleo,"4460","20","6",-3.4207175424,40.1397271211,27955,27955,64679,88646,25715,25715,42492,42492,49585,49585,75696,75604,47086,47086,72022,73674,,,,,,,,,,,,,,,,,,,,,26474,34432,38328,46072,1754,1876,8049,8102,1570,1590,3792,3792,2705,2737,6910,7330,2613,2637,7794,7861,,,,,,,,,,,,,,,,,,,,,1593,1627,4207,4714,49064.65,52308.75,27955,76662.5,34103.5,25715,42492,36158.8,61292.25,48335.5,74249,,,,36326.5,30453,42200,61970.5,4162.65,4945.25,1815,8075.5,2686,1580,3792,2070.2,5073.375,2673,7473.75,,,,3035.25,1610,4460.5,6255.1,218828339,233297025,124679300,341914750,152101610,114688900,189514320,161268248,273363435,215576330,331150540,,,,162016190,135820380,188212000,276388430,18565419,22055815,8094900,36016730,11979560,7046800,16912320,9233092,22627252.5,11921580,33332925,,,,13537215,7180600,19893830,27897746
451602.987248387,4440577.52945373,"052","03","01","0520301","Cohonares, Los",Los Cohonares,Los Cohonares Núcleo,"101","20","6",-3.567922227,40.1141149148,18684,18684,19926,19926,25938,25938,32287,29492,40313,40313,38191,38191,37815,37815,47887,47887,,,,,,,,,,,,,,,,,,,,,28966,28966,27729,27875,1520,1582,4315,4315,1487,1511,4558,8548,2469,2441,6013,6013,2360,2367,6747,7047,,,,,,,,,,,,,,,,,,,,,1792,1864,4558,5134,31641.15,19305,18684,19926,28413.75,25938,30889.5,30343.2,41051.5,39064,43039,,,,28384,28966,27802,32939.1,3832.05,2933,1551,4315,4026,1499,6553,1939.3,4432.125,2409.25,6455,,,,3337,1828,4846,5724.8,3195756.15,1949805,1887084,2012526,2869788.75,2619738,3119839.5,3064663.2,4146201.5,3945464,4346939,,,,2866784,2925566,2808002,3326849.1,387037.05,296233,156651,435815,406626,151399,661853,195869.3,447644.625,243334.25,651955,,,,337037,184628,489446,578204.8
442295.522728843,4449082.11719477,"161","01","01","1610101",Valdemoro,Valdemoro,Valdemoro Núcleo,"83423","20","6",-3.677896837,40.1901451608,2675,2675,2784,4944,2660,2660,5317,5317,25273,23048,23756,28448,22775,20549,27189,25328,,,,,,,,,,,,,,,,,,,,,2759,2759,3305,2776,412,467,795,800,430,462,1236,1236,1435,1378,3434,3062,1332,1323,4096,3966,,,,,,,,,,,,,,,,,,,,,407,458,1138,987,11849.85,3269.5,2675,3864,3988.5,2660,5317,10783.3,24545.75,22911.25,26180.25,,,,2899.75,2759,3040.5,12916.4,1442.7,618.5,439.5,797.5,841,446,1236,810.4,2503.25,1367,3639.5,,,,747.5,432.5,1062.5,2075,988550036.55,272751498.5,223156525,322346472,332732635.5,221905180,443560091,899575235.9,2047680102.25,1911325208.75,2184034995.75,,,,241905844.25,230164057,253647631.5,1077524837.2,120354362.1,51597125.5,36664408.5,66529842.5,70158743,37206658,103110828,67605999.2,208828624.75,114039241,303618008.5,,,,62358692.5,36080447.5,88636937.5,173102725
448623.270071077,4431468.41903142,"013","02","01","0130201",Aranjuez,Aranjuez,Aranjuez Núcleo,"53662","8","6",-3.602163208,40.031872482,697,697,860,860,3661,3661,6273,6273,47178,47178,45057,45057,44679,44679,42795,41769,,,,,,,,,,,,,,,,,,,,,1366,1366,1660,1660,178,241,367,297,458,505,762,762,2165,2190,3673,3733,2067,2130,3933,3950,,,,,,,,,,,,,,,,,,,,,199,217,502,502,19371.3,778.5,697,860,4967,3661,6273,19516.2,44799,45928.5,43669.5,,,,1513,1366,1660,19226.4,1441.55,270.75,209.5,332,621.75,481.5,762,1035,2980.125,2138,3822.25,,,,355,208,502,1848.1,1039502700.6,41775867,37402414,46149320,266539154,196456582,336621726,1047278324.4,2404003938,2464615167,2343392709,,,,81190606,73302292,89078920,1031727076.8,77356456.1,14528986.5,11242189,17815784,33364348.5,25838253,40890444,55540170,159919467.75,114729356,205109579.5,,,,19050010,11161696,26938324,99172742.2
448457.301131546,4433469.16016119,"013","02","02","0130202",Academia Especial de la Guardia Civil,Academia Especial de la Guardia Civil,Academia Especial de la Guardia Civil Núcleo,"87","8","6",-3.6042674541,40.0498875086,2452,2452,12776,12776,1989,1989,2578,2578,41116,41116,56956,56956,38618,38618,52455,53616,,,,,,,,,,,,,,,,,,,,,3596,3596,13597,13597,300,324,1281,1281,202,193,848,848,1995,1885,4943,4703,1895,1813,5219,4903,,,,,,,,,,,,,,,,,,,,,451,485,1812,1812,22671.35,7614,2452,12776,2283.5,1989,2578,17554.2,47431.375,39867,54995.75,,,,8596.5,3596,13597,27788.5,1859.65,796.5,312,1281,522.75,197.5,848,954.3,3419.5,1897,4942,,,,1140,468,1812,2765,1972407.45,662418,213324,1111512,198664.5,173043,224286,1527215.4,4126529.625,3468429,4784630.25,,,,747895.5,312852,1182939,2417599.5,161789.55,69295.5,27144,111447,45479.25,17182.5,73776,83024.1,297496.5,165039,429954,,,,99180,40716,157644,240555
447636.287378056,4434492.91460839,"013","02","03","0130203","Tejeras, Las",Las Tejeras,Las Tejeras Núcleo,"20","8","6",-3.61397496,40.05906012,3283,3283,6890,6890,1399,1399,1033,1033,39507,39507,51070,51070,37008,37008,46569,47730,,,,,,,,,,,,,,,,,,,,,4427,4427,7711,7711,277,304,1474,1474,141,133,859,859,1898,1777,5136,4896,1788,1707,5412,5096,,,,,,,,,,,,,,,,,,,,,433,473,2005,2005,19947.75,5086.5,3283,6890,1216,1399,1033,17124.8,43683.625,38257.5,49109.75,,,,6069,4427,7711,22770.7,1907.35,882.25,290.5,1474,498,137,859,893.1,3463.75,1792.5,5135,,,,1229,453,2005,2921.6,398955,101730,65660,137800,24320,27980,20660,342496,873672.5,765150,982195,,,,121380,88540,154220,455414,38147,17645,5810,29480,9960,2740,17180,17862,69275,35850,102700,,,,24580,9060,40100,58432
451930.129896737,4433926.7741078,"013","04","01","0130401",Real Cortijo de San Isidro,Real Cortijo de San Isidro,Real Cortijo de San Isidro Núcleo,"511","8","6",-3.563589184,40.0542154608,5618,5618,5672,5672,6338,6338,8713,8713,45465,45465,56068,60338,42967,42967,52884,58191,,,,,,,,,,,,,,,,,,,,,6782,6782,6957,7289,687,742,1046,1046,667,660,1146,1146,2418,2355,7631,6537,2299,2285,6588,7473,,,,,,,,,,,,,,,,,,,,,869,921,2046,1907,24241.85,5645,5618,5672,7525.5,6338,8713,21434,50543.125,44216,56870.25,,,,6952.5,6782,7123,27049.7,2523.45,880.25,714.5,1046,904.75,663.5,1146,1390.3,4698.25,2339.25,7057.25,,,,1435.75,895,1976.5,3656.6,12387585.35,2884595,2870798,2898392,3845530.5,3238718,4452343,10952774,25827536.875,22594376,29060697.75,,,,3552727.5,3465602,3639853,13822396.7,1289482.95,449807.75,365109.5,534506,462327.25,339048.5,585606,710443.3,2400805.75,1195356.75,3606254.75,,,,733668.25,457345,1009991.5,1868522.6
448772.294980556,4434736.56334877,"013","09","01","0130901","Montaña, La",La Montaña,La Montaña Núcleo,"7997","8","6",-3.600675019,40.0613250228,4656,4656,8795,8795,2091,2091,3488,3488,39967,39967,52976,52976,37468,37468,50714,49688,,,,,,,,,,,,,,,,,,,,,5800,5800,9617,9617,494,501,823,823,257,257,672,672,2006,1916,4185,4245,1910,1851,4445,4462,,,,,,,,,,,,,,,,,,,,,657,683,1354,1354,21505.9,6725.5,4656,8795,2789.5,2091,3488,17996.4,45153,38717.5,51588.5,,,,7708.5,5800,9617,25015.4,1678.35,660.25,497.5,823,464.5,257,672,1053.2,3127.5,1920.75,4334.25,,,,1012,670,1354,2303.5,171982682.3,53783823.5,37234032,70333615,22307631.5,16721727,27893536,143917210.8,361088541,309623847.5,412553234.5,,,,61644874.5,46382600,76907149,200048153.8,13421764.95,5280019.25,3978507.5,6581531,3714606.5,2055229,5373984,8422440.4,25010617.5,15360237.75,34660997.25,,,,8092964,5357990,10827938,18421089.5
426314.905270732,4418537.66643054,"013","01","01","0130101",Algodor,Algodor,Algodor Núcleo,"21","8","6",-3.8621406518,39.913728027,34015,34015,61104,61104,42400,42400,64351,64351,67923,67923,122484,122484,57529,57529,107761,107761,,,,,,,,,,,,,,,,,,,,,35100,35100,62376,62376,2026,2103,8856,8856,2070,2080,10009,10009,2724,2704,13555,13555,2715,2596,14098,14098,,,,,,,,,,,,,,,,,,,,,1858,1886,10060,10060,65504.3,47559.5,34015,61104,53375.5,42400,64351,47393.4,88924.25,62726,115122.5,,,,48738,35100,62376,83615.2,6795.9,5460.25,2064.5,8856,6042,2075,10009,2276.2,8255.625,2684.75,13826.5,,,,5966,1872,10060,11315.6,1375590.3,998749.5,714315,1283184,1120885.5,890400,1351371,995261.4,1867409.25,1317246,2417572.5,,,,1023498,737100,1309896,1755919.2,142713.9,114665.25,43354.5,185976,126882,43575,210189,47800.2,173368.125,56379.75,290356.5,,,,125286,39312,211260,237627.6
424896.927177501,4449108.90052835,"140","01","02","1400102",Urbanización Los Llanos,Urbanización Los Llanos,Urbanización Los Llanos Núcleo,"75","3","6",-3.8822737672,40.1890092459,22609,22609,44418,44119,18234,18234,27683,24361,22405,22405,25624,25624,25301,25301,29041,29041,,,,,,,,,,,,,,,,,,,,,21586,21586,31143,32771,1679,1545,6844,7433,1311,1122,3720,4474,1477,1239,4148,4148,1682,1428,4919,4919,,,,,,,,,,,,,,,,,,,,,1390,1167,4230,4954,26704.75,33438.75,22609,44268.5,22128,18234,26022,22027,25592.75,23853,27332.5,,,,26771.5,21586,31957,31382.5,3191.45,4375.25,1612,7138.5,2656.75,1216.5,4097,1404,2995,1456.5,4533.5,,,,2935.25,1278.5,4592,4978.9,2002856.25,2507906.25,1695675,3320137.5,1659600,1367550,1951650,1652025,1919456.25,1788975,2049937.5,,,,2007862.5,1618950,2396775,2353687.5,239358.75,328143.75,120900,535387.5,199256.25,91237.5,307275,105300,224625,109237.5,340012.5,,,,220143.75,95887.5,344400,373417.5
424884.602432155,4450844.99696609,"140","01","01","1400101",Serranillos del Valle,Serranillos del Valle,Serranillos del Valle Núcleo,"4543","3","6",-3.8826213026,40.2046476365,18159,18159,38457,38158,15921,15921,21713,21713,20092,20092,19664,19664,22988,22988,23081,23081,,,,,,,,,,,,,,,,,,,,,19273,19273,25173,36049,1221,1259,5759,6348,983,964,2364,2364,1151,1073,3063,3063,1368,1276,3834,3834,,,,,,,,,,,,,,,,,,,,,1076,1017,2874,5205,22980.95,28233.25,18159,38307.5,18817,15921,21713,19286.6,21456.25,21540,21372.5,,,,24942,19273,30611,26675.3,2504.8,3646.75,1240,6053.5,1668.75,973.5,2364,1138.8,2332.75,1217,3448.5,,,,2543,1046.5,4039.5,3870.8,104402455.85,128263654.75,82496337,174030972.5,85485631,72329103,98642159,87619023.8,97475743.75,97856220,97095267.5,,,,113311506,87557239,139065773,121185887.9,11379306.4,16567185.25,5633320,27501050.5,7581131.25,4422610.5,10739652,5173568.4,10597683.25,5528831,15666535.5,,,,11552849,4754249.5,18351448.5,17585044.4
433847.632033147,4448889.71147837,"150","01","01","1500101",Torrejón de Velasco,Torrejón de Velasco,Torrejón de Velasco Núcleo,"4784","20","6",-3.7771125423,40.1877882003,10878,10878,30417,26869,6567,6567,8438,8438,18891,18891,23041,23041,16263,16263,20180,20180,,,,,,,,,,,,,,,,,,,,,9920,9920,11898,11898,754,737,7682,7872,605,565,4799,4799,1231,1065,6617,6642,1064,928,6177,6177,,,,,,,,,,,,,,,,,,,,,678,592,5301,5301,15471.9,19760.5,10878,28643,7502.5,6567,8438,12503.8,19593.75,17577,21610.5,,,,10909,9920,11898,18440,3479.3,4261.25,745.5,7777,2692,585,4799,821.9,3737.625,1072,6403.25,,,,2968,635,5301,6136.7,74017569.6,94534232,52040352,137028112,35891960,31416528,40367392,59818179.2,93736500,84088368,103384632,,,,52188656,47457280,56920032,88216960,16644971.2,20385820,3566472,37205168,12878528,2798640,22958416,3931969.6,17880798,5128448,30633148,,,,14198912,3037840,25359984,29357972.8
434356.050011547,4463933.15985678,"074","02","01","0740201",Leganés,Leganés,Leganés Núcleo,"179739","9","6",-3.772680503,40.323348313,1674,1674,3012,1778,321,321,341,341,849,849,553,553,3920,3920,4109,7659,,,,,,,,,,,,,,,,,,,,,3468,3468,2968,2968,272,281,683,851,57,51,299,299,160,165,449,449,554,568,1497,2584,,,,,,,,,,,,,,,,,,,,,396,412,632,632,2237.3,2034.5,1674,2395,331,321,341,2046.4,2801.5,2384.5,3218.5,,,,3218,3468,2968,2428.2,564.55,521.75,276.5,767,176.5,54,299,291.6,803.25,361.75,1244.75,,,,518,404,632,837.5,402130064.7,365678995.5,300883086,430474905,59493609,57696219,61290999,367817889.6,503538808.5,428587645.5,578489971.5,,,,578400102,623334852,533465352,436442239.8,101471652.45,93778823.25,49697833.5,137859813,31723933.5,9705906,53741961,52411892.4,144375351.75,65020583.25,223730120.25,,,,93104802,72614556,113595048,150531412.5
438114.962220001,4466768.56887279,"074","06","04","0740604",Prado Overa,Prado Overa,Prado Overa Núcleo,"64","9","6",-3.728713413,40.3491782931,5339,5339,5952,7673,6782,6782,7250,8059,9382,9382,7862,8297,5699,5699,7336,7687,,,,,,,,,,,,,,,,,,,,,4146,4146,2922,3306,563,587,2696,2642,776,849,2619,2759,783,786,2752,2501,480,498,2392,2903,,,,,,,,,,,,,,,,,,,,,470,483,2359,1971,6452,6075.75,5339,6812.5,7218.25,6782,7654.5,6269.6,7668,7540.5,7795.5,,,,3630,4146,3114,6634.4,1593.45,1622,575,2669,1750.75,812.5,2689,627.5,1636.875,636.75,2637,,,,1320.75,476.5,2165,2559.4,412928,388848,341696,436000,461968,434048,489888,401254.4,490752,482592,498912,,,,232320,265344,199296,424601.6,101980.8,103808,36800,170816,112048,52000,172096,40160,104760,40752,168768,,,,84528,30496,138560,163801.6
438263.53788579,4467508.2779247,"074","06","02","0740602",Cerro del Castañar,Cerro del Castañar,Cerro del Castañar Núcleo,"53","9","6",-3.72703559,40.35585299,5614,5614,10254,10006,7057,8743,8819,12507,9657,9657,9058,11007,5975,5975,6197,6197,,,,,,,,,,,,,,,,,,,,,4421,4421,4479,8858,608,630,3123,2965,833,855,2863,3400,829,831,2646,3089,530,534,1938,1938,,,,,,,,,,,,,,,,,,,,,525,527,2469,3472,7725.8,7872,5614,10130,9281.5,7900,10663,6713.4,7965.375,7816,8114.75,,,,5544.75,4421,6668.5,8738.2,1730.25,1831.5,619,3044,1987.75,844,3131.5,670.2,1541.875,681,2402.75,,,,1748.25,526,2970.5,2790.3,409467.4,417216,297542,536890,491919.5,418700,565139,355810.2,422164.875,414248,430081.75,,,,293871.75,234313,353430.5,463124.6,91703.25,97069.5,32807,161332,105350.75,44732,165969.5,35520.6,81719.375,36093,127345.75,,,,92657.25,27878,157436.5,147885.9
433696.462035646,4467813.79067104,"074","01","01","0740101",Fortuna,Fortuna,Fortuna Núcleo,"13961","9","6",-3.7808466534,40.3582545988,5136,5136,9260,9235,4880,4880,7323,7323,6416,6416,9954,9954,10847,10847,16106,12114,,,,,,,,,,,,,,,,,,,,,3348,3348,3761,4750,628,632,1436,1387,562,538,1211,1211,787,739,1285,1285,782,745,2901,3037,,,,,,,,,,,,,,,,,,,,,374,374,1316,721,7551.7,7191.75,5136,9247.5,6101.5,4880,7323,6125.4,10331.75,8631.5,12032,,,,3801.75,3348,4255.5,8978,1097.55,1020.75,630,1411.5,880.5,550,1211,616.1,1445.125,763.25,2127,,,,696.25,374,1018.5,1579,105429283.7,100404021.75,71703696,129104347.5,85183041.5,68129680,102236403,85516709.4,144241561.75,120504371.5,167978752,,,,53076231.75,46741428,59411035.5,125341858,15322895.55,14250690.75,8795430,19705951.5,12292660.5,7678550,16906771,8601372.1,20175390.125,10655733.25,29695047,,,,9720346.25,5221414,14219278.5,22044419
457813.250903519,4436222.65120126,"043","04","01","0430401",Balcón de Tajo - Urtajo,Balcón de Tajo - Urtajo,Balcón de Tajo - Urtajo Núcleo,"2389","8","6",-3.494765475,40.0752148398,14512,14512,22886,22886,20634,20634,25927,25927,52259,52259,48927,73291,49760,49760,58623,77517,,,,,,,,,,,,,,,,,,,,,15677,15677,24171,24171,1134,1192,3062,3062,1153,1164,3162,3162,2544,2462,6587,9303,2439,2400,7321,9017,,,,,,,,,,,,,,,,,,,,,1309,1374,4062,3213,35500.5,18699,14512,22886,23280.5,20634,25927,30568.4,57799.5,51009.5,64589.5,,,,19924,15677,24171,40432.6,3456.1,2112.5,1163,3062,2160.25,1158.5,3162,1717.1,5259.125,2461.25,8057,,,,2489.5,1341.5,3637.5,5195.1,84810694.5,44671911,34669168,54674654,55617114.5,49294626,61939603,73027907.6,138083005.5,121861695.5,154304315.5,,,,47598436,37452353,57744519,96593481.4,8256622.9,5046762.5,2778407,7315118,5160837.25,2767656.5,7554018,4102151.9,12564049.625,5879926.25,19248173,,,,5947415.5,3204843.5,8689987.5,12411093.9
461783.450055889,4436507.43606812,"043","14","01","0431401",Valle de San Juan - Los Vallejos,Valle de San Juan - Los Vallejos,Valle de San Juan - Los Vallejos Núcleo,"876","8","6",-3.4482212841,40.0779700825,16563,16563,28156,28156,22685,22685,31197,31197,54310,54310,54197,78561,51811,51811,63893,82787,,,,,,,,,,,,,,,,,,,,,17727,17727,29441,29441,1181,1223,3292,3292,1200,1184,3392,3392,2600,2487,6832,9533,2493,2424,7566,9247,,,,,,,,,,,,,,,,,,,,,1353,1406,4292,3443,39160.9,22359.5,16563,28156,26941,22685,31197,32619.2,61460,53060.5,69859.5,,,,23584,17727,29441,45702.6,3591.6,2247,1202,3292,2292,1192,3392,1755.1,5397.75,2501,8294.5,,,,2623.5,1379.5,3867.5,5428.1,34304948.4,19586922,14509188,24664656,23600316,19872060,27328572,28574419.2,53838960,46480998,61196922,,,,20659584,15528852,25790316,40035477.6,3146241.6,1968372,1052952,2883792,2007792,1044192,2971392,1537467.6,4728429,2190876,7265982,,,,2298186,1208442,3387930,4755015.6
466976.86085758,4440011.91231821,"043","02","01","0430201",Colmenar de Oreja,Colmenar de Oreja,Colmenar de Oreja Núcleo,"5587","8","6",-3.3874910165,40.109763141,23291,23291,35061,35061,29413,29413,38102,38102,61037,61037,78144,79778,58539,58539,76198,77848,,,,,,,,,,,,,,,,,,,,,24455,24455,36346,36346,1556,1601,3340,3340,1552,1557,3440,3440,2933,2846,7664,7598,2839,2793,8122,8129,,,,,,,,,,,,,,,,,,,,,1713,1783,4340,3491,46222.8,29176,23291,35061,33757.5,29413,38102,39347,68890,59788,77992,,,,30400.5,24455,36346,53098.6,3703.85,2459.25,1578.5,3340,2497.25,1554.5,3440,2117.3,5365.5,2852.75,7878.25,,,,2831.75,1748,3915.5,5290.4,258246783.6,163006312,130126817,195885807,188603152.5,164330431,212875874,219831689,384888430,334035556,435741304,,,,169847593.5,136630085,203065102,296661878.2,20693409.95,13739829.75,8819079.5,18660580,13952135.75,8684991.5,19219280,11829355.1,29977048.5,15938314.25,44015782.75,,,,15820987.25,9766076,21875898.5,29557464.8
468747.28420463,4445658.44597535,"157","01","01","1570101",Valdelaguna,Valdelaguna,Valdelaguna Núcleo,"1065","20","6",-3.36699097,40.1607026958,33636,33636,72461,103531,31396,31396,50274,50274,63111,63111,76090,90489,56619,56619,77580,88559,,,,,,,,,,,,,,,,,,,,,28991,28991,40288,60958,2079,2210,8550,8962,1892,1943,4293,4293,2669,2592,8333,8190,2447,2417,9210,8721,,,,,,,,,,,,,,,,,,,,,1279,1273,5245,5574,56900.5,60816,33636,87996,40835,31396,50274,42750.6,71522.25,59865,83179.5,,,,39807,28991,50623,71050.4,4608.6,5450.25,2144.5,8756,3105.25,1917.5,4293,2080.1,5572.375,2531.25,8613.5,,,,3342.75,1276,5409.5,7137.1,60599032.5,64769040,35822340,93715740,43489275,33436740,53541810,45529389,76171196.25,63756225,88586167.5,,,,42394455,30875415,53913495,75668676,4908159,5804516.25,2283892.5,9325140,3307091.25,2042137.5,4572045,2215306.5,5934579.375,2695781.25,9173377.5,,,,3560028.75,1358940,5761117.5,7601011.5
427212.125834398,4451977.53159799,"066","01","01","0660101",Griñón,Griñón,Griñón Núcleo,"10707","3","6",-3.8554036144,40.2150553256,20491,20491,34114,34725,11644,11644,17694,27269,19756,19756,15620,15656,22651,22651,19037,19072,,,,,,,,,,,,,,,,,,,,,14996,14996,22424,22460,1442,1502,5259,5675,879,867,4085,5341,1211,1148,2538,2520,1421,1332,3317,3296,,,,,,,,,,,,,,,,,,,,,975,925,4016,4234,20357.35,27455.25,20491,34419.5,17062.75,11644,22481.5,17907.6,19274.875,21203.5,17346.25,,,,18719,14996,22442,22807.1,2599.15,3469.5,1472,5467,2793,873,4713,1170.2,2097.875,1278,2917.75,,,,2537.5,950,4125,4028.1,217966146.45,293963361.75,219397137,368529586.5,182690864.25,124672308,240709420.5,191736673.2,206376086.625,227025874.5,185726298.75,,,,200424333,160562172,240286494,244195619.7,27829099.05,37147936.5,15760704,58535169,29904651,9347211,50462091,12529331.4,22461947.625,13683546,31240349.25,,,,27169012.5,10171650,44166375,43128866.7
438868.109990451,4461823.56984161,"065","03","01","0650301",Getafe,Getafe,Getafe Núcleo,"161160","10","6",-3.719372446,40.3046864037,3212,3212,7092,7133,1718,1718,1766,1510,10745,10745,10076,10076,4167,4167,3857,5220,,,,,,,,,,,,,,,,,,,,,4214,4214,3967,4987,317,330,2394,2034,266,276,1176,1237,765,697,2622,2682,421,404,1712,1413,,,,,,,,,,,,,,,,,,,,,392,370,1638,1195,5189.8,5162.25,3212,7112.5,1678,1718,1638,4811.2,7381.625,7456,7307.25,,,,4345.5,4214,4477,5568.4,1117.05,1268.75,323.5,2214,738.75,271,1206.5,423.8,1339.5,571.75,2107.25,,,,898.75,381,1416.5,1810.3,836388168,831948210,517645920,1146250500,270426480,276872880,263980080,775372992,1189622685,1201608960,1177636410,,,,700320780,679128240,721513320,897403344,180023778,204471750,52135260,356808240,119056950,43674360,194439540,68299608,215873820,92143230,339604410,,,,144842550,61401960,228283140,291747948
437455.941797489,4464292.49700138,"065","07","01","0650701","Bercial, El",El Bercial,El Bercial Núcleo,"20046","10","6",-3.736230453,40.3268233767,5264,5264,9148,9148,4371,4371,4828,4828,4415,4415,7499,3796,2741,2741,2589,2589,,,,,,,,,,,,,,,,,,,,,2112,2112,2145,2145,540,539,2247,2307,604,589,1105,1105,497,500,1488,1271,380,383,2274,2274,,,,,,,,,,,,,,,,,,,,,319,317,1420,1420,4326.05,7206,5264,9148,4599.5,4371,4828,3780.6,3848.125,3578,4118.25,,,,2128.5,2112,2145,4871.5,1078.95,1408.25,539.5,2277,850.75,596.5,1105,466.8,1133.375,440,1826.75,,,,869,318,1420,1691.1,86719998.3,144451476,105522144,183380808,92201577,87621066,96782088,75785907.6,77139513.75,71724588,82554439.5,,,,42667911,42337152,42998670,97654089,21628631.7,28229779.5,10814817,45644742,17054134.5,11957439,22150830,9357472.8,22719635.25,8820240,36619030.5,,,,17419974,6374628,28465320,33899790.6
435089.753071288,4454108.99531309,"106","01","02","1060102",Parla,Parla,Parla Núcleo,"134851","16","6",-3.7630493485,40.2349040442,1139,1139,1102,1102,2268,2268,1266,1266,14111,14111,15408,19260,11483,11483,12391,12519,,,,,,,,,,,,,,,,,,,,,3116,3116,3697,3697,258,268,868,868,415,424,1022,1022,1162,1073,2946,3041,1001,952,2336,3282,,,,,,,,,,,,,,,,,,,,,404,407,1683,1863,6797.1,1120.5,1139,1102,1767,2268,1266,6423.4,13845.75,12797,14894.5,,,,3406.5,3116,3697,7170.8,1264.75,565.5,263,868,720.75,419.5,1022,636.4,1974.125,1047,2901.25,,,,1089.25,405.5,1773,1893.1,916595732.1,151100545.5,153595289,148605802,238281717,305842068,170721366,866201913.4,1867113233.25,1725688247,2008538219.5,,,,459369931.5,420195716,498544147,966989550.8,170552802.25,76258240.5,35465813,117050668,97193858.25,56569994.5,137817722,85819176.4,266212730.375,141188997,391236463.75,,,,146886451.75,54682080.5,239090823,255286428.1
431890.326495804,4448897.59484355,"149","03","01","1490301",Vaciasilos,Vaciasilos,Vaciasilos Núcleo,"40","20","6",-3.8001043667,40.1877026004,12532,12532,24528,27422,6915,6915,7036,7036,19238,19238,20707,21594,16610,16610,17846,18733,,,,,,,,,,,,,,,,,,,,,10268,10268,9565,10496,795,783,4821,5448,556,524,1574,1191,1181,1011,3039,3497,1023,888,2232,2662,,,,,,,,,,,,,,,,,,,,,637,548,1482,1701,14804.45,19253.5,12532,25975,6975.5,6915,7036,13112.6,18822,17924,19720,,,,10149.25,10268,10030.5,16496.3,1779.65,2961.75,789,5134.5,961.25,540,1382.5,794.6,1941.625,1025.75,2857.5,,,,1092,592.5,1591.5,2764.7,592178,770140,501280,1039000,279020,276600,281440,524504,752880,716960,788800,,,,405970,410720,401220,659852,71186,118470,31560,205380,38450,21600,55300,31784,77665,41030,114300,,,,43680,23700,63660,110588
431926.963129595,4449988.55514427,"149","01","01","1490101",Torrejón de la Calzada,Torrejón de la Calzada,Torrejón de la Calzada Núcleo,"10248","20","6",-3.799789474,40.1975336238,13850,13850,20622,20622,5341,5341,5497,5497,17663,17663,19079,20055,15034,15034,16218,17194,,,,,,,,,,,,,,,,,,,,,8692,8692,7937,8957,1103,1081,4054,4461,557,552,1200,893,1210,1086,2751,3199,1037,947,1944,2364,,,,,,,,,,,,,,,,,,,,,658,610,1291,1403,13141.9,17236,13850,20622,5419,5341,5497,12116,17242.5,16348.5,18136.5,,,,8569.5,8692,8447,14167.8,1620.05,2674.75,1092,4257.5,800.5,554.5,1046.5,884.1,1817.25,1070,2564.5,,,,990.5,634,1347,2356,134678191.2,176634528,141934800,211334256,55533912,54734568,56333256,124164768,176701140,167539428,185862852,,,,87820236,89075616,86564856,145191614.4,16602272.4,27410838,11190816,43630860,8203524,5682516,10724532,9060256.8,18623178,10965360,26280996,,,,10150644,6497232,13804056,24144288
454767.982840378,4453575.3166715,"132","10","02","1321002",Vallequillas Sur,Vallequillas Sur,Vallequillas Sur Núcleo,"58","20","6",-3.5316967196,40.2313900228,20294,20294,25282,25282,20608,20608,30002,30002,34698,33394,44535,44535,28854,28854,39113,39113,,,,,,,,,,,,,,,,,,,,,11827,11827,56759,56759,1175,1174,5556,5556,1252,1216,5532,5532,1816,1737,6386,6386,1659,1603,7061,7061,,,,,,,,,,,,,,,,,,,,,710,695,7547,7547,31132,22788,20294,25282,25305,20608,30002,23125.8,36637,31450,41824,,,,34293,11827,56759,39138.2,3860.05,3365.25,1174.5,5556,3383,1234,5532,1303.7,4213.625,1703.75,6723.5,,,,4124.75,702.5,7547,6416.4,1805656,1321704,1177052,1466356,1467690,1195264,1740116,1341296.4,2124946,1824100,2425792,,,,1988994,685966,3292022,2270015.6,223882.9,195184.5,68121,322248,196214,71572,320856,75614.6,244390.25,98817.5,389963,,,,239235.5,40745,437726,372151.2
454722.179991328,4454541.06987011,"132","10","01","1321001",Vallequillas Norte,Vallequillas Norte,Vallequillas Norte Núcleo,"343","20","6",-3.532303229,40.2400880627,29333,29333,25092,25092,29647,29647,29812,29812,44336,44336,44345,44345,37845,37845,38923,38923,,,,,,,,,,,,,,,,,,,,,11787,11787,56569,56569,1611,1592,5408,5408,1644,1586,5384,5384,2082,2022,6238,6238,1865,1837,6913,6913,,,,,,,,,,,,,,,,,,,,,711,703,7399,7399,34768.9,27212.5,29333,25092,29729.5,29647,29812,30589.6,41362.25,41090.5,41634,,,,34178,11787,56569,38948.2,3916.85,3504.75,1601.5,5408,3499.5,1615,5384,1565.3,4263.5,1951.5,6575.5,,,,4053,707,7399,6268.4,11925732.7,9333887.5,10061219,8606556,10197218.5,10168921,10225516,10492232.8,14187251.75,14094041.5,14280462,,,,11723054,4042941,19403167,13359232.6,1343479.55,1202129.25,549314.5,1854944,1200328.5,553945,1846712,536897.9,1462380.5,669364.5,2255396.5,,,,1390179,242501,2537857,2150061.2
449669.618135857,4457879.46368424,"132","05","01","1320501",Poblado de Abajo,Poblado de Abajo,Poblado de Abajo Núcleo,"36","20","6",-3.591962235,40.2698749657,22018,22018,37441,25463,19681,19681,25077,35964,25076,25076,29969,43334,22577,22577,24578,41243,,,,,,,,,,,,,,,,,,,,,21223,21223,52418,72292,1128,1212,3389,3749,1202,1260,3923,3869,1304,1336,4150,4351,1192,1274,4425,4567,,,,,,,,,,,,,,,,,,,,,1182,1197,6229,8071,30446.45,26735,22018,31452,25100.75,19681,30520.5,22115,29303.75,23826.5,34781,,,,41789,21223,62355,38777.9,2950.5,2369.5,1170,3569,2563.5,1231,3896,1228.7,2824.875,1276.5,4373.25,,,,4169.75,1189.5,7150,4672.3,1096072.2,962460,792648,1132272,903627,708516,1098738,796140,1054935,857754,1252116,,,,1504404,764028,2244780,1396004.4,106218,85302,42120,128484,92286,44316,140256,44233.2,101695.5,45954,157437,,,,150111,42822,257400,168202.8
449556.554469457,4458739.29468402,"132","05","02","1320502",Poblado de Arriba,Poblado de Arriba,Poblado de Arriba Núcleo,"122","20","6",-3.59335967,40.2776142797,20873,20873,37114,26657,18536,18536,24750,37158,23930,23930,29642,44528,21432,21432,24251,42437,,,,,,,,,,,,,,,,,,,,,22417,22417,52091,73486,1086,1143,3683,4163,1170,1191,4217,4283,1263,1260,4444,4765,1154,1191,4719,4981,,,,,,,,,,,,,,,,,,,,,1334,1333,6523,8485,30324.5,26379.25,20873,31885.5,24745,18536,30954,21437.6,28947.75,22681,35214.5,,,,42602.75,22417,62788.5,39211.4,3119.4,2518.75,1114.5,3923,2715.25,1180.5,4250,1212.5,2972.125,1217,4727.25,,,,4418.75,1333.5,7504,5026.3,3699589,3218268.5,2546506,3890031,3018890,2261392,3776388,2615387.2,3531625.5,2767082,4296169,,,,5197535.5,2734874,7660197,4783790.8,380566.8,307287.5,135969,478606,331260.5,144021,518500,147925,362599.25,148474,576724.5,,,,539087.5,162687,915488,613208.6
450893.778427947,4451250.89717661,"132","07","01","1320701",San Martín de la Vega,San Martín de la Vega,San Martín de la Vega Núcleo,"19928","20","6",-3.5770577136,40.210231167,15534,15534,18641,22031,15848,15848,16608,16608,28634,28634,38456,38456,24093,24093,30616,30616,,,,,,,,,,,,,,,,,,,,,13910,13910,21058,21370,1003,1027,2236,3215,1072,1061,1469,1469,1695,1577,5002,5182,1502,1468,5677,5677,,,,,,,,,,,,,,,,,,,,,1152,1106,2985,3023,22524.9,17935,15534,20336,16228,15848,16608,19603.8,30449.75,26363.5,34536,,,,17562,13910,21214,25446,2429.9,1870.25,1015,2725.5,1267.75,1066.5,1469,1266.3,3472.5,1560.5,5384.5,,,,2066.5,1129,3004,3593.5,448876207.2,357408680,309561552,405255808,323391584,315818944,330964224,390664526.4,606802618,525371828,688233408,,,,349975536,277198480,422752592,507087888,48423047.2,37270342,20226920,54313764,25263722,21253212,29274232,25234826.4,69199980,31097644,107302316,,,,41181212,22498712,59863712,71611268
453106.137874538,4450447.82207629,"132","09","01","1320901",Vega del Pingarrón,Vega del Pingarrón,Vega del Pingarrón Núcleo,"66","20","6",-3.551002383,40.2031228938,23853,23853,31606,28216,24167,24167,33138,26183,38257,36953,40346,48031,32412,32412,35671,41887,,,,,,,,,,,,,,,,,,,,,27062,27062,30530,30945,1564,1583,10352,9253,1625,1610,10453,8486,2229,2116,10900,12319,2026,1998,11700,11919,,,,,,,,,,,,,,,,,,,,,1644,1662,10325,10160,31837.55,26882,23853,29911,26913.75,24167,29660.5,29019.8,38246.125,35008.5,41483.75,,,,28899.75,27062,30737.5,34655.3,6196.2,5688,1573.5,9802.5,5543.5,1617.5,9469.5,1805.7,6900.875,2092.25,11709.5,,,,5947.75,1653,10242.5,10586.7,2101278.3,1774212,1574298,1974126,1776307.5,1595022,1957593,1915306.8,2524244.25,2310561,2737927.5,,,,1907383.5,1786092,2028675,2287249.8,408949.2,375408,103851,646965,365871,106755,624987,119176.2,455457.75,138088.5,772827,,,,392551.5,109098,676005,698722.2
428710.232296635,4448472.68713968,"050","02","01","0500201","Nube, La",La Nube,La Nube Núcleo,"15","3","6",-3.8374111056,40.1836106015,23569,23569,28300,44111,12099,12099,13679,13679,22833,24422,21612,25291,21794,21794,22942,28708,,,,,,,,,,,,,,,,,,,,,15451,15451,17139,32096,1675,1697,4956,8060,897,849,2708,1970,1422,1338,3418,4219,1343,1217,3953,4998,,,,,,,,,,,,,,,,,,,,,960,868,3421,5097,22031.9,29887.25,23569,36205.5,12889,12099,13679,19308.1,23674.5,22710.75,24638.25,,,,20034.25,15451,24617.5,24755.7,2753.3,4097,1686,6508,1606,873,2339,1226.6,2738.5,1330,4147,,,,2586.5,914,4259,4280,330478.5,448308.75,353535,543082.5,193335,181485,205185,289621.5,355117.5,340661.25,369573.75,,,,300513.75,231765,369262.5,371335.5,41299.5,61455,25290,97620,24090,13095,35085,18399,41077.5,19950,62205,,,,38797.5,13710,63885,64200
426823.034655198,4449312.23124385,"050","03","01","0500301","Pinar, El",El Pinar,El Pinar Núcleo,"118","3","6",-3.8596723767,40.1910111689,21990,21990,27467,42137,12449,12449,15333,15333,21255,21255,19637,23317,24151,24151,24595,26733,,,,,,,,,,,,,,,,,,,,,15801,15801,18793,30121,1545,1579,5136,8019,1059,1067,4097,2373,1308,1219,3408,4178,1512,1419,4507,4957,,,,,,,,,,,,,,,,,,,,,1156,1121,2883,5056,21737.9,28396,21990,34802,13891,12449,15333,19129.2,23136.75,22703,23570.5,,,,20129,15801,24457,24346.6,2879.95,4069.75,1562,6577.5,2149,1063,3235,1298.5,2813.5,1364.5,4262.5,,,,2554,1138.5,3969.5,4461.4,2565072.2,3350728,2594820,4106636,1639138,1468982,1809294,2257245.6,2730136.5,2678954,2781319,,,,2375222,1864518,2885926,2872898.8,339834.1,480230.5,184316,776145,253582,125434,381730,153223,331993,161011,502975,,,,301372,134343,468401,526445.2
428351.42196882,4449495.49042796,"050","01","01","0500101",Cubas de la Sagra,Cubas de la Sagra,Cubas de la Sagra Núcleo,"4042","3","6",-3.8417393673,40.1927939989,22544,22544,27384,68799,9151,9151,13631,13631,21809,21809,19554,28189,18827,18827,22894,25328,,,,,,,,,,,,,,,,,,,,,12503,12503,17091,17091,1540,1567,4517,6529,878,881,2365,1605,1297,1213,2820,3911,1272,1239,3635,3076,,,,,,,,,,,,,,,,,,,,,968,930,3078,2115,21163,35317.75,22544,48091.5,11391,9151,13631,16966.8,22154.625,20318,23991.25,,,,14797,12503,17091,25359.2,2271.8,3538.25,1553.5,5523,1432.25,879.5,1985,1178.5,2307.875,1255.25,3360.5,,,,1772.75,949,2596.5,3365.1,85540846,142754345.5,91122848,194385843,46042422,36988342,55096502,68579805.6,89548994.25,82125356,96972632.5,,,,59809474,50537126,69081822,102501886.4,9182615.6,14301606.5,6279247,22323966,5789154.5,3554939,8023370,4763497,9328430.75,5073720.5,13583141,,,,7165455.5,3835858,10495053,13601734.2
427658.317837259,4449939.63589507,"050","04","01","0500401","Soto, El",El Soto,El Soto Núcleo,"2638","3","6",-3.8499311794,40.1967355968,21977,21977,26022,69859,10811,10811,14690,14690,21242,21242,18191,29248,20486,20486,23953,26387,,,,,,,,,,,,,,,,,,,,,14162,14162,18151,18151,1487,1529,4240,6502,893,895,2407,1578,1245,1164,2500,3884,1285,1251,3756,3049,,,,,,,,,,,,,,,,,,,,,977,955,3120,2088,21834.9,34958.75,21977,47940.5,12750.5,10811,14690,17735.6,22654.375,20864,24444.75,,,,16156.5,14162,18151,25934.2,2240.25,3439.5,1508,5371,1443.25,894,1992.5,1168.1,2266.75,1236.25,3297.25,,,,1785,966,2604,3312.4,57600466.2,92221182.5,57975326,126467039,33635819,28519418,38752220,46786512.8,59762241.25,55039232,64485250.5,,,,42620847,37359356,47882338,68414419.6,5909779.5,9073401,3978104,14168698,3807293.5,2358372,5256215,3081447.8,5979686.5,3261227.5,8698145.5,,,,4708830,2548308,6869352,8738111.2
451456.351885017,4443206.17125827,"147","01","01","1470101",Titulcia,Titulcia,Titulcia Núcleo,"1351","20","6",-3.5698405723,40.1377883194,13640,13640,15867,15449,19684,19684,28228,28119,35270,35270,34023,34023,32772,32772,43828,30735,,,,,,,,,,,,,,,,,,,,,12207,12207,17692,15856,1005,1064,3150,2716,1146,1203,3393,4353,2007,1932,3708,3708,1900,1848,5582,3925,,,,,,,,,,,,,,,,,,,,,1020,1060,3835,3688,24548.3,14649,13640,15658,23928.75,19684,28173.5,22714.6,34836.625,34021,35652.25,,,,14490.5,12207,16774,26382,2612.15,1983.75,1034.5,2933,2523.75,1174.5,3873,1418.5,3076.25,1921.75,4230.75,,,,2400.75,1040,3761.5,3805.8,33164753.3,19790799,18427640,21153958,32327741.25,26593084,38062398.5,30687424.6,47064280.375,45962371,48166189.75,,,,19576665.5,16491657,22661674,35642082,3529014.65,2680046.25,1397609.5,3962483,3409586.25,1586749.5,5232423,1916393.5,4156013.75,2596284.25,5715743.25,,,,3243413.25,1405040,5081786.5,5141635.8
421549.623229668,4451432.23145681,"017","01","01","0170101",Batres,Batres,Batres Núcleo,"794","3","6",-3.9218749625,40.2096322272,14664,14664,14743,85327,19861,19861,25522,25522,25341,24032,40080,23493,28026,26928,37219,37219,,,,,,,,,,,,,,,,,,,,,19211,19211,19758,20269,1067,1081,2382,8619,1228,1205,2602,2602,1356,1315,4587,3749,1568,1507,4073,4073,,,,,,,,,,,,,,,,,,,,,1054,1048,5481,3936,27047.55,32349.5,14664,50035,22691.5,19861,25522,21179.9,30292.25,26081.75,34502.75,,,,19612.25,19211,20013.5,32915.2,2726.65,3287.25,1074,5500.5,1909.25,1216.5,2602,1242.9,2778.5,1436.5,4120.5,,,,2879.75,1051,4708.5,4210.4,21475754.7,25685503,11643216,39727790,18017051,15769634,20264468,16816840.6,24052046.5,20708909.5,27395183.5,,,,15572126.5,15253534,15890719,26134668.8,2164960.1,2610076.5,852756,4367397,1515944.5,965901,2065988,986862.6,2206129,1140581,3271677,,,,2286521.5,834494,3738549,3343057.6
421350.489282568,4451976.22754238,"017","04","01","0170401","Olivos, Los",Los Olivos,Los Olivos Núcleo,"28","3","6",-3.924281285,40.214514047,14225,14225,15586,86170,19616,19616,26365,26365,25096,23787,40923,24336,26683,26683,38062,38062,,,,,,,,,,,,,,,,,,,,,18966,18966,20601,21112,1026,1040,3100,9337,1204,1172,3320,3320,1332,1284,5305,4467,1580,1479,4791,4791,,,,,,,,,,,,,,,,,,,,,1035,1019,6199,4654,27272.25,32551.5,14225,50878,22990.5,19616,26365,20786.3,30454,25562.25,35345.75,,,,19911.25,18966,20856.5,33758.2,3072.75,3625.75,1033,6218.5,2254,1188,3320,1217.1,3128.625,1418.75,4838.5,,,,3226.75,1027,5426.5,4928.4,763623,911442,398300,1424584,643734,549248,738220,582016.4,852712,715743,989681,,,,557515,531048,583982,945229.6,86037,101521,28924,174118,63112,33264,92960,34078.8,87601.5,39725,135478,,,,90349,28756,151942,137995.2
420292.961945265,4455452.15734107,"017","03","01","0170301",Cotorredondo,Cotorredondo,Cotorredondo Núcleo,"1072","3","6",-3.9371391814,40.2457261463,15139,15139,24799,24799,19945,19945,37225,43534,22074,22074,25359,33063,24759,24759,29048,34708,,,,,,,,,,,,,,,,,,,,,20725,20725,19680,19672,1193,1229,3932,3932,1441,1434,6234,6956,1438,1402,4174,4992,1663,1668,5749,5978,,,,,,,,,,,,,,,,,,,,,1445,1430,3589,3536,24858.55,19969,15139,24799,30162.25,19945,40379.5,20528.4,26980.5,23416.5,30544.5,,,,20200.5,20725,19676,29188.7,3170.75,2571.5,1211,3932,4016.25,1437.5,6595,1434.3,3383,1542.75,5223.25,,,,2500,1437.5,3562.5,4907.2,26648365.6,21406768,16229008,26584528,32333932,21381040,43286824,22006444.8,28923096,25102488,32743704,,,,21654936,22217200,21092672,31290286.4,3399044,2756648,1298192,4215104,4305420,1541000,7069840,1537569.6,3626576,1653828,5599324,,,,2680000,1541000,3819000,5260518.4
458675.477095129,4439339.35192284,"170","01","01","1700101",Villaconejos,Villaconejos,Villaconejos Núcleo,"3471","8","6",-3.4848528394,40.1033370029,19757,19757,17909,17909,17872,17872,20951,20951,49497,49497,43950,68314,46998,46998,53647,72540,,,,,,,,,,,,,,,,,,,,,20901,20901,19195,19195,1122,1157,1980,1980,982,982,2080,2080,2415,2306,5417,8221,2287,2212,6151,7935,,,,,,,,,,,,,,,,,,,,,1274,1323,2980,2131,33230.55,18833,19757,17909,19411.5,17872,20951,31005,53930.125,48247.5,59612.75,,,,20048,20901,19195,35456.1,2850.75,1559.75,1139.5,1980,1531,982,2080,1606,4618,2305,6931,,,,1927,1298.5,2555.5,4095.5,115343239.05,65369343,68576547,62162139,67377316.5,62033712,72720921,107618355,187191463.875,167467072.5,206915855.25,,,,69586608,72547371,66625845,123068123.1,9894953.25,5413892.25,3955204.5,6872580,5314101,3408522,7219680,5574426,16029078,8000655,24057501,,,,6688617,4507093.5,8870140.5,14215480.5
454155.919563728,4467892.78850685,"123","18","01","1231801","Partija - Santa Mónica, La",La Partija - Santa Mónica,La Partija - Santa Mónica Núcleo,"83779","14","7",-3.5399168212,40.3603420083,15205,15205,16189,16291,1508,1508,1904,1904,12453,12453,13877,12946,,,,,,,,,,,,,18774,16104,17688,21058,,,,,,,,,9765,9765,9319,8982,1070,1041,3299,4016,224,214,541,511,1131,1009,3197,2966,,,,,,,,,,,,,1287,1033,3300,3061,,,,,,,,,759,687,3292,3541,11644.9,15722.5,15205,16240,1706,1508,1904,11274,12932.25,12453,13411.5,18406,17439,19373,9457.75,9765,9150.5,12015.8,1808.95,2356.5,1055.5,3657.5,372.5,219,526,845.5,2075.75,1070,3081.5,2170.25,1160,3180.5,2069.75,723,3416.5,2772.4,975598077.1,1317215327.5,1273859695,1360570960,142926974,126338732,159515216,944524446,1083450972.75,1043299887,1123602058.5,1542036274,1461021981,1623050567,792360837.25,818101935,766619739.5,1006671708.2,151552022.05,197425213.5,88428734.5,306421692.5,31207677.5,18347601,44067754,70835144.5,173904259.25,89643530,258164988.5,181821374.75,97183640,266459109.5,173401585.25,60572217,286230953.5,232268899.6
455363.981435308,4465989.44989892,"123","07","01","1230701",Rivas - Vaciamadrid,Rivas - Vaciamadrid,Rivas - Vaciamadrid Núcleo,"16031","14","7",-3.525556629,40.3432606127,13296,13296,13581,13581,2797,2797,4946,4946,14732,14732,14847,14847,,,,,,,,,,,,,21100,18383,17877,17877,,,,,,,,,7899,7899,6002,7908,930,924,2571,2631,392,388,1079,929,1216,1112,2930,2939,,,,,,,,,,,,,1414,1136,2961,3021,,,,,,,,,542,541,1969,1718,11667.15,13438.5,13296,13581,3871.5,2797,4946,11693.1,14789.5,14732,14847,18809.25,19741.5,17877,7427,7899,6955,11641.2,1567.15,1764,927,2601,697,390,1004,859.5,2049.25,1164,2934.5,2133,1275,2991,1192.5,541.5,1843.5,2274.8,187036081.65,215432593.5,213148176,217717011,62064016.5,44838707,79289326,187452086.1,237090474.5,236168692,238012257,301531086.75,316475986.5,286586187,119062237,126628869,111495605,186620077.2,25122981.65,28278684,14860737,41696631,11173607,6252090,16095124,13778644.5,32851526.75,18660084,47042969.5,34194123,20439525,47948721,19116967.5,8680786.5,29553148.5,36467318.8
455473.312985958,4468777.07809799,"123","10","01","1231001",Cañada Real de la Galiana,Cañada Real de la Galiana,Cañada Real de la Galiana Núcleo,"1769","14","7",-3.524463925,40.3683798327,16835,16835,22492,23315,1418,1418,1418,1447,14083,14083,15291,15291,,,,,,,,,,,,,20405,17734,19102,19102,,,,,,,,,11395,11395,13665,14788,1254,1206,4081,4318,232,260,1118,811,1312,1175,3885,3834,,,,,,,,,,,,,1491,1191,3995,4021,,,,,,,,,948,829,4242,4002,13575.6,19869.25,16835,22903.5,1425.25,1418,1432.5,12560.1,14687,14083,15291,19085.75,19069.5,19102,12810.75,11395,14226.5,14591.1,2210.25,2714.75,1230,4199.5,605.25,246,964.5,989.8,2551.5,1243.5,3859.5,2674.5,1341,4008,2505.25,888.5,4122,3430.7,24015236.4,35148703.25,29781115,40516291.5,2521267.25,2508442,2534092.5,22218816.9,25981303,24912827,27049779,33762691.75,33733945.5,33791438,22662216.75,20157755,25166678.5,25811655.9,3909932.25,4802392.75,2175870,7428915.5,1070687.25,435174,1706200.5,1750956.2,4513603.5,2199751.5,6827455.5,4731190.5,2372229,7090152,4431787.25,1571756.5,7291818,6068908.3
466440.82062958,4465003.15594966,"033","02","01","0330201",Montehermoso,Montehermoso,Montehermoso Núcleo,"529","14","7",-3.3950864987,40.3348940907,9231,9231,10951,10227,7961,7961,8284,10162,32864,32864,32567,32600,,,,,,,,,,,,,30788,30788,35596,35629,,,,,,,,,9279,9279,13345,11865,818,796,2462,2996,738,740,1487,1629,1758,1772,4867,5355,,,,,,,,,,,,,1558,1444,4601,4851,,,,,,,,,704,677,2906,2554,19073.6,9910,9231,10589,8592,7961,9223,18024.6,32723.75,32864,32583.5,33200.25,30788,35612.5,10942,9279,12605,20122.6,2235.65,1768,807,2729,1148.5,739,1558,1100.5,3438,1765,5111,3113.5,1501,4726,1710.25,690.5,2730,3370.8,10089934.4,5242390,4883199,5601581,4545168,4211369,4878967,9535013.4,17310863.75,17385056,17236671.5,17562932.25,16286852,18839012.5,5788318,4908591,6668045,10644855.4,1182658.85,935272,426903,1443641,607556.5,390931,824182,582164.5,1818702,933685,2703719,1647041.5,794029,2500054,904722.25,365274.5,1444170,1783153.2
467914.8015789,4465643.66137447,"033","01","01","0330101",Campo Real,Campo Real,Campo Real Núcleo,"6187","14","7",-3.377766119,40.3407224217,13151,13151,12902,12178,9929,9929,10235,12112,34831,34161,34518,34550,,,,,,,,,,,,,32755,32755,37547,37579,,,,,,,,,11247,11247,15296,13815,796,790,2795,3329,897,902,1820,1962,1929,1858,5200,5688,,,,,,,,,,,,,1737,1622,4934,5184,,,,,,,,,864,844,3239,2887,21194.4,12845.5,13151,12540,10551.25,9929,11173.5,20315.6,34515,34496,34534,35159,32755,37563,12901.25,11247,14555.5,22073.2,2463.85,1927.5,793,3062,1395.25,899.5,1891,1223.9,3668.75,1893.5,5444,3369.25,1679.5,5059,1958.5,854,3063,3703.8,131129752.8,79475108.5,81365237,77584980,65280583.75,61430723,69130444.5,125692617.2,213544305,213426752,213661858,217528733,202655185,232402281,79820033.75,69585189,90054878.5,136566888.4,15243839.95,11925442.5,4906291,18944594,8632411.75,5565206.5,11699617,7572269.3,22698556.25,11715084.5,33682028,20845549.75,10391066.5,31300033,12117239.5,5283698,18950781,22915410.6
470178.326245158,4453494.54355106,"110","04","01","1100401",Valdeperales,Valdeperales,Valdeperales Núcleo,"208","14","7",-3.347370587,40.212033288,15952,15952,14737,14823,16697,16697,16096,15132,40561,40561,37679,37676,,,,,,,,,,,,,44922,44922,48116,48116,,,,,,,,,23417,23417,20121,20121,1258,1290,3767,3587,1424,1467,3864,3439,2409,2367,6314,6902,,,,,,,,,,,,,2432,2342,6297,6995,,,,,,,,,1400,1420,4118,4083,27785.75,15366,15952,14780,16155.5,16697,15614,28309.8,39119.25,40561,37677.5,46519,44922,48116,21769,23417,20121,27261.7,3358.75,2475.5,1274,3677,2548.5,1445.5,3651.5,1780.9,4498,2388,6608,4516.5,2387,6646,2755.25,1410,4100.5,4936.6,5779436,3196128,3318016,3074240,3360344,3472976,3247712,5888438.4,8136804,8436688,7836920,9675952,9343776,10008128,4527952,4870736,4185168,5670433.6,698620,514904,264992,764816,530088,300664,759512,370427.2,935584,496704,1374464,939432,496496,1382368,573092,293280,852904,1026812.8
470014.36601869,4453961.42097835,"110","01","01","1100101",Perales de Tajuña,Perales de Tajuña,Perales de Tajuña Núcleo,"2806","14","7",-3.352499448,40.2355530817,10600,10600,11249,11163,11345,11345,11919,11919,35209,35209,34599,34596,,,,,,,,,,,,,39570,39570,39744,44542,,,,,,,,,18065,18065,16547,16547,700,719,1249,1473,869,887,1033,1033,1899,1791,3938,4632,,,,,,,,,,,,,1876,1761,4537,4654,,,,,,,,,847,845,1846,1812,23120.15,10903,10600,11206,11632,11345,11919,22957.8,34903.25,35209,34597.5,40856.5,39570,42143,17306,18065,16547,23282.5,1920.05,1035.25,709.5,1361,955.5,878,1033,1219.4,3065,1845,4285,3207,1818.5,4595.5,1337.5,846,1829,2620.7,64875140.9,30593818,29743600,31444036,32639392,31834070,33444714,64419586.8,97938519.5,98796454,97080585,114643339,111033420,118253258,48560636,50690390,46430882,65330695,5387660.3,2904911.5,1990857,3818966,2681133,2463668,2898598,3421636.4,8600390,5177070,12023710,8998842,5102711,12894973,3753025,2373876,5132174,7353684.2
469006.458464419,4455443.08966635,"110","03","01","1100301",Prado de Arriba,Prado de Arriba,Prado de Arriba Núcleo,"53","14","7",-3.364419362,40.2488651017,10590,10590,11823,11737,11335,11335,12132,12493,35199,35199,35173,35170,,,,,,,,,,,,,39559,39559,42354,45116,,,,,,,,,18055,18055,17121,17121,717,725,2125,2420,881,897,2037,1994,1924,1807,4770,5579,,,,,,,,,,,,,1883,1754,5114,5601,,,,,,,,,865,850,2791,2759,23485.8,11185,10590,11780,11823.75,11335,12312.5,22947.6,35185.25,35199,35171.5,41647,39559,43735,17588,18055,17121,24024,2374.65,1496.75,721,2272.5,1452.25,889,2015.5,1230.3,3520,1865.5,5174.5,3588,1818.5,5357.5,1816.25,857.5,2775,3519,1244747.4,592805,561270,624340,626658.75,600755,652562.5,1216222.8,1864818.25,1865547,1864089.5,2207291,2096627,2317955,932164,956915,907413,1273272,125856.45,79327.75,38213,120442.5,76969.25,47117,106821.5,65205.9,186560,98871.5,274248.5,190164,96380.5,283947.5,96261.25,45447.5,147075,186507
473082.4299213,4455039.39983076,"146","01","01","1460101",Tielmes,Tielmes,Tielmes Núcleo,"2789","14","7",-3.31647825,40.2453691317,17058,17058,15901,15901,17803,17803,16232,16232,40887,40887,41390,39430,,,,,,,,,,,,,45247,45247,44419,44419,,,,,,,,,23743,23743,21806,21806,926,960,2594,2594,1095,1136,2454,2454,2072,2016,6233,7051,,,,,,,,,,,,,2073,1983,6162,6162,,,,,,,,,1052,1065,3602,3602,28350.6,16479.5,17058,15901,17017.5,17803,16232,28947.6,40648.5,40887,40410,44833,45247,44419,22774.5,23743,21806,27753.6,2864.3,1768.5,943,2594,1784.75,1115.5,2454,1437.8,4343,2044,6642,4095,2028,6162,2330.25,1058.5,3602,4290.8,79069823.4,45961325.5,47574762,44347889,47461807.5,49652567,45271048,80734856.4,113368666.5,114033843,112703490,125039237,126193883,123884591,63518080.5,66219227,60816934,77404790.4,7988532.7,4932346.5,2630027,7234666,4977667.75,3111129.5,6844206,4010024.2,12112627,5700716,18524538,11420955,5656092,17185818,6499067.25,2952156.5,10045978,11967041.2
490226.699584859,4443305.39990281,"055","04","02","0550402","Cercado, El",El Cercado,El Cercado Núcleo,"62","14","7",-3.11473017,40.1400275179,39011,39011,44008,52423,39756,39756,44679,53782,62840,62840,67589,75857,,,,,,,,,,,,,67200,67200,72504,83040,,,,,,,,,45696,45696,49914,57807,1673,1650,6039,12521,1843,1832,5823,12624,2811,2743,10677,15537,,,,,,,,,,,,,2812,2686,9387,15092,,,,,,,,,1799,1739,7228,12993,55530.45,43613.25,39011,48215.5,44493.25,39756,49230.5,50900.6,67281.5,62840,71723,72486,67200,77772,49778.25,45696,53860.5,60160.3,6475.45,5470.75,1661.5,9280,5530.5,1837.5,9223.5,2158.8,7942,2777,13107,7494.25,2749,12239.5,5939.75,1769,10110.5,10792.1,3442887.9,2704021.5,2418682,2989361,2758581.5,2464872,3052291,3155837.2,4171453,3896080,4446826,4494132,4166400,4821864,3086251.5,2833152,3339351,3729938.6,401477.9,339186.5,103013,575360,342891,113925,571857,133845.6,492404,172174,812634,464643.5,170438,758849,368264.5,109678,626851,669110.2
491263.800013579,4444456.7997519,"055","04","03","0550403",Vega del Tajo,Vega del Tajo,Vega del Tajo Núcleo,"17","14","7",-3.10257112,40.1504125479,40087,40087,41960,50570,40832,40832,43725,51929,63916,63916,65415,74004,,,,,,,,,,,,,68276,68276,72599,81187,,,,,,,,,46772,46772,47750,55954,1643,1624,5745,11019,1822,1795,5904,11122,2775,2713,9475,14035,,,,,,,,,,,,,2804,2677,9150,13590,,,,,,,,,1768,1721,6840,11491,55242.95,43176,40087,46265,44329.5,40832,47827,51976.6,66812.75,63916,69709.5,72584.5,68276,76893,49312,46772,51852,58509.3,5985.65,5007.75,1633.5,8382,5160.75,1808.5,8513,2134.2,7249.5,2744,11755,7055.25,2740.5,11370,5455,1744.5,9165.5,9837.1,939130.15,733992,681479,786505,753601.5,694144,813059,883602.2,1135816.75,1086572,1185061.5,1233936.5,1160692,1307181,838304,795124,881484,994658.1,101756.05,85131.75,27769.5,142494,87732.75,30744.5,144721,36281.4,123241.5,46648,199835,119939.25,46588.5,193290,92735,29656.5,155813.5,167230.7
490091.100095069,4448074.49959853,"055","02","01","0550201",Cuatro Caminos,Cuatro Caminos,Cuatro Caminos Núcleo,"26","14","7",-3.11639534,40.1829932879,44955,44955,46587,46673,45700,45700,47946,46982,68784,68784,70021,79198,,,,,,,,,,,,,73145,73145,77204,75169,,,,,,,,,51640,51640,51971,51991,2024,2026,4361,6590,2203,2206,4464,6546,3152,3096,7137,10430,,,,,,,,,,,,,3173,3063,6812,10262,,,,,,,,,2139,2104,4833,7586,58109.5,45792.5,44955,46630,46582,45700,47464,56844.8,71696.75,68784,74609.5,74665.75,73145,76186.5,51810.5,51640,51981,59374.2,4710.35,3750.25,2025,5475.5,3854.75,2204.5,5505,2518.6,5953.75,3124,8783.5,5827.5,3118,8537,4165.5,2121.5,6209.5,6902.1,1510847,1190605,1168830,1212380,1211132,1188200,1234064,1477964.8,1864115.5,1788384,1939847,1941309.5,1901770,1980849,1347073,1342640,1351506,1543729.2,122469.1,97506.5,52650,142363,100223.5,57317,143130,65483.6,154797.5,81224,228371,151515,81068,221962,108303,55159,161447,179454.6
490843.97229396,4448267.68356734,"055","02","02","0550202",Estremera,Estremera,Estremera Núcleo,"1113","14","7",-3.1075544567,40.1847423321,44333,44333,45902,45664,45078,45078,47261,45973,68162,68162,69336,78190,,,,,,,,,,,,,72522,72522,76519,74160,,,,,,,,,51017,51017,51286,50983,1897,1889,3840,5973,2076,2071,3943,5929,3016,2957,6616,9813,,,,,,,,,,,,,3036,2937,6291,9645,,,,,,,,,2013,1987,4312,6969,57374.9,45058,44333,45783,45847.5,45078,46617,56222.4,70962.5,68162,73763,73930.75,72522,75339.5,51075.75,51017,51134.5,58527.4,4360.5,3399.75,1893,4906.5,3504.75,2073.5,4936,2387.9,5600.5,2986.5,8214.5,5477.25,2986.5,7968,3820.25,2000,5640.5,6333.1,63858263.7,50149554,49342629,50956479,51028267.5,50171814,51884721,62575531.2,78981262.5,75864306,82098219,82284924.75,80716986,83852863.5,56847309.75,56781921,56912698.5,65140996.2,4853236.5,3783921.75,2106909,5460934.5,3900786.75,2307805.5,5493768,2657732.7,6233356.5,3323974.5,9142738.5,6096179.25,3323974.5,8868384,4251938.25,2226000,6277876.5,7048740.3
491600.700350739,4444006.09882611,"055","04","01","0550401",Peña Rubia,Peña Rubia,Peña Rubia Núcleo,"162","14","7",-3.09860973,40.1463553679,41571,41571,41730,50340,42316,42316,43495,51699,65400,65400,65185,73774,,,,,,,,,,,,,69760,69760,72369,80957,,,,,,,,,48256,48256,47520,55724,1725,1703,5563,10837,1903,1881,5722,10940,2853,2793,9293,13853,,,,,,,,,,,,,2888,2775,8968,13408,,,,,,,,,1850,1803,6658,11309,55869.95,43803,41571,46035,44956.5,42316,47597,53460.6,67439.75,65400,69479.5,73211.5,69760,76663,49939,48256,51622,58279.3,5936.25,4957,1714,8200,5111.5,1892,8331,2217.4,7198,2823,11573,7009.75,2831.5,11188,5405,1826.5,8983.5,9655.1,9050931.9,7096086,6734502,7457670,7282953,6855192,7710714,8660617.2,10925239.5,10594800,11255679,11860263,11301120,12419406,8090118,7817472,8362764,9441246.6,961672.5,803034,277668,1328400,828063,306504,1349622,359218.8,1166076,457326,1874826,1135579.5,458703,1812456,875610,295893,1455327,1564126.2
482316.608259039,4459438.71387287,"102","01","01","1020101",Orusco,Orusco,Orusco Núcleo,"1426","14","7",-3.2080313761,40.2852499632,22887,22887,27861,27861,23755,23755,28210,28210,53255,53255,53368,60407,,,,,,,,,,,,,49880,49880,56397,58429,,,,,,,,,28371,28371,33784,33200,1542,1552,4600,4600,1716,1734,4477,4477,2855,2811,8256,7754,,,,,,,,,,,,,2623,2547,8185,7669,,,,,,,,,1799,1774,5625,4910,38201.15,25374,22887,27861,25982.5,23755,28210,35629.6,55071.25,53255,56887.5,53646.5,49880,57413,30931.5,28371,33492,40772.7,4075.3,3073.5,1547,4600,3101,1725,4477,2095.3,5419,2833,8005,5256,2585,7927,3527,1786.5,5267.5,6055.3,54474839.9,36183324,32636862,39729786,37051045,33874630,40227460,50807809.6,78531602.5,75941630,81121575,76499909,71128880,81870938,44108319,40457046,47759592,58141870.2,5811377.8,4382811,2206022,6559600,4422026,2459850,6384202,2987897.8,7727494,4039858,11415130,7495056,3686210,11303902,5029502,2547549,7511455,8634857.8
456415.797602038,4462928.21768733,"014","03","04","0140304",Puente de Arganda,Puente de Arganda,Puente de Arganda Núcleo,"111","14","7",-3.512963894,40.3157378027,8937,8937,10674,9513,7771,7771,27047,8232,17573,17573,16782,15635,,,,,,,,,,,,,23900,21225,23560,20865,,,,,,,,,3541,3541,2599,2599,660,652,2171,1973,653,640,2707,2368,1252,1125,2933,3683,,,,,,,,,,,,,1415,1138,3221,3486,,,,,,,,,257,254,719,719,12913.75,9515.25,8937,10093.5,12705.25,7771,17639.5,12076.9,16890.75,17573,16208.5,22387.5,22562.5,22212.5,3070,3541,2599,13750.6,1601.3,1364,656,2072,1592,646.5,2537.5,804.6,2248.25,1188.5,3308,2315,1276.5,3353.5,487.25,255.5,719,2398,1433426.25,1056192.75,992007,1120378.5,1410282.75,862581,1957984.5,1340535.9,1874873.25,1950603,1799143.5,2485012.5,2504437.5,2465587.5,340770,393051,288489,1526316.6,177744.3,151404,72816,229992,176712,71761.5,281662.5,89310.6,249555.75,131923.5,367188,256965,141691.5,372238.5,54084.75,28360.5,79809,266178
456929.880120187,4460278.11886933,"014","03","01","0140301",Avícola del Jarama,Avícola del Jarama,Avícola del Jarama Núcleo,"113","14","7",-3.5067351986,40.2918897972,10802,10802,17529,20716,10563,10563,14091,18819,19462,19462,20479,24826,,,,,,,,,,,,,25788,23114,24440,30019,,,,,,,,,5430,5430,9479,14059,729,716,3564,3604,778,795,2812,2537,1317,1198,3698,3585,,,,,,,,,,,,,1492,1208,3534,3532,,,,,,,,,336,331,2130,2386,16793.65,14962.25,10802,19122.5,13509,10563,16455,14141.6,21057.25,19462,22652.5,25840.25,24451,27229.5,8599.5,5430,11769,19445.7,2014.1,2153.25,722.5,3584,1730.5,786.5,2674.5,890,2449.5,1257.5,3641.5,2441.5,1350,3533,1295.75,333.5,2258,3138.2,1897682.45,1690734.25,1220626,2160842.5,1526517,1193619,1859415,1598000.8,2379469.25,2199206,2559732.5,2919948.25,2762963,3076933.5,971743.5,613590,1329897,2197364.1,227593.3,243317.25,81642.5,404992,195546.5,88874.5,302218.5,100570,276793.5,142097.5,411489.5,275889.5,152550,399229,146419.75,37685.5,255154,354616.6
460659.448018929,4461724.92506793,"014","01","01","0140101",Arganda del Rey,Arganda del Rey,Arganda del Rey Núcleo,"51109","14","7",-3.462945888,40.30510799,3920,3920,4823,4823,2676,2676,2375,2375,22460,22460,23824,26220,,,,,,,,,,,,,28787,26112,26854,29249,,,,,,,,,2728,2728,4459,4459,444,455,1185,1185,371,408,664,664,1405,1302,4309,4448,,,,,,,,,,,,,1576,1326,3760,4056,,,,,,,,,243,258,1213,1213,12396.4,4371.5,3920,4823,2525.5,2676,2375,11846.7,23741,22460,25022,27750.5,27449.5,28051.5,3593.5,2728,4459,12946.1,1524.25,817.25,449.5,1185,526.75,389.5,664,778.8,2866,1353.5,4378.5,2679.5,1451,3908,731.75,250.5,1213,2269.7,633567607.6,223422993.5,200347280,246498707,129075779.5,136767684,121383875,605472990.3,1213378769,1147908140,1278849398,1418300304.5,1402916495.5,1433684113.5,183660191.5,139425352,227895031,661662224.9,77902893.25,41768830.25,22973495.5,60564165,26921665.75,19906955.5,33936376,39803689.2,146478394,69176031.5,223780756.5,136946565.5,74159159,199733972,37399010.75,12802804.5,61995217,116002097.3
461999.662160421,4462394.52894802,"014","07","01","0140701","Villares, Los",Los Villares,Los Villares Núcleo,"7643","14","7",-3.447214965,40.311202515,3576,3576,4405,4405,2036,2036,2956,2485,22823,22823,25509,26768,,,,,,,,,,,,,27669,27669,28538,29797,,,,,,,,,4747,4747,6754,6754,464,459,2446,2446,381,399,2166,967,1668,1591,4458,4407,,,,,,,,,,,,,1472,1367,4429,4141,,,,,,,,,498,519,1972,1972,13003.65,3990.5,3576,4405,2378.25,2036,2720.5,12170.2,24480.75,22823,26138.5,28418.25,27669,29167.5,5750.5,4747,6754,13837.1,1911.1,1453.75,461.5,2446,978.25,390,1566.5,881.8,3031,1629.5,4432.5,2852.25,1419.5,4285,1240.25,508.5,1972,2940.4,99386896.95,30499391.5,27331368,33667415,18176964.75,15561148,20792781.5,93016838.6,187106372.25,174436189,199776555.5,217200684.75,211474167,222927202.5,43951071.5,36281321,51620822,105756955.3,14606537.3,11111011.25,3527244.5,18694778,7476764.75,2980770,11972759.5,6739597.4,23165933,12454268.5,33877597.5,21799746.75,10849238.5,32750255,9479230.75,3886465.5,15071996,22473477.2
471291.92373637,4442479.3857589,"019","01","01","0190101",Belmonte de Tajo,Belmonte de Tajo,Belmonte de Tajo Núcleo,"1905","8","7",-3.336969013,40.1321520628,28789,28789,52041,52041,29625,29625,30850,30761,52709,52709,53910,66854,,,,,,,,,,,,,57069,57069,61094,70687,,,,,,,,,35565,35565,35861,55854,1888,1954,4522,4522,1549,1567,2623,3244,2506,2461,5785,6445,,,,,,,,,,,,,2526,2425,5580,6392,,,,,,,,,1502,1493,3601,5168,45873.35,40415,28789,52041,30215.25,29625,30805.5,40751.4,56545.5,52709,60382,61479.75,57069,65890.5,40711.25,35565,45857.5,50995.3,3387.65,3221.5,1921,4522,2245.75,1558,2933.5,1987.1,4299.25,2483.5,6115,4230.75,2475.5,5986,2941,1497.5,4384.5,4788.2,87388731.75,76990575,54843045,99138105,57560051.25,56435625,58684477.5,77631417,107719177.5,100410645,115027710,117118923.75,108716445,125521402.5,77554931.25,67751325,87358537.5,97146046.5,6453473.25,6136957.5,3659505,8614410,4278153.75,2967990,5588317.5,3785425.5,8190071.25,4731067.5,11649075,8059578.75,4715827.5,11403330,5602605,2852737.5,8352472.5,9121521
479724.98051887,4456313.43558869,"035","01","01","0350101",Carabaña,Carabaña,Carabaña Núcleo,"2300","14","7",-3.2384207349,40.2570345563,25028,25028,23903,23903,25761,25761,24239,24239,48845,48845,49397,56436,,,,,,,,,,,,,53205,53205,52426,54458,,,,,,,,,31700,31700,29813,29229,1400,1434,3947,3947,1579,1613,3813,3813,2535,2512,7592,7090,,,,,,,,,,,,,2558,2459,7521,7005,,,,,,,,,1523,1524,4961,4246,36856.05,24465.5,25028,23903,25000,25761,24239,36907.8,50880.75,48845,52916.5,53323.5,53205,53442,30610.5,31700,29521,36804.3,3653.6,2682,1417,3947,2704.5,1596,3813,1913.7,4932.25,2523.5,7341,4885.75,2508.5,7263,3063.5,1523.5,4603.5,5393.5,84768915,56270650,57564400,54976900,57500000,59250300,55749700,84887940,117025725,112343500,121707950,122644050,122371500,122916600,70404150,72910000,67898300,84649890,8403280,6168600,3259100,9078100,6220350,3670800,8769900,4401510,11344175,5804050,16884300,11237225,5769550,16704900,7046050,3504050,10588050,12405050
484566.179018449,4464270.41953565,"011","01","01","0110101",Ambite,Ambite,Ambite Núcleo,"423","14","7",-3.1816836533,40.3288246985,31885,31885,33761,33761,32754,32754,34110,34110,53898,53898,59268,66307,,,,,,,,,,,,,51822,51822,62297,64329,,,,,,,,,36263,36263,75376,75372,1762,1763,5280,5280,1969,1963,5157,5157,2967,2961,8936,8434,,,,,,,,,,,,,2724,2644,8865,8349,,,,,,,,,2042,2037,10325,9943,47596.75,32823,31885,33761,33432,32754,34110,41324.4,58342.75,53898,62787.5,57567.5,51822,63313,55818.5,36263,75374,53869.1,4927.9,3521.25,1762.5,5280,3561.5,1966,5157,2283.2,5824.5,2964,8685,5645.5,2684,8607,6086.75,2039.5,10134,7572.6,20133425.25,13884129,13487355,14280903,14141736,13854942,14428530,17480221.2,24678983.25,22798854,26559112.5,24351052.5,21920706,26781399,23611225.5,15339249,31883202,22786629.3,2084501.7,1489488.75,745537.5,2233440,1506514.5,831618,2181411,965793.6,2463763.5,1253772,3673755,2388046.5,1135332,3640761,2574695.25,862708.5,4286682,3203209.8
485080.95191739,4463490.614442,"011","02","01","0110201",Sierra de Tajuña,Sierra de Tajuña,Sierra de Tajuña Núcleo,"270","14","7",-3.175605677,40.321808596,32964,32964,34831,34868,33832,33832,35180,35217,54976,54976,60338,67414,,,,,,,,,,,,,52901,52901,65404,65436,,,,,,,,,37342,37342,76442,76479,1889,1891,5973,5973,2079,2078,5850,5850,3082,3068,9548,9127,,,,,,,,,,,,,2830,2760,9223,9042,,,,,,,,,2163,2145,11057,10636,48781.95,33906.75,32964,34849.5,34515.25,33832,35198.5,42403,59426,54976,63876,59160.5,52901,65420,56901.25,37342,76460.5,55160.9,5313.2,3931.5,1890,5973,3964.25,2078.5,5850,2398.5,6206.25,3075,9337.5,5963.75,2795,9132.5,6500.25,2154,10846.5,8227.9,13171126.5,9154822.5,8900280,9409365,9319117.5,9134640,9503595,11448810,16045020,14843520,17246520,15973335,14283270,17663400,15363337.5,10082340,20644335,14893443,1434564,1061505,510300,1612710,1070347.5,561195,1579500,647595,1675687.5,830250,2521125,1610212.5,754650,2465775,1755067.5,581580,2928555,2221533
474335.86639023,4460510.57857762,"165","01","01","1650101",Valdilecha,Valdilecha,Valdilecha Núcleo,"3163","14","7",-3.3019605398,40.2946997433,13797,13797,23555,23555,14666,14666,21612,21612,41855,41855,45895,45895,,,,,,,,,,,,,46215,46215,48924,48924,,,,,,,,,24710,24710,26673,26673,927,943,4795,3897,1110,1123,3285,3285,2227,2163,6725,6785,,,,,,,,,,,,,2244,2138,6459,6459,,,,,,,,,1218,1209,4704,4704,30790.2,18676,13797,23555,18139,14666,21612,28248.6,43875,41855,45895,47569.5,46215,48924,25691.5,24710,26673,33331.8,3320,2640.5,935,4346,2200.75,1116.5,3285,1530.2,4475,2195,6755,4325,2191,6459,2958.75,1213.5,4704,5109.8,97389402.6,59072188,43639911,74504465,57373657,46388558,68358756,89350321.8,138776625,132387365,145165885,150462328.5,146178045,154746612,81262214.5,78157730,84366699,105428483.4,10501160,8351901.5,2957405,13746398,6960972.25,3531489.5,10390455,4840022.6,14154425,6942785,21366065,13679975,6930133,20429817,9358526.25,3838300.5,14878752,16162297.4
481185.96338465,4468764.07731277,"101","01","01","1010101",Olmeda de las Fuentes,Olmeda de las Fuentes,Olmeda de las Fuentes Núcleo,"404","14","7",-3.2216070408,40.3692395792,30613,30613,35860,37659,31482,31482,35795,35795,52626,52626,58233,58764,,,,,,,,,,,,,50550,50550,61262,63266,,,,,,,,,31492,31492,36286,37101,1723,1766,6607,5700,1909,1965,5240,5240,2910,2955,8966,9326,,,,,,,,,,,,,2670,2646,8462,9852,,,,,,,,,1879,1945,7766,6924,42677.35,33686.25,30613,36759.5,33638.5,31482,35795,39352.6,55562.25,52626,58498.5,56407,50550,62264,34092.75,31492,36693.5,46002.1,4822.55,3949,1744.5,6153.5,3588.5,1937,5240,2236.8,6039.25,2932.5,9146,5907.5,2658,9157,4628.5,1912,7345,7408.3,17241649.4,13609245,12367652,14850838,13589954,12718728,14461180,15898450.4,22447149,21260904,23633394,22788428,20422200,25154656,13773471,12722768,14824174,18584848.4,1948310.2,1595396,704778,2486014,1449754,782548,2116960,903667.2,2439857,1184730,3694984,2386630,1073832,3699428,1869914,772448,2967380,2992953.2
483463.46709854,4451120.12131487,"155","01","01","1550101",Valdaracete,Valdaracete,Valdaracete Núcleo,"613","14","7",-3.1943251038,40.2103282033,31660,31660,31330,31415,32405,32405,32688,31724,55489,55489,54763,63941,,,,,,,,,,,,,59849,59849,61947,59911,,,,,,,,,38345,38345,36714,36734,1715,1784,2827,4147,1895,1957,2930,4103,2824,2853,5483,7987,,,,,,,,,,,,,2831,2832,5278,7819,,,,,,,,,1821,1864,3299,5143,43833.15,31516.25,31660,31372.5,32305.5,32405,32206,43549.6,57420.5,55489,59352,60389,59849,60929,37534.5,38345,36724,44116.7,3569.6,2618.25,1749.5,3487,2721.25,1926,3516.5,2237.6,4786.75,2838.5,6735,4690,2831.5,6548.5,3031.75,1842.5,4221,4901.6,26869720.95,19319461.25,19407580,19231342.5,19803271.5,19864265,19742278,26695904.8,35198766.5,34014757,36382776,37018457,36687437,37349477,23008648.5,23505485,22511812,27043537.1,2188164.8,1604987.25,1072443.5,2137531,1668126.25,1180638,2155614.5,1371648.8,2934277.75,1740000.5,4128555,2874970,1735709.5,4014230.5,1858462.75,1129452.5,2587473,3004680.8
479544.534303139,4435420.05845726,"173","03","01","1730301",Villamanrique de Tajo,Villamanrique de Tajo,Villamanrique de Tajo Núcleo,"805","14","7",-3.2398792148,40.068791923,35990,35990,42295,45833,36735,36735,42604,47191,59819,59819,69269,69713,,,,,,,,,,,,,64179,64179,79215,76464,,,,,,,,,61238,61238,65105,65105,1620,1645,3431,4958,1800,1826,3343,5065,2759,2720,7952,8239,,,,,,,,,,,,,2759,2699,7914,8287,,,,,,,,,2684,2770,7784,7784,55935.8,40027,35990,44064,40816.25,36735,44897.5,51592.2,64655,59819,69491,71009.25,64179,77839.5,63171.5,61238,65105,60279.4,4401.95,2913.5,1632.5,4194.5,3008.5,1813,4204,2328.2,5417.5,2739.5,8095.5,5414.75,2729,8100.5,5255.5,2727,7784,6475.7,45028319,32221735,28971950,35471520,32857081.25,29571675,36142487.5,41531721,52047275,48154295,55940255,57162446.25,51664095,62660797.5,50853057.5,49296590,52409525,48524917,3543569.75,2345367.5,1314162.5,3376572.5,2421842.5,1459465,3384220,1874201,4361087.5,2205297.5,6516877.5,4358873.75,2196845,6520902.5,4230677.5,2195235,6266120,5212938.5
462820.965225919,4453406.25682596,"091","01","01","0910101",Morata de Tajuña,Morata de Tajuña,Morata de Tajuña Núcleo,"7650","14","7",-3.4370280142,40.2302630759,10546,10546,10832,10489,10554,10554,10301,10301,30220,30220,30516,35838,,,,,,,,,,,,,36546,33871,35408,41031,,,,,,,,,13076,13076,16937,16937,848,884,1401,1832,948,992,1189,1189,1844,1763,4137,3988,,,,,,,,,,,,,2004,1791,4144,3935,,,,,,,,,773,802,2009,2009,20889.95,10603.25,10546,10660.5,10427.5,10554,10301,19920.9,31698.5,30220,33177,36714,35208.5,38219.5,15006.5,13076,16937,21859,1924.1,1241.25,866,1616.5,1079.5,970,1189,1264.9,2933,1803.5,4062.5,2968.5,1897.5,4039.5,1398.25,787.5,2009,2583.3,159808117.5,81114862.5,80676900,81552825,79770375,80738100,78802650,152394885,242493525,231183000,253804050,280862100,269345025,292379175,114799725,100031400,129568050,167221350,14719365,9495562.5,6624900,12366225,8258175,7420500,9095850,9676485,22437450,13796775,31078125,22709025,14515875,30902175,10696612.5,6024375,15368850,19762245
490708.2032799,4453190.29717493,"025","01","01","0250101",Brea de Tajo,Brea de Tajo,Brea de Tajo Núcleo,"434","14","7",-3.1092204705,40.229090948,37073,37073,39928,39908,37806,37806,40605,40223,60890,60890,63262,72440,,,,,,,,,,,,,65250,65250,70446,68410,,,,,,,,,43746,43746,45213,45233,1955,2007,5975,5193,2132,2175,5763,5155,3072,3065,6026,9039,,,,,,,,,,,,,3071,3010,5701,8871,,,,,,,,,2071,2091,3722,6195,50759.9,38495.5,37073,39918,39110,37806,40414,48953,64370.5,60890,67851,67339,65250,69428,44484.5,43746,45223,52566.8,4314.45,3782.5,1981,5584,3806.25,2153.5,5459,2464.9,5300.5,3068.5,7532.5,5163.25,3040.5,7286,3519.75,2081,4958.5,6164,22029796.6,16707047,16089682,17324412,16973740,16407804,17539676,21245602,27936797,26426260,29447334,29225126,28318500,30131752,19306273,18985764,19626782,22813991.2,1872471.3,1641605,859754,2423456,1651912.5,934619,2369206,1069766.6,2300417,1331729,3269105,2240850.5,1319577,3162124,1527571.5,903154,2151989,2675176
491926.32536105,4453542.05043551,"025","02","01","0250201","Alameda y El Quejigal, La",La Alameda y El Quejigal,La Alameda y El Quejigal Núcleo,"92","14","7",-3.0949064919,40.2322726703,38725,38725,41044,41130,39458,39458,42410,41445,62542,62542,64484,73662,,,,,,,,,,,,,66903,66903,71668,69632,,,,,,,,,45398,45398,46435,46455,2109,2152,4363,6312,2300,2346,4472,6274,3213,3187,7145,10158,,,,,,,,,,,,,3241,3170,6820,9990,,,,,,,,,2239,2249,4841,7314,52220.85,39906,38725,41087,40692.75,39458,41927.5,50605.2,65807.5,62542,69073,68776.5,66903,70650,45921.5,45398,46445,53836.5,4694.75,3734,2130.5,5337.5,3848,2323,5373,2620.6,5925.75,3200,8651.5,5805.25,3205.5,8405,4160.75,2244,6077.5,6768.9,4804318.2,3671352,3562700,3780004,3743733,3630136,3857330,4655678.4,6054290,5753864,6354716,6327438,6155076,6499800,4224778,4176616,4272940,4952958,431917,343528,196006,491050,354016,213716,494316,241095.2,545169,294400,795938,534083,294906,773260,382789,206448,559130,622738.8
476398.62637183,4446602.32865466,"180","01","01","1800101",Villarejo de Salvanés,Villarejo de Salvanés,Villarejo de Salvanés Núcleo,"7710","14","7",-3.277179366,40.1694564574,22256,22256,22022,21937,23001,23001,22331,22693,46085,46085,45373,45370,,,,,,,,,,,,,50445,50445,52750,55316,,,,,,,,,28941,28941,27321,27321,1087,1101,2236,2602,1262,1278,2148,2039,2208,2156,4881,5761,,,,,,,,,,,,,2244,2115,4595,5783,,,,,,,,,1216,1197,2996,2941,34194.5,22117.75,22256,21979.5,22756.5,23001,22512,34145.6,45728.25,46085,45371.5,52239,50445,54033,28131,28941,27321,34243.4,2592.3,1756.5,1094,2419,1681.75,1270,2093.5,1586.4,3751.5,2182,5321,3684.25,2179.5,5189,2087.5,1206.5,2968.5,3598.2,263639595,170527852.5,171593760,169461945,175452615,177337710,173567520,263262576,352564807.5,355315350,349814265,402762690,388930950,416594430,216890010,223135110,210644910,264016614,19986633,13542615,8434740,18650490,12966292.5,9791700,16140885,12231144,28924065,16823220,41024910,28405567.5,16803945,40007190,16094625,9302115,22887135,27742122
478764.250105515,4440346.13620264,"180","02","01","1800201","Hijosas, Las",Las Hijosas,Las Hijosas Núcleo,"114","14","7",-3.249191251,40.113154486,31935,31935,55472,55472,32680,32680,56830,56830,55765,55765,78411,78411,,,,,,,,,,,,,60125,60125,88851,88851,,,,,,,,,38620,38620,60856,60856,1578,1578,7911,7911,1768,1754,8005,8005,2702,2616,11069,11069,,,,,,,,,,,,,2735,2629,10792,10792,,,,,,,,,1693,1663,8250,8250,55954.5,43703.5,31935,55472,44755,32680,56830,43825,67088,55765,78411,74488,60125,88851,49738,38620,60856,68084,5638.5,4744.5,1578,7911,4883,1761,8005,2071.6,6864,2659,11069,6737,2682,10792,4964,1678,8250,9205.4,6378813,4982199,3640590,6323808,5102070,3725520,6478620,4996050,7648032,6357210,8938854,8491632,6854250,10129014,5670132,4402680,6937584,7761576,642789,540873,179892,901854,556662,200754,912570,236162.4,782496,303126,1261866,768018,305748,1230288,565896,191292,940500,1049415.6
486541.513942692,4440547.55403931,"060","02","01","0600201",Alarilla,Alarilla,Alarilla Núcleo,"354","14","7",-3.1326282514,40.0822249927,41657,41657,41856,41856,42402,42402,42527,42527,65486,65486,65226,67323,,,,,,,,,,,,,69846,69846,72406,70352,,,,,,,,,48342,48342,47177,47177,1839,1843,7662,7662,2018,2022,7446,7446,2967,2935,10870,11470,,,,,,,,,,,,,2985,2932,10895,11100,,,,,,,,,1962,1928,8496,8856,53694.65,41756.5,41657,41856,42464.5,42402,42527,53546.6,65880.25,65486,66274.5,70612.5,69846,71379,47759.5,48342,47177,53842.7,5766.7,4751.5,1841,7662,4733,2020,7446,2343.1,7060.5,2951,11170,6978,2958.5,10997.5,5310.5,1945,8676,9190.3,19007906.1,14781801,14746578,14817024,15032433,15010308,15054558,18955496.4,23321608.5,23182044,23461173,24996825,24725484,25268166,16906863,17113068,16700658,19060315.8,2041411.8,1682031,651714,2712348,1675482,715080,2635884,829457.4,2499417,1044654,3954180,2470212,1047309,3893115,1879917,688530,3071304,3253366.2
486215.69895107,4440870.36194423,"060","01","01","0600101",Fuentidueña de Tajo,Fuentidueña de Tajo,Fuentidueña de Tajo Núcleo,"1929","14","7",-3.1617637127,40.1180326621,34642,34642,35419,35367,35386,35386,36778,36038,58471,58471,59063,60834,,,,,,,,,,,,,62831,62831,66033,63863,,,,,,,,,41326,41326,40803,41273,1580,1605,3407,2985,1759,1779,3510,2769,2699,2647,6183,6303,,,,,,,,,,,,,2723,2623,6218,6333,,,,,,,,,1687,1691,3879,4174,47039.15,35017.5,34642,35393,35897,35386,36408,46531.2,59209.75,58471,59948.5,63889.5,62831,64948,41182,41326,41038,47547.1,3327.7,2394.25,1592.5,3196,2454.25,1769,3139.5,2079.3,4458,2673,6243,4474.25,2673,6275.5,2857.75,1689,4026.5,4576.1,90738520.35,67548757.5,66824418,68273097,69245313,68259594,70231032,89758684.8,114215607.75,112790559,115640656.5,123242845.5,121200999,125284692,79440078,79717854,79162302,91718355.9,6419133.3,4618508.25,3071932.5,6165084,4734248.25,3412401,6056095.5,4010969.7,8599482,5156217,12042747,8630828.25,5156217,12105439.5,5512599.75,3258081,7767118.5,8827296.9
464196.185816759,4471193.96220583,"075","01","01","0750101",Colegio Monfort,Colegio Monfort,Colegio Monfort Núcleo,"15","14","7",-3.421859075,40.3905737417,14215,14215,22283,49588,12945,12945,20342,20168,27026,27026,29526,32663,,,,,,,,,,,,,24950,24950,36140,36140,,,,,,,,,11631,11631,13657,13655,1119,1124,4350,8278,1040,1066,3990,5126,1697,1665,5151,5421,,,,,,,,,,,,,1510,1345,5131,5131,,,,,,,,,930,921,3057,3403,22784.8,25075.25,14215,35935.5,16600,12945,20255,18153.4,29060.25,27026,31094.5,30545,24950,36140,12643.5,11631,13656,27416.2,3072.75,3717.75,1121.5,6314,2805.5,1053,4558,1241.7,3483.5,1681,5286,3279.25,1427.5,5131,2077.75,925.5,3230,4903.8,341772,376128.75,213225,539032.5,249000,194175,303825,272301,435903.75,405390,466417.5,458175,374250,542100,189652.5,174465,204840,411243,46091.25,55766.25,16822.5,94710,42082.5,15795,68370,18625.5,52252.5,25215,79290,49188.75,21412.5,76965,31166.25,13882.5,48450,73557
465046.92623482,4470616.91408387,"075","01","02","0750102",Loeches,Loeches,Loeches Núcleo,"8621","14","7",-3.4118037956,40.3854112691,13316,13316,21265,46739,12045,12045,19324,44011,27706,27706,29370,29370,,,,,,,,,,,,,25630,25630,37057,33872,,,,,,,,,11544,11544,13501,13431,1044,1042,3486,6595,965,989,3126,5963,1745,1726,4698,4758,,,,,,,,,,,,,1557,1397,5091,5570,,,,,,,,,926,922,2604,3025,23421.1,23659,13316,34002,21856.25,12045,31667.5,18048.2,28538,27706,29370,30547.25,25630,35464.5,12505,11544,13466,28794,2861.45,3041.75,1043,5040.5,2760.75,977,4544.5,1231.3,3231.75,1735.5,4728,3403.75,1477,5330.5,1869.25,924,2814.5,4491.6,201913303.1,203964239,114797236,293131242,188422731.25,103839945,273005517.5,155593532.2,246026098,238853426,253198770,263347842.25,220956230,305739454.5,107805605,99520824,116090386,248233074,24668560.45,26222926.75,8991703,43454150.5,23800425.75,8422717,39178134.5,10615037.3,27860916.75,14961745.5,40760088,29343728.75,12733217,45954240.5,16114804.25,7965804,24263804.5,38722083.6
465187.73343534,4471779.64342572,"075","09","01","0750901",Prado Concejil,Prado Concejil,Prado Concejil Núcleo,"530","14","7",-3.410208452,40.3958921487,14306,14306,23114,45431,13036,13036,21173,21825,28458,28458,28062,34321,,,,,,,,,,,,,26382,26382,32565,37798,,,,,,,,,10749,10749,12193,12191,1099,1112,4536,7058,1015,1057,4176,6142,1858,1866,4815,6428,,,,,,,,,,,,,1666,1537,5687,6138,,,,,,,,,828,837,2721,3067,22726.75,24289.25,14306,34272.5,17267.5,13036,21499,18586.2,29824.75,28458,31191.5,30781.75,26382,35181.5,11470.5,10749,12192,26867.3,3182.15,3451.25,1105.5,5797,3097.5,1036,5159,1287.5,3741.75,1862,5621.5,3757,1601.5,5912.5,1863.25,832.5,2894,5076.8,12045177.5,12873302.5,7582180,18164425,9151775,6909080,11394470,9850686,15807117.5,15082740,16531495,16314327.5,13982460,18646195,6079365,5696970,6461760,14239669,1686539.5,1829162.5,585915,3072410,1641675,549080,2734270,682375,1983127.5,986860,2979395,1991210,848795,3133625,987522.5,441225,1533820,2690704
453096.882299317,4475525.35962245,"049","01","01","0490101",Coslada,Coslada,Coslada Núcleo,"80688","13","7",-3.5529510022,40.429043165,1676,1676,1523,1575,1934,1934,1575,1855,15567,15567,10341,10341,,,,,,,,,,,,,13612,13612,12399,12332,,,,,,,,,3732,3732,2410,2662,287,297,1220,1045,329,341,999,1027,1340,1237,2956,2905,,,,,,,,,,,,,1227,963,3806,3600,,,,,,,,,270,294,1270,1447,6502.75,1612.5,1676,1549,1824.5,1934,1715,7304.2,12954,15567,10341,12988.75,13612,12365.5,3134,3732,2536,5701.3,1343,712.25,292,1132.5,674,335,1013,658.5,2109.5,1288.5,2930.5,2399,1095,3703,820.25,282,1358.5,2027.5,524693892,130109400,135233088,124985712,147215256,156050592,138379920,589361289.6,1045232352,1256070096,834394608,1048036260,1098325056,997747464,252876192,301127616,204624768,460026494.4,108363984,57470028,23560896,91379160,54383712,27030480,81736944,53133048,170211336,103966488,236456184,193570512,88353360,298787664,66184332,22754016,109614648,163594920
458081.770668319,4470103.64349354,"084","02","01","0840201",Huertos Familiares,Huertos Familiares,Huertos Familiares Núcleo,"188","13","7",-3.4938281868,40.3804659505,15411,15411,9317,9317,11111,11111,29980,29980,20421,20421,22644,22644,,,,,,,,,,,,,18346,18346,23526,24095,,,,,,,,,12951,12951,16796,15696,1218,1128,3627,3459,1098,1004,4989,5088,1377,1333,5371,5140,,,,,,,,,,,,,1188,1017,5229,5260,,,,,,,,,1207,991,4014,3901,18023.75,12364,15411,9317,20545.5,11111,29980,15648,21532.5,20421,22644,21078.25,18346,23810.5,14598.5,12951,16246,20399.5,2881.95,2358,1173,3543,3044.75,1051,5038.5,1156.1,3305.25,1355,5255.5,3173.5,1102.5,5244.5,2528.25,1099,3957.5,4607.8,3388465,2324432,2897268,1751596,3862554,2088868,5636240,2941824,4048110,3839148,4257072,3962711,3449048,4476374,2744518,2434788,3054248,3835106,541806.6,443304,220524,666084,572413,197588,947238,217346.8,621387,254740,988034,596618,207270,985966,475311,206612,744010,866266.4
458570.062675369,4469999.77463174,"084","05","01","0840501","Raya de Velilla, La",La Raya de Velilla,La Raya de Velilla Núcleo,"88","13","7",-3.4880691868,40.379554629,14601,14601,13953,10636,10301,10301,34576,34576,19611,19611,23963,23963,,,,,,,,,,,,,17535,17535,28122,28122,,,,,,,,,12141,12141,21383,17015,1132,1060,2197,2231,1011,942,4440,4560,1300,1271,3921,4170,,,,,,,,,,,,,1104,957,4740,4423,,,,,,,,,1114,924,3951,3771,19234.35,13447.75,14601,12294.5,22438.5,10301,34576,14837.8,21787,19611,23963,22828.5,17535,28122,15670,12141,19199,23630.9,2460.95,1655,1096,2214,2738.25,976.5,4500,1081.5,2665.5,1285.5,4045.5,2806,1030.5,4581.5,2440,1019,3861,3840.4,1692622.8,1183402,1284888,1081916,1974588,906488,3042688,1305726.4,1917256,1725768,2108744,2008908,1543080,2474736,1378960,1068408,1689512,2079519.2,216563.6,145640,96448,194832,240966,85932,396000,95172,234564,113124,356004,246928,90684,403172,214720,89672,339768,337955.2
458890.541683569,4471405.25364741,"084","01","01","0840101",Mejorada del Campo,Mejorada del Campo,Mejorada del Campo Núcleo,"21438","13","7",-3.484384578,40.3922322897,10157,10157,11724,10586,9986,9986,32347,32347,20764,20764,21151,23914,,,,,,,,,,,,,18689,18689,25893,25893,,,,,,,,,10981,10981,20950,16965,1102,1073,1864,2385,992,965,4103,4223,1431,1427,4044,4540,,,,,,,,,,,,,1239,1114,4403,4086,,,,,,,,,1022,951,3858,2641,18146.2,10656,10157,11155,21166.5,9986,32347,14115.4,21648.25,20764,22532.5,22291,18689,25893,14969.25,10981,18957.5,22177,2373.15,1606,1087.5,2124.5,2570.75,978.5,4163,1131.6,2860.5,1429,4292,2710.5,1176.5,4244.5,2118,986.5,3249.5,3614.7,389018235.6,228443328,217745766,239140890,453767427,214079868,693454986,302605945.2,464095183.5,445138632,483051735,477874458,400654782,555094134,320910781.5,235410678,406410885,475430526,50875589.7,34429428,23313825,45545031,55111738.5,20977083,89246394,24259240.8,61323399,30634902,92011896,58107699,25221807,90993591,45405684,21148587,69662781,77491938.6
458830.712089799,4468975.13786793,"167","01","01","1670101",Velilla de San Antonio,Velilla de San Antonio,Velilla de San Antonio Núcleo,"14008","13","7",-3.4849325075,40.370336703,15627,15627,15574,12256,11327,11327,36197,36197,20637,20637,25584,25584,,,,,,,,,,,,,18562,18562,29061,29743,,,,,,,,,9764,9764,10522,10522,1265,1167,2352,2379,1164,1053,4256,4718,1435,1372,4204,4153,,,,,,,,,,,,,1242,1061,4583,4810,,,,,,,,,775,796,2325,2325,19153.7,14771,15627,13915,23762,11327,36197,15183.4,23110.5,20637,25584,23982,18562,29402,10143,9764,10522,23124,2371.75,1790.75,1216,2365.5,2797.75,1108.5,4487,1133,2791,1403.5,4178.5,2924,1151.5,4696.5,1555.25,785.5,2325,3610.5,268305029.6,206912168,218903016,194921320,332858096,158668616,507047576,212689067.2,323731884,289083096,358380672,335939856,260016496,411863216,142083144,136774112,147392176,323920992,33223474,25084826,17033728,33135924,39190882,15527868,62853896,15871064,39096328,19660228,58532428,40959392,16130212,65788572,21785942,11003284,32568600,50575884
477484.14096676,4470232.16620501,"100","03","01","1000301",Monte Acevedo,Monte Acevedo,Monte Acevedo Núcleo,"436","14","7",-3.2652615741,40.3823739987,31695,31695,27824,29622,28867,28867,27758,27758,45749,45749,58800,58800,,,,,,,,,,,,,43673,43673,63302,63302,,,,,,,,,25577,25577,36322,37137,1781,1848,6930,6023,1907,1970,5563,5563,2809,2877,9150,9390,,,,,,,,,,,,,2587,2534,9962,9962,,,,,,,,,1434,1454,7530,6988,39087.35,30209,31695,28723,28312.5,28867,27758,35112.2,52274.5,45749,58800,53487.5,43673,63302,31153.25,25577,36729.5,43062.5,4913.1,4145.5,1814.5,6476.5,3750.75,1938.5,5563,2120.1,6056.5,2843,9270,6261.25,2560.5,9962,4351.5,1444,7259,7706.1,17042084.6,13171124,13819020,12523228,12344250,12586012,12102488,15308919.2,22791682,19946564,25636800,23320550,19041428,27599672,13582817,11151572,16014062,18775250,2142111.6,1807438,791122,2823754,1635327,845186,2425468,924363.6,2640634,1239548,4041720,2729905,1116378,4343432,1897254,629584,3164924,3359859.6
479249.25549684,4468786.48962221,"100","04","01","1000401",Nuevo Baztán,Nuevo Baztán,Nuevo Baztán Núcleo,"306","14","7",-3.244419705,40.369395534,28328,28328,32424,34223,29196,29196,32359,32359,48139,48139,55328,55328,,,,,,,,,,,,,46064,46064,59830,59830,,,,,,,,,26950,26950,34274,33665,1526,1558,6476,5569,1719,1743,5109,5109,2657,2702,9449,9149,,,,,,,,,,,,,2438,2392,9721,9721,,,,,,,,,1434,1469,8517,6747,39348.7,30825.75,28328,33323.5,30777.5,29196,32359,35735.4,51733.5,48139,55328,52947,46064,59830,30459.75,26950,33969.5,42962,4760.25,3782.25,1542,6022.5,3420,1731,5109,1963.8,5989.25,2679.5,9299,6068,2415,9721,4541.75,1451.5,7632,7556.7,12040702.2,9432679.5,8668368,10196991,9417915,8933976,9901854,10935032.4,15830451,14730534,16930368,16201782,14095584,18307980,9320683.5,8246700,10394667,13146372,1456636.5,1157368.5,471852,1842885,1046520,529686,1563354,600922.8,1832710.5,819927,2845494,1856808,738990,2974626,1389775.5,444159,2335392,2312350.2
478938.63755509,4469604.76567938,"100","02","01","1000201","Mirador de Baztán, El",El Mirador de Baztán,El Mirador de Baztán Núcleo,"187","14","7",-3.2481054271,40.376759704,29367,29367,33397,35196,30235,30235,33332,33332,49179,49179,56296,56296,,,,,,,,,,,,,47103,47103,60798,60798,,,,,,,,,26288,26288,35242,34633,1625,1664,7249,6342,1820,1849,5882,5882,2753,2834,9364,9064,,,,,,,,,,,,,2541,2499,9636,9636,,,,,,,,,1423,1448,8432,6662,40183.2,31831.75,29367,34296.5,31783.5,30235,33332,36434.4,52737.5,49179,56296,53950.5,47103,60798,30612.75,26288,34937.5,43932,4930.25,4220,1644.5,6795.5,3858.25,1834.5,5882,2045.6,6003.75,2793.5,9214,6078,2520,9636,4491.25,1435.5,7547,7814.9,7514258.4,5952537.25,5491629,6413445.5,5943514.5,5653945,6233084,6813232.8,9861912.5,9196473,10527352,10088743.5,8808261,11369226,5724584.25,4915856,6533312.5,8215284,921956.75,789140,307521.5,1270758.5,721492.75,343051.5,1099934,382527.2,1122701.25,522384.5,1723018,1136586,471240,1801932,839863.75,268438.5,1411289,1461386.3
477644.26271228,4467820.50377578,"100","06","01","1000601",Eurovillas - Las Villas,Eurovillas - Las Villas,Eurovillas - Las Villas Núcleo,"6464","14","7",-3.263290613,40.3606513357,24327,24327,65565,28091,25195,25195,63837,26227,46546,46546,49196,49196,,,,,,,,,,,,,44470,44470,53699,53699,,,,,,,,,25483,25483,27157,27534,1439,1456,9735,4377,1633,1634,8608,3917,2574,2629,7523,7957,,,,,,,,,,,,,2353,2304,8529,8529,,,,,,,,,1491,1486,6748,5555,38812.15,35577.5,24327,46828,35113.5,25195,45032,33204.2,47871,46546,49196,49084.5,44470,53699,26414.25,25483,27345.5,44420.1,4523.85,4251.75,1447.5,7056,3948,1633.5,6262.5,1899.9,5170.75,2601.5,7740,5428.75,2328.5,8529,3820,1488.5,6151.5,7147.8,250881737.6,229972960,157249728,302696192,226973664,162860480,291086848,214631948.8,309438144,300873344,318002944,317282208,287454080,347110336,170741712,164722112,176761312,287131526.4,29242166.4,27483312,9356640,45609984,25519872,10558944,40480800,12280953.6,33423728,16816096,50031360,35091440,15051424,55131456,24692480,9621664,39763296,46203379.2
455127.487783397,4474956.93729341,"130","02","01","1300201",San Fernando de Henares,San Fernando de Henares,San Fernando de Henares Núcleo,"38905","13","7",-3.5289726252,40.4240344043,1483,1792,2057,2057,2656,2656,4395,3612,17562,17562,15396,15232,,,,,,,,,,,,,16311,16311,19116,19116,,,,,,,,,4148,4148,4011,3191,323,374,808,859,455,474,985,1065,1319,1246,3312,3270,,,,,,,,,,,,,1212,1090,3656,3716,,,,,,,,,523,518,1522,1129,8640.6,1847.25,1637.5,2057,3329.75,2656,4003.5,8462.9,16438,17562,15314,17713.5,16311,19116,3874.5,4148,3601,8818.3,1392.8,591,348.5,833.5,744.75,464.5,1025,753.4,2286.75,1282.5,3291,2418.5,1151,3686,923,520.5,1325.5,2032.2,336162543,71867261.25,63706937.5,80027585,129543923.75,103331680,155756167.5,329249124.5,639520390,683249610,595791170,689143717.5,634579455,743707980,150737422.5,161377940,140096905,343075961.5,54186884,22992855,13558392.5,32427317.5,28974498.75,18071372.5,39877625,29311027,88966008.75,49895662.5,128036355,94091742.5,44779655,143403830,35909315,20250052.5,51568577.5,79062741
457423.844351169,4477913.43592358,"130","08","01","1300801",Polígono de San Fernando de Henares,Polígono de San Fernando de Henares,Polígono de San Fernando de Henares Núcleo,"11","13","7",-3.502101495,40.4507895117,7086,7086,10299,10299,7950,7950,12568,12568,21863,21863,19596,19596,,,,,,,,,,,,,20612,20612,20869,19115,,,,,,,,,3113,3113,3248,3277,832,840,2109,2203,952,955,2786,2478,1469,1385,3793,4522,,,,,,,,,,,,,1381,1238,3871,3967,,,,,,,,,319,334,1213,1714,12634.15,8692.5,7086,10299,10259,7950,12568,12124.8,20729.5,21863,19596,20302,20612,19992,3187.75,3113,3262.5,13143.5,1918.05,1496,836,2156,1792.75,953.5,2632,970.5,2792.25,1427,4157.5,2614.25,1309.5,3919,895,326.5,1463.5,2865.6,138975.65,95617.5,77946,113289,112849,87450,138248,133372.8,228024.5,240493,215556,223322,226732,219912,35065.25,34243,35887.5,144578.5,21098.55,16456,9196,23716,19720.25,10488.5,28952,10675.5,30714.75,15697,45732.5,28756.75,14404.5,43109,9845,3591.5,16098.5,31521.6
455713.385842891,4477944.16092361,"130","13","01","1301301","Castellanas, Las",Las Castellanas,Las Castellanas Núcleo,"14","13","7",-3.5222743311,40.4509769329,13043,13043,8713,10883,13903,13903,10141,11705,25314,25314,17654,21673,,,,,,,,,,,,,23359,23932,20257,19834,,,,,,,,,10898,10898,6269,9315,1418,1321,2885,3716,1501,1419,3127,4044,2189,2008,4076,5902,,,,,,,,,,,,,1989,1737,4950,5551,,,,,,,,,1108,1055,2587,3404,15502.55,11420.5,13043,9798,12413,13903,10923,17360.7,22488.75,25314,19663.5,21845.5,23645.5,20045.5,9345,10898,7792,13644.4,2799.35,2335,1369.5,3300.5,2522.75,1460,3585.5,1574.5,3543.75,2098.5,4989,3556.75,1863,5250.5,2038.5,1081.5,2995.5,4024.2,217035.7,159887,182602,137172,173782,194642,152922,243049.8,314842.5,354396,275289,305837,331037,280637,130830,152572,109088,191021.6,39190.9,32690,19173,46207,35318.5,20440,50197,22043,49612.5,29379,69846,49794.5,26082,73507,28539,15141,41937,56338.8
478133.64992258,4466284.82403869,"179","01","01","1790101",Eurovillas,Eurovillas,Eurovillas Núcleo,"1604","14","7",-3.2574743743,40.346829129,23656,23656,30233,32032,24525,24525,30168,30168,45669,45669,53137,53137,,,,,,,,,,,,,43593,43593,57639,57639,,,,,,,,,28035,28035,32083,31474,1346,1356,6286,5379,1533,1542,4919,4919,2543,2564,9259,8959,,,,,,,,,,,,,2326,2246,9531,9531,,,,,,,,,1648,1639,8327,6557,36933.3,27394.25,23656,31132.5,27346.5,24525,30168,33095.6,49403,45669,53137,50616,43593,57639,29906.75,28035,31778.5,40771,4620.5,3591.75,1351,5832.5,3228.25,1537.5,4919,1874.3,5831.25,2553.5,9109,5908.5,2286,9531,4542.75,1643.5,7442,7366.7,59241013.2,43940377,37944224,49936530,43863786,39338100,48389472,53085342.4,79242412,73253076,85231748,81188064,69923172,92452956,47970427,44968140,50972714,65396684,7411282,5761167,2167004,9355330,5178113,2466150,7890076,3006377.2,9353325,4095814,14610836,9477234,3666744,15287724,7286571,2636174,11936968,11816186.8
480053.69958025,4465194.73377593,"179","02","01","1790201",Villar del Olmo,Villar del Olmo,Villar del Olmo Núcleo,"667","14","7",-3.234832089,40.3370564117,28405,28405,45164,46980,29273,29273,45116,45116,50417,50417,67554,68085,,,,,,,,,,,,,48341,48341,70583,72587,,,,,,,,,32783,32783,45607,46422,1565,1560,7863,6955,1763,1736,6495,6495,2767,2763,10221,10581,,,,,,,,,,,,,2528,2434,9717,11107,,,,,,,,,1849,1830,9021,8179,46582.6,37238.5,28405,46072,37194.5,29273,45116,37843.8,59118.25,50417,67819.5,59963,48341,71585,39398.75,32783,46014.5,55321.4,5371.45,4485.75,1562.5,7409,4122.25,1749.5,6495,2079.5,6583,2765,10401,6446.5,2481,10412,5219.75,1839.5,8600,8663.4,31070594.2,24838079.5,18946135,30730024,24808731.5,19525091,30092372,25241814.6,39431872.75,33628139,45235606.5,39995321,32243447,47747195,26278966.25,21866261,30691671.5,36899373.8,3582757.15,2991995.25,1042187.5,4941803,2749540.75,1166916.5,4332165,1387026.5,4390861,1844255,6937467,4299815.5,1654827,6944804,3481573.25,1226946.5,5736200,5778487.8
472833.5003043,4468590.83130785,"116","01","01","1160101",Pozuelo del Rey,Pozuelo del Rey,Pozuelo del Rey Núcleo,"1298","14","7",-3.3199805392,40.3674484331,20391,20391,60099,37652,21259,21259,58371,35453,41211,41211,43730,43730,,,,,,,,,,,,,39136,39136,48232,48232,,,,,,,,,20148,20148,21690,21252,1166,1164,8982,10047,1341,1339,7855,8753,2296,2329,6770,7250,,,,,,,,,,,,,2094,2017,7776,7776,,,,,,,,,1208,1188,5995,5690,35136.55,34633.25,20391,48875.5,34085.5,21259,46912,28429,42470.5,41211,43730,43684,39136,48232,20809.5,20148,21471,41844.1,4651.8,5339.75,1165,9514.5,4822,1340,8304,1614.2,4661.25,2312.5,7010,4915.75,2055.5,7776,3520.25,1198,5842.5,7689.4,45607241.9,44953958.5,26467518,63440399,44242979,27594182,60891776,36900842,55126709,53491878,56761540,56701832,50798528,62605136,27010731,26152104,27869358,54313641.8,6038036.4,6930995.5,1512170,12349821,6258956,1739320,10778592,2095231.6,6050302.5,3001625,9098980,6380643.5,2668039,10093248,4569284.5,1555004,7583565,9980841.2
