fid,CMUN,CDENTIDAD,CDNUCLEO,CDTNUCLEO,ETIQUETA,DESCR,BUSCA,POB,Poblacion_Total,avg_dis_B_d,avg_dis_B_t,avg_dis_B_total,avg_dis_H2_d,avg_dis_H2_t,avg_dis_H2_total,avg_dis_H3_d,avg_dis_H3_t,avg_dis_H3_total,avg_dis_J_d,avg_dis_J_t,avg_dis_J_total,avg_dis_M_d,avg_dis_M_t,avg_dis_M_total,avg_dis_d,avg_dis_t,avg_dis_total,avg_dur_B_d,avg_dur_B_t,avg_dur_B_total,avg_dur_H2_d,avg_dur_H2_t,avg_dur_H2_total,avg_dur_H3_d,avg_dur_H3_t,avg_dur_H3_total,avg_dur_J_d,avg_dur_J_t,avg_dur_J_total,avg_dur_M_d,avg_dur_M_t,avg_dur_M_total,avg_dur_d,avg_dur_t,avg_dur_total,dis_B_d_n,dis_B_d_p,dis_B_t_n,dis_B_t_p,dis_H21_d_n,dis_H21_d_p,dis_H21_t_n,dis_H21_t_p,dis_H22_d_n,dis_H22_d_p,dis_H22_t_n,dis_H22_t_p,dis_H23_d_n,dis_H23_d_p,dis_H23_t_n,dis_H23_t_p,dis_H24_d_n,dis_H24_d_p,dis_H24_t_n,dis_H24_t_p,dis_H31_d_n,dis_H31_d_p,dis_H31_t_n,dis_H31_t_p,dis_H32_d_n,dis_H32_d_p,dis_H32_t_n,dis_H32_t_p,dis_H33_d_n,dis_H33_d_p,dis_H33_t_n,dis_H33_t_p,dis_J_d_n,dis_J_d_p,dis_J_t_n,dis_J_t_p,dis_M_d_n,dis_M_d_p,dis_M_t_n,dis_M_t_p,dur_B_d_n,dur_B_d_p,dur_B_t_n,dur_B_t_p,dur_H21_d_n,dur_H21_d_p,dur_H21_t_n,dur_H21_t_p,dur_H22_d_n,dur_H22_d_p,dur_H22_t_n,dur_H22_t_p,dur_H23_d_n,dur_H23_d_p,dur_H23_t_n,dur_H23_t_p,dur_H24_d_n,dur_H24_d_p,dur_H24_t_n,dur_H24_t_p,dur_H31_d_n,dur_H31_d_p,dur_H31_t_n,dur_H31_t_p,dur_H32_d_n,dur_H32_d_p,dur_H32_t_n,dur_H32_t_p,dur_H33_d_n,dur_H33_d_p,dur_H33_t_n,dur_H33_t_p,dur_J_d_n,dur_J_d_p,dur_J_t_n,dur_J_t_p,dur_M_d_n,dur_M_d_p,dur_M_t_n,dur_M_t_p,w_avg_dis_B_d,w_avg_dis_B_t,w_avg_dis_B_total,w_avg_dis_H2_d,w_avg_dis_H2_t,w_avg_dis_H2_total,w_avg_dis_H3_d,w_avg_dis_H3_t,w_avg_dis_H3_total,w_avg_dis_J_d,w_avg_dis_J_t,w_avg_dis_J_total,w_avg_dis_M_d,w_avg_dis_M_t,w_avg_dis_M_total,w_avg_dis_d,w_avg_dis_t,w_avg_dis_total,w_avg_dur_B_d,w_avg_dur_B_t,w_avg_dur_B_total,w_avg_dur_H2_d,w_avg_dur_H2_t,w_avg_dur_H2_total,w_avg_dur_H3_d,w_avg_dur_H3_t,w_avg_dur_H3_total,w_avg_dur_J_d,w_avg_dur_J_t,w_avg_dur_J_total,w_avg_dur_M_d,w_avg_dur_M_t,w_avg_dur_M_total,w_avg_dur_d,w_avg_dur_t,w_avg_dur_total
1,"172","08","01","1720801",Valdeláguila - El Robledal - El Mirador,Valdeláguila - El Robledal - El Mirador,Valdeláguila - El Robledal - El Mirador Núcleo,1626,"1626",17597,22830,17597,25135.625,31025.25,25135.625,,,,22147,28233,22147,19419.5,25778,19419.5,21886.95,27778.3,21886.95,2985.25,4804,2985.25,3863.25,6212.75,3863.25,,,,3908,6532,3908,3408,5580,3408,3605.55,5868.3,3605.55,12364,12364,22830,22830,20421,20421,28819,28239,18071,18071,33025,34018,,,,,,,,,,,,,,,,,,,,,16061,16061,28020,28446,13061,13061,27092,24464,1146,1187,4804,4804,1556,1637,5989,5441,1407,1455,6409,7012,,,,,,,,,,,,,,,,,,,,,1255,1313,6217,6847,1209,1263,5399,5761,28612722,37121580,28612722,40870526.25,50447056.5,40870526.25,,,,36011022,45906858,36011022,31576107,41915028,31576107,35588180.7,45167515.8,35588180.7,4854016.5,7811304,4854016.5,6281644.5,10101931.5,6281644.5,,,,6354408,10621032,6354408,5541408,9073080,5541408,5862624.3,9541855.8,5862624.3
2,"068","07","05","0680705",Vallefresnos - El Peñón,Vallefresnos - El Peñón,Vallefresnos - El Peñón Núcleo,677,"677",15010.5,13918,15010.5,15755,17590,15755,47437.8333333333,47755.3333333333,47437.8333333333,14179.25,13886.5,14179.25,15709.5,17544,15709.5,28995.3928571429,29457.7857142857,28995.3928571429,1725.5,2353.5,1725.5,2234,3241.5,2234,3817.25,5160.5,3817.25,1931.5,2643,1931.5,2206,3203.5,2206,2792.67857142857,3846.14285714286,2792.67857142857,16103,16103,12992,14844,13920,13920,20493,14687,,,,,,,,,,,,,50109,50109,48114,50198,50026,50026,48285,50369,41226,41226,43857,45709,14472,14472,12764,15009,13875,13875,20447,14641,1084,1111,2211,2496,1236,1217,3918,2565,,,,,,,,,,,,,2410,2846,4415,4306,2481,2813,4573,4464,2086,2208,6657,6548,1205,1235,2527,2759,1216,1201,3880,2527,10162108.5,9422486,10162108.5,10666135,11908430,10666135,32115413.1666667,32330360.6666667,32115413.1666667,9599352.25,9401160.5,9599352.25,10635331.5,11877288,10635331.5,19629880.9642857,19942920.9285714,19629880.9642857,1168163.5,1593319.5,1168163.5,1512418,2194495.5,1512418,2584278.25,3493658.5,2584278.25,1307625.5,1789311,1307625.5,1493462,2168769.5,1493462,1890643.39285714,2603838.71428571,1890643.39285714
3,"068","08","01","0680801","Negrales, Los",Los Negrales,Los Negrales Núcleo,187,"187",5192,4387,5192,8085.5,10349,8085.5,39926.75,42839.1666666667,39926.75,4227.25,4502.5,4227.25,8039.5,10303,8039.5,20760.6428571429,22579.8571428571,20760.6428571429,908.5,1373,908.5,1522.5,2305,1522.5,3158.75,4441.5,3158.75,1005.5,1507.5,1005.5,1496,2267,1496,2058.39285714286,2968.14285714286,2058.39285714286,5997,5997,4387,4387,5822,5822,13891,6807,,,,,,,,,,,,,40003,40003,39509,39509,39920,39920,39680,39680,31120,31120,63723,34934,3952,3952,4159,4846,5776,5776,13845,6761,447,441,1374,1372,751,729,3129,1481,,,,,,,,,,,,,1804,2300,3576,3576,1825,2293,3734,3734,1431,1603,6322,5707,518,489,1684,1331,738,712,3091,1443,970904,820369,970904,1511988.5,1935263,1511988.5,7466302.25,8010924.16666667,7466302.25,790495.75,841967.5,790495.75,1503386.5,1926661,1503386.5,3882240.21428571,4222433.28571429,3882240.21428571,169889.5,256751,169889.5,284707.5,431035,284707.5,590686.25,830560.5,590686.25,188028.5,281902.5,188028.5,279752,423929,279752,384919.464285714,555042.714285714,384919.464285714
4,"111","01","01","1110101",Pezuela de las Torres,Pezuela de las Torres,Pezuela de las Torres Núcleo,743,"743",23479.5,25185,23479.5,31017.25,32034,31017.25,,,,31378,31187,31378,24500.5,26529,24500.5,28278.5,29393.8,28278.5,2703.5,3712,2703.5,3325.25,4796,3325.25,,,,3700.25,5639,3700.25,2965.5,4136,2965.5,3203.95,4615.8,3203.95,21774,21774,25185,25185,29746,29746,31843,31843,30255,30255,32225,32225,,,,,,,,,,,,,,,,,,,,,31569,31569,31187,31187,22472,22472,26529,26529,1693,1697,3712,3712,1865,1862,4824,4824,1849,1842,4768,4768,,,,,,,,,,,,,,,,,,,,,1771,1752,5639,5639,1786,1804,4136,4136,17445268.5,18712455,17445268.5,23045816.75,23801262,23045816.75,,,,23313854,23171941,23313854,18203871.5,19711047,18203871.5,21010925.5,21839593.4,21010925.5,2008700.5,2758016,2008700.5,2470660.75,3563428,2470660.75,,,,2749285.75,4189777,2749285.75,2203366.5,3073048,2203366.5,2380534.85,3429539.4,2380534.85
5,"093","01","01","0930101",Navacerrada,Navacerrada,Navacerrada Núcleo,3304,"3304",34082.25,43073.5,34082.25,15247.5,19611,15247.5,49084.1666666667,52916,49084.1666666667,3113,3325,3113,15202,19565,15202,30699.6071428571,34903.2142857143,30699.6071428571,3621.5,5681,3621.5,1790.75,2766.5,1790.75,3574.33333333333,4740.5,3574.33333333333,1099.5,1793.5,1099.5,1763.5,2728.5,1763.5,2714.03571428571,3884.42857142857,2714.03571428571,25091,25091,33207,52940,10884,10884,22496,16726,,,,,,,,,,,,,48241,48241,55360,53313,48158,48158,55531,53484,39358,39358,50844,48964,2901,2901,3325,3325,10839,10839,22450,16680,1571,1553,4738,6624,810,820,3234,2299,,,,,,,,,,,,,2365,2789,4011,4170,2388,2748,4169,4328,2016,2143,5953,5812,412,399,1752,1835,794,803,3196,2261,112607754,142314844,112607754,50377740,64794744,50377740,162174086.666667,174834464,162174086.666667,10285352,10985800,10285352,50227408,64642760,50227408,101431502,115320220,101431502,11965436,18770024,11965436,5916638,9140516,5916638,11809597.3333333,15662612,11809597.3333333,3632748,5925724,3632748,5826604,9014964,5826604,8967174,12834152,8967174
6,"120","01","01","1200101",Oteruelo del Valle,Oteruelo del Valle,Oteruelo del Valle Núcleo,111,"111",70692.25,91103.5,70692.25,84876.5,97262,84876.5,92137.875,96557.25,92137.875,32438,40348,32438,86323.5,122370,86323.5,76434.3333333333,90699.6666666667,76434.3333333333,6810.25,11212.5,6810.25,6071.75,8950.5,6071.75,6297.25,8745.75,6297.25,2196.25,3040,2196.25,7276.75,11178.5,7276.75,5824.91666666667,8645.5,5824.91666666667,50281,50281,56630,125577,72491,72491,103812,90712,,,,,,,,,,,,,88883,88883,89388,101762,86554,86554,91352,103727,,,,,24528,24528,40348,40348,50277,50277,117747,126993,2445,2371,11878,10547,3206,3180,10389,7512,,,,,,,,,,,,,3701,3850,8439,8379,3847,3997,9109,9056,,,,,1381,1324,3040,3040,3417,3333,11220,11137,7846839.75,10112488.5,7846839.75,9421291.5,10796082,9421291.5,10227304.125,10717854.75,10227304.125,3600618,4478628,3600618,9581908.5,13583070,9581908.5,8484211,10067663,8484211,755937.75,1244587.5,755937.75,673964.25,993505.5,673964.25,698994.75,970778.25,698994.75,243783.75,337440,243783.75,807719.25,1240813.5,807719.25,646565.75,959650.5,646565.75
7,"030","01","01","0300101","Cabrera, La",La Cabrera,La Cabrera Núcleo,2870,"2870",17488,17551,17488,44446,49257,44446,51076.5,47290.5,51076.5,10026,9874,10026,48761.75,57587.5,48761.75,37145.7916666667,38141.75,37145.7916666667,2155.75,3320.5,2155.75,2940.75,4075,2940.75,3264.125,4049.25,3264.125,1162.5,1641.5,1162.5,3708.25,5449,3708.25,2749.25,3764.08333333333,2749.25,17425,17425,20887,14215,39635,39635,58666,39848,,,,,,,,,,,,,56027,56027,44242,46809,53698,53698,46207,51904,,,,,10178,10178,9180,10568,39936,39936,73268,41907,999,983,3765,2876,1781,1832,4927,3223,,,,,,,,,,,,,2287,2485,2977,4117,2429,2715,3956,5147,,,,,691,676,1298,1985,1966,1969,6635,4263,50190560,50371370,50190560,127560020,141367590,127560020,146589555,135723735,146589555,28774620,28338380,28774620,139946222.5,165276125,139946222.5,106608422.083333,109466822.5,106608422.083333,6187002.5,9529835,6187002.5,8439952.5,11695250,8439952.5,9368038.75,11621347.5,9368038.75,3336375,4711105,3336375,10642677.5,15638630,10642677.5,7890347.5,10802919.1666667,7890347.5
8,"030","02","01","0300201","Asperilla, La",La Asperilla,La Asperilla Núcleo,12,"12",19080,18273,19080,48811.25,55525.5,48811.25,52793.875,48263.25,52793.875,9193.5,9190,9193.5,58400.75,74403.5,58400.75,40178.875,42319.75,40178.875,2480,3888.5,2480,4015.75,6151.5,4015.75,3571.375,4597.25,3571.375,1304.25,2009.5,1304.25,4603.25,7179.5,4603.25,3257.66666666667,4737.25,3257.66666666667,19887,19887,23014,13532,42097,42097,60785,50266,,,,,,,,,,,,,58489,58489,46362,48200,56160,56160,48327,50164,,,,,9197,9197,8495,9885,42398,42398,75387,73420,1072,1071,4548,3229,1833,1927,5640,6663,,,,,,,,,,,,,2318,2596,3690,4590,2489,2779,4669,5440,,,,,599,599,1711,2308,2016,2038,7348,7011,228960,219276,228960,585735,666306,585735,633526.5,579159,633526.5,110322,110280,110322,700809,892842,700809,482146.5,507837,482146.5,29760,46662,29760,48189,73818,48189,42856.5,55167,42856.5,15651,24114,15651,55239,86154,55239,39092,56847,39092
9,"030","03","01","0300301","Cabrerita y El Roble, La",La Cabrerita y El Roble,La Cabrerita y El Roble Núcleo,25,"25",18305,17412,18305,46643,51878,46643,55018.5,53401.5,55018.5,13802.5,13786,13802.5,40251.75,38794.5,40251.75,38173.2083333333,38112.25,38173.2083333333,1974,2896,1974,3771.25,5685,3771.25,4167.875,5800.5,4167.875,1625.25,2492,1625.25,3157.75,4305.5,3157.75,3144,4496.58333333333,3144,19198,19198,17412,17412,41408,41408,60705,43051,,,,,,,,,,,,,57800,57800,46281,50012,55471,55471,62206,55107,,,,,13819,13819,13786,13786,41709,41709,38829,38760,1057,1047,2896,2896,1823,1892,7107,4263,,,,,,,,,,,,,2339,2551,5157,5157,2479,2772,6701,6187,,,,,761,756,2492,2492,2003,2017,4755,3856,457625,435300,457625,1166075,1296950,1166075,1375462.5,1335037.5,1375462.5,345062.5,344650,345062.5,1006293.75,969862.5,1006293.75,954330.208333333,952806.25,954330.208333333,49350,72400,49350,94281.25,142125,94281.25,104196.875,145012.5,104196.875,40631.25,62300,40631.25,78943.75,107637.5,78943.75,78600,112414.583333333,78600
10,"030","07","01","0300701","Rabusera, La",La Rabusera,La Rabusera Núcleo,19,"19",16977.5,24136,16977.5,45170.5,50292,45170.5,51801.5,48325.5,51801.5,11984.25,11508.5,11984.25,49199.5,58049,49199.5,37822.4583333333,40106.0833333333,37822.4583333333,2904.25,4960,2904.25,3509.75,5159,3509.75,3834.625,5133.25,3834.625,1771.25,2785.5,1771.25,4115,6220,4115,3328.25,4898.5,3328.25,9819,9819,21357,26915,40049,40049,59129,41455,,,,,,,,,,,,,56442,56442,44705,48416,54113,54113,46670,53511,,,,,12460,12460,10814,12203,40350,40350,73731,42367,859,838,4620,5300,1816,1905,5682,4636,,,,,,,,,,,,,2335,2548,3732,5530,2497,2764,4711,6560,,,,,762,752,2533,3038,2008,2012,7390,5050,322572.5,458584,322572.5,858239.5,955548,858239.5,984228.5,918184.5,984228.5,227700.75,218661.5,227700.75,934790.5,1102931,934790.5,718626.708333333,762015.583333333,718626.708333333,55180.75,94240,55180.75,66685.25,98021,66685.25,72857.875,97531.75,72857.875,33653.75,52924.5,33653.75,78185,118180,78185,63236.75,93071.5,63236.75
11,"101","01","01","1010101",Olmeda de las Fuentes,Olmeda de las Fuentes,Olmeda de las Fuentes Núcleo,404,"404",33686.25,36759.5,33686.25,55562.25,58498.5,55562.25,56407,62264,56407,34092.75,36693.5,34092.75,33638.5,35795,33638.5,42677.35,46002.1,42677.35,3949,6153.5,3949,6039.25,9146,6039.25,5907.5,9157,5907.5,4628.5,7345,4628.5,3588.5,5240,3588.5,4822.55,7408.3,4822.55,30613,30613,37659,35860,52626,52626,58764,58233,,,,,,,,,,,,,50550,50550,63266,61262,,,,,,,,,31492,31492,37101,36286,31482,31482,35795,35795,1766,1723,5700,6607,2955,2910,9326,8966,,,,,,,,,,,,,2646,2670,9852,8462,,,,,,,,,1945,1879,6924,7766,1965,1909,5240,5240,13609245,14850838,13609245,22447149,23633394,22447149,22788428,25154656,22788428,13773471,14824174,13773471,13589954,14461180,13589954,17241649.4,18584848.4,17241649.4,1595396,2486014,1595396,2439857,3694984,2439857,2386630,3699428,2386630,1869914,2967380,1869914,1449754,2116960,1449754,1948310.2,2992953.2,1948310.2
12,"075","09","01","0750901",Prado Concejil,Prado Concejil,Prado Concejil Núcleo,530,"530",24289.25,34272.5,24289.25,29824.75,31191.5,29824.75,30781.75,35181.5,30781.75,11470.5,12192,11470.5,17267.5,21499,17267.5,22726.75,26867.3,22726.75,3451.25,5797,3451.25,3741.75,5621.5,3741.75,3757,5912.5,3757,1863.25,2894,1863.25,3097.5,5159,3097.5,3182.15,5076.8,3182.15,14306,14306,45431,23114,28458,28458,34321,28062,,,,,,,,,,,,,26382,26382,37798,32565,,,,,,,,,10749,10749,12191,12193,13036,13036,21825,21173,1112,1099,7058,4536,1866,1858,6428,4815,,,,,,,,,,,,,1537,1666,6138,5687,,,,,,,,,837,828,3067,2721,1057,1015,6142,4176,12873302.5,18164425,12873302.5,15807117.5,16531495,15807117.5,16314327.5,18646195,16314327.5,6079365,6461760,6079365,9151775,11394470,9151775,12045177.5,14239669,12045177.5,1829162.5,3072410,1829162.5,1983127.5,2979395,1983127.5,1991210,3133625,1991210,987522.5,1533820,987522.5,1641675,2734270,1641675,1686539.5,2690704,1686539.5
13,"001","01","01","0010101","Acebeda, La",La Acebeda,La Acebeda Núcleo,53,"53",50556,55460,50556,79616.25,91370.5,79616.25,86877.5,90665.5,86877.5,25705.25,31511.5,25705.25,92487.25,116811.5,92487.25,70353.2916666667,79414.0833333333,70353.2916666667,5748.75,9515,5748.75,5608.25,8417.5,5608.25,5871.25,8308,5871.25,2362,3797,2362,6993.5,11034,6993.5,5409.16666666667,8229.91666666667,5409.16666666667,45652,45652,52952,57968,67862,67862,85704,97037,,,,,,,,,,,,,84254,84254,96753,82613,81925,81925,98718,84578,,,,,19899,19899,32404,30619,68163,68163,121984,111639,2000,1965,9275,9755,2777,2821,7969,8866,,,,,,,,,,,,,3284,3474,8836,6916,3389,3591,9585,7895,,,,,926,928,3917,3677,2942,2964,11494,10574,2679468,2939380,2679468,4219661.25,4842636.5,4219661.25,4604507.5,4805271.5,4604507.5,1362378.25,1670109.5,1362378.25,4901824.25,6191009.5,4901824.25,3728724.45833333,4208946.41666667,3728724.45833333,304683.75,504295,304683.75,297237.25,446127.5,297237.25,311176.25,440324,311176.25,125186,201241,125186,370655.5,584802,370655.5,286685.833333333,436185.583333333,286685.833333333
14,"072","05","01","0720501",Parque de las Colinas,Parque de las Colinas,Parque de las Colinas Núcleo,512,"512",18770,18810,18770,33373.25,48496.5,33373.25,29077.8333333333,29705.3333333333,29077.8333333333,12837.75,12767.5,12837.75,33327.25,48450.5,33327.25,26505.9642857143,31091.5,26505.9642857143,1975.25,2366,1975.25,3057,4851,3057,2448.5,3132,2448.5,1901.25,2944,1901.25,3030,4813,3030,2472.71428571429,3481.42857142857,2472.71428571429,18730,18730,18810,18810,18250,18250,26120,70873,,,,,,,,,,,,,31439,31439,31343,31324,31356,31356,31514,31495,22556,22556,26506,26050,12908,12908,12780,12755,18204,18204,26074,70827,1602,1567,2366,2366,1260,1266,5015,4687,,,,,,,,,,,,,1698,2196,2582,2582,1716,2160,2740,2740,1325,1495,4524,3624,830,887,3246,2642,1245,1249,4977,4649,9610240,9630720,9610240,17087104,24830208,17087104,14887850.6666667,15209130.6666667,14887850.6666667,6572928,6536960,6572928,17063552,24806656,17063552,13571053.7142857,15918848,13571053.7142857,1011328,1211392,1011328,1565184,2483712,1565184,1253632,1603584,1253632,973440,1507328,973440,1551360,2464256,1551360,1266029.71428571,1782491.42857143,1266029.71428571
15,"179","01","01","1790101",Eurovillas,Eurovillas,Eurovillas Núcleo,1604,"1604",27394.25,31132.5,27394.25,49403,53137,49403,50616,57639,50616,29906.75,31778.5,29906.75,27346.5,30168,27346.5,36933.3,40771,36933.3,3591.75,5832.5,3591.75,5831.25,9109,5831.25,5908.5,9531,5908.5,4542.75,7442,4542.75,3228.25,4919,3228.25,4620.5,7366.7,4620.5,23656,23656,32032,30233,45669,45669,53137,53137,,,,,,,,,,,,,43593,43593,57639,57639,,,,,,,,,28035,28035,31474,32083,24525,24525,30168,30168,1356,1346,5379,6286,2564,2543,8959,9259,,,,,,,,,,,,,2246,2326,9531,9531,,,,,,,,,1639,1648,6557,8327,1542,1533,4919,4919,43940377,49936530,43940377,79242412,85231748,79242412,81188064,92452956,81188064,47970427,50972714,47970427,43863786,48389472,43863786,59241013.2,65396684,59241013.2,5761167,9355330,5761167,9353325,14610836,9353325,9477234,15287724,9477234,7286571,11936968,7286571,5178113,7890076,5178113,7411282,11816186.8,7411282
16,"061","16","01","0611601",Roncesvalles,Roncesvalles,Roncesvalles Núcleo,297,"297",12970.25,15209.5,12970.25,18213.25,20364.5,18213.25,25493.75,26017.1666666667,25493.75,20452,26501,20452,18167.75,20318.5,18167.75,20897.7857142857,22920.7142857143,20897.7857142857,2196.25,3442,2196.25,3165,4965.5,3165,2812.83333333333,3840.66666666667,2812.83333333333,2515.25,4013,2515.25,3136.25,4927.5,3136.25,2778.75,4124.28571428571,2778.75,10731,10731,15238,15181,16062,16062,21228,19501,,,,,,,,,,,,,28514,28514,29628,29619,28431,28431,29785,29776,17966,17966,17684,19611,14403,14403,34454,18548,16017,16017,21182,19455,924,977,3134,3750,1349,1380,4466,5465,,,,,,,,,,,,,1711,2271,4196,3901,1744,2254,4351,4056,1292,1438,3060,3480,1002,1033,4025,4001,1330,1360,4428,5427,3852164.25,4517221.5,3852164.25,5409335.25,6048256.5,5409335.25,7571643.75,7727098.5,7571643.75,6074244,7870797,6074244,5395821.75,6034594.5,5395821.75,6206642.35714286,6807452.14285714,6206642.35714286,652286.25,1022274,652286.25,940005,1474753.5,940005,835411.5,1140678,835411.5,747029.25,1191861,747029.25,931466.25,1463467.5,931466.25,825288.75,1224912.85714286,825288.75
17,"179","02","01","1790201",Villar del Olmo,Villar del Olmo,Villar del Olmo Núcleo,667,"667",37238.5,46072,37238.5,59118.25,67819.5,59118.25,59963,71585,59963,39398.75,46014.5,39398.75,37194.5,45116,37194.5,46582.6,55321.4,46582.6,4485.75,7409,4485.75,6583,10401,6583,6446.5,10412,6446.5,5219.75,8600,5219.75,4122.25,6495,4122.25,5371.45,8663.4,5371.45,28405,28405,46980,45164,50417,50417,68085,67554,,,,,,,,,,,,,48341,48341,72587,70583,,,,,,,,,32783,32783,46422,45607,29273,29273,45116,45116,1560,1565,6955,7863,2763,2767,10581,10221,,,,,,,,,,,,,2434,2528,11107,9717,,,,,,,,,1830,1849,8179,9021,1736,1763,6495,6495,24838079.5,30730024,24838079.5,39431872.75,45235606.5,39431872.75,39995321,47747195,39995321,26278966.25,30691671.5,26278966.25,24808731.5,30092372,24808731.5,31070594.2,36899373.8,31070594.2,2991995.25,4941803,2991995.25,4390861,6937467,4390861,4299815.5,6944804,4299815.5,3481573.25,5736200,3481573.25,2749540.75,4332165,2749540.75,3582757.15,5778487.8,3582757.15
18,"061","09","01","0610901","Guijo, El",El Guijo,El Guijo Núcleo,2017,"2017",6167.5,6127,6167.5,9502.5,10488,9502.5,36062.1666666667,37057,36062.1666666667,9046.25,11445.5,9046.25,9456.5,10442,9456.5,20337.0357142857,21381.9285714286,20337.0357142857,1065.5,1402,1065.5,1846.75,2660,1846.75,3365.66666666667,4613.5,3365.66666666667,1998.5,3192.5,1998.5,1820,2622,1820,2403.96428571429,3388.14285714286,2403.96428571429,6208,6208,6127,6127,8517,8517,10479,10497,,,,,,,,,,,,,38056,38056,38530,40805,37973,37973,38687,40962,29173,29173,28032,35326,6647,6647,8402,14489,8471,8471,10433,10451,746,712,1402,1402,1042,1025,2855,2465,,,,,,,,,,,,,2032,2505,4624,4163,2107,2496,4779,4318,1714,1853,4533,5264,814,795,2790,3595,1030,1006,2817,2427,12439847.5,12358159,12439847.5,19166542.5,21154296,19166542.5,72737390.1666667,74743969,72737390.1666667,18246286.25,23085573.5,18246286.25,19073760.5,21061514,19073760.5,41019801.0357143,43127349.9285714,41019801.0357143,2149113.5,2827834,2149113.5,3724894.75,5365220,3724894.75,6788549.66666667,9305429.5,6788549.66666667,4030974.5,6439272.5,4030974.5,3670940,5288574,3670940,4848795.96428571,6833884.14285714,4848795.96428571
19,"061","15","01","0611501","Ranchos, Los",Los Ranchos,Los Ranchos Núcleo,119,"119",14306.25,17089.5,14306.25,18796.25,21135.5,18796.25,36805.5833333333,37727.8333333333,36805.5833333333,20547.5,20399,20547.5,18750.75,21089.5,18750.75,26116.7857142857,27556.7142857143,26116.7857142857,3117,4917.5,3117,4056,6304.5,4056,4475.25,6486,4475.25,3222,4827,3222,4028.25,6266.5,4028.25,3978.42857142857,5967.64285714286,3978.42857142857,11523,11523,15389,18790,16457,16457,19640,22631,,,,,,,,,,,,,39227,39227,39113,39110,39144,39144,39270,39267,25796,32762,34650,34957,20696,20696,20399,20399,16412,16412,19594,22585,1305,1328,4748,5087,1822,1793,6683,5926,,,,,,,,,,,,,2473,2836,6277,6277,2517,2812,6432,6432,2000,2149,6687,6811,1618,1616,4827,4827,1805,1775,6645,5888,1702443.75,2033650.5,1702443.75,2236753.75,2515124.5,2236753.75,4379864.41666667,4489612.16666667,4379864.41666667,2445152.5,2427481,2445152.5,2231339.25,2509650.5,2231339.25,3107897.5,3279249,3107897.5,370923,585182.5,370923,482664,750235.5,482664,532554.75,771834,532554.75,383418,574413,383418,479361.75,745713.5,479361.75,473433,710149.5,473433
20,"061","17","01","0611701","Pocillo, El",El Pocillo,El Pocillo Núcleo,466,"466",2549,2730,2549,7960,9571,7960,36378.25,37875.1666666667,36378.25,5008,5612,5008,7914.5,9525,7914.5,18938.0357142857,20151.9285714286,18938.0357142857,618.5,883,618.5,1434,2000.5,1434,2883.66666666667,3733.83333333333,2883.66666666667,929.5,1247,929.5,1407.5,1962.5,1407.5,1862.92857142857,2470.64285714286,1862.92857142857,2368,2368,2730,2730,6349,6349,12060,7082,,,,,,,,,,,,,37870,37870,40121,40088,37787,37787,40292,40259,28987,28987,32090,34401,4404,4404,5612,5612,6304,6304,12014,7036,339,369,883,883,854,881,2433,1568,,,,,,,,,,,,,1958,2421,3230,3170,2017,2412,3388,3328,1610,1783,4676,4611,600,624,1247,1247,840,865,2395,1530,1187834,1272180,1187834,3709360,4460086,3709360,16952264.5,17649827.6666667,16952264.5,2333728,2615192,2333728,3688157,4438650,3688157,8825124.64285714,9390798.71428571,8825124.64285714,288221,411478,288221,668244,932233,668244,1343788.66666667,1739966.33333333,1343788.66666667,433147,581102,433147,655895,914525,655895,868124.714285714,1151319.57142857,868124.714285714
21,"115","20","01","1152001",Arroyo Meaques,Arroyo Meaques,Arroyo Meaques Núcleo,5167,"5167",7719.25,8826.5,7719.25,47873.25,53363.5,47873.25,17237.8333333333,14640.6666666667,17237.8333333333,2862.5,3333,2862.5,9753.25,11050.5,9753.25,17131.6785714286,17213.6428571429,17131.6785714286,1607.5,2587,1607.5,4183.25,6336.5,4183.25,2171.83333333333,2890.83333333333,2171.83333333333,645.25,999,645.25,2066,2678,2066,2145.35714285714,3039,2145.35714285714,6612,6612,7353,10300,42383,42383,53910,52817,,,,,,,,,,,,,22684,22684,12990,12990,22601,22601,13147,13147,14220,14220,18512,17058,2392,2392,3222,3444,8456,8456,10992,11109,592,664,2426,2748,2031,2029,6516,6157,,,,,,,,,,,,,1316,2121,2504,2504,1352,2082,2659,2659,917,929,3471,3548,287,296,944,1054,1188,1720,2684,2672,39885364.75,45606525.5,39885364.75,247361082.75,275729204.5,247361082.75,89067884.8333333,75648324.6666667,89067884.8333333,14790537.5,17221611,14790537.5,50395042.75,57097933.5,50395042.75,88519383.1785714,88942892.6428571,88519383.1785714,8305952.5,13367029,8305952.5,21614852.75,32740695.5,21614852.75,11221862.8333333,14936935.8333333,11221862.8333333,3334006.75,5161833,3334006.75,10675022,13837226,10675022,11085060.3571429,15702513,11085060.3571429
22,"115","23","01","1152301",Húmera-Somosaguas,Húmera-Somosaguas,Húmera-Somosaguas Núcleo,16845,"16845",5442.75,6209.5,5442.75,43994.5,49402,43994.5,13215.8333333333,14368.6666666667,13215.8333333333,1775.75,1860.5,1775.75,12846.5,13057,12846.5,14815.2857142857,16233.5714285714,14815.2857142857,1228.5,1936.5,1228.5,4391.5,6955.5,4391.5,2201.66666666667,3241.33333333333,2201.66666666667,417.75,662.5,417.75,2380.25,3505,2380.25,2146.14285714286,3254.78571428571,2146.14285714286,4676,4676,6926,5493,38587,38587,57286,41518,,,,,,,,,,,,,12924,12924,14559,16236,12841,12841,14730,16407,10424,10424,12572,11708,1691,1691,1773,1948,12636,12636,13057,13057,502,539,1987,1886,1828,1827,7706,6205,,,,,,,,,,,,,1026,1729,3583,3608,1068,1704,3741,3766,712,733,2536,2214,170,176,550,775,966,1545,3563,3447,91683123.75,104599027.5,91683123.75,741087352.5,832176690,741087352.5,222620712.5,242040190,222620712.5,29912508.75,31340122.5,29912508.75,216399292.5,219945165,216399292.5,249563487.857143,273454510.714286,249563487.857143,20694082.5,32620342.5,20694082.5,73974817.5,117165397.5,73974817.5,37087075,54600260,37087075,7036998.75,11159812.5,7036998.75,40095311.25,59041725,40095311.25,36151776.4285714,54826865.3571429,36151776.4285714
23,"115","01","01","1150101","Ángeles, Los",Los Ángeles,Los Ángeles Núcleo,1728,"1728",6624.5,7485,6624.5,40932.5,41409,40932.5,16735.6666666667,13488.6666666667,16735.6666666667,3124,3260,3124,9915.5,10779,9915.5,15829.0714285714,14771.2857142857,15829.0714285714,1388.75,2175,1388.75,4090.75,6214,4090.75,2227.08333333333,2956.5,2227.08333333333,748.5,1090,748.5,2182,2814,2182,2155.89285714286,3023.21428571429,2155.89285714286,5764,5764,7485,7485,40456,40456,41721,41097,,,,,,,,,,,,,23869,23869,13424,13424,23786,23786,13581,13581,12293,12293,13596,13326,2988,2988,3260,3260,9052,9052,10779,10779,572,633,2238,2112,1943,1992,6391,6037,,,,,,,,,,,,,1372,2233,2880,2880,1409,2235,3035,3035,846,891,2787,3122,395,419,1090,1090,1278,1822,2844,2784,11447136,12934080,11447136,70731360,71554752,70731360,28919232,23308416,28919232,5398272,5633280,5398272,17133984,18626112,17133984,27352635.4285714,25524781.7142857,27352635.4285714,2399760,3758400,2399760,7068816,10737792,7068816,3848400,5108832,3848400,1293408,1883520,1293408,3770496,4862592,3770496,3725382.85714286,5224114.28571429,3725382.85714286
24,"115","04","01","1150401",Pozuelo de Alarcón,Pozuelo de Alarcón,Pozuelo de Alarcón Núcleo,59169,"59169",2428.25,2031,2428.25,37849,37469,37849,11176.9166666667,12183.5,11176.9166666667,3419.5,3399,3419.5,11953.25,10845.5,11953.25,12740.1071428571,12899.2857142857,12740.1071428571,688,1030,688,3294.75,4782,3294.75,1898.5,2713,1898.5,727.25,1108,727.25,1847.75,2700.5,1847.75,1750.46428571429,2537.07142857143,1750.46428571429,3269,2382,2031,2031,38229,38229,39958,34980,,,,,,,,,,,,,10264,10264,11827,11010,10181,10181,11998,11181,10066,10066,10145,16940,3440,3440,3399,3399,13061,13061,9655,12036,349,343,1030,1030,1836,1779,4892,4672,,,,,,,,,,,,,953,1601,2767,2732,985,1566,2925,2890,709,690,1673,3291,343,350,1108,1108,1003,987,2307,3094,143677124.25,120172239,143677124.25,2239487481,2217003261,2239487481,661326982.25,720885511.5,661326982.25,202328395.5,201115431,202328395.5,707261849.25,641717389.5,707261849.25,753819399.535714,763237836.428571,753819399.535714,40708272,60944070,40708272,194947062.75,282946158,194947062.75,112332346.5,160525497,112332346.5,43030655.25,65559252,43030655.25,109329519.75,159785884.5,109329519.75,103573221.321429,150115979.357143,103573221.321429
25,"119","02","02","1190202",Quijorna,Quijorna,Quijorna Núcleo,3927,"3927",27705.5,29939,27705.5,66155.25,81447.5,66155.25,35592,36636.6666666667,35592,23125,25471,23125,26004.75,26772.5,26004.75,35680.9285714286,39077.1428571429,35680.9285714286,4872,8112,4872,6386.25,10227.5,6386.25,4678.33333333333,7232.33333333333,4678.33333333333,4276.25,7345,4276.25,4201,6755.5,4201,4824.35714285714,7733.85714285714,4824.35714285714,25472,25472,29939,29939,50863,50863,80717,82178,,,,,,,,,,,,,40264,40264,41214,41203,40181,40181,41371,41360,23197,23197,27336,27336,20779,20779,25471,25471,25237,25237,25537,28008,1649,1615,8112,8112,2543,2547,9434,11021,,,,,,,,,,,,,2134,2842,7218,7218,2180,2814,7373,7373,1353,1423,7194,7018,1214,1201,7345,7345,1614,1679,6656,6855,108799498.5,117570453,108799498.5,259791666.75,319844332.5,259791666.75,139769784,143872190,139769784,90811875,100024617,90811875,102120653.25,105135607.5,102120653.25,140119006.5,153455940,140119006.5,19132344,31855824,19132344,25078803.75,40163392.5,25078803.75,18371815,28401373,18371815,16792833.75,28843815,16792833.75,16497327,26528848.5,16497327,18945250.5,30370857,18945250.5
26,"043","14","01","0431401",Valle de San Juan - Los Vallejos,Valle de San Juan - Los Vallejos,Valle de San Juan - Los Vallejos Núcleo,876,"876",22359.5,28156,22359.5,61460,69859.5,61460,,,,23584,29441,23584,26941,31197,26941,39160.9,45702.6,39160.9,2247,3292,2247,5397.75,8294.5,5397.75,,,,2623.5,3867.5,2623.5,2292,3392,2292,3591.6,5428.1,3591.6,16563,16563,28156,28156,54310,54310,78561,54197,51811,51811,82787,63893,,,,,,,,,,,,,,,,,,,,,17727,17727,29441,29441,22685,22685,31197,31197,1223,1181,3292,3292,2487,2600,9533,6832,2424,2493,9247,7566,,,,,,,,,,,,,,,,,,,,,1406,1353,3443,4292,1184,1200,3392,3392,19586922,24664656,19586922,53838960,61196922,53838960,,,,20659584,25790316,20659584,23600316,27328572,23600316,34304948.4,40035477.6,34304948.4,1968372,2883792,1968372,4728429,7265982,4728429,,,,2298186,3387930,2298186,2007792,2971392,2007792,3146241.6,4755015.6,3146241.6
27,"143","01","01","1430101",Somosierra,Somosierra,Somosierra Núcleo,98,"98",68432.75,86489.5,68432.75,71962.25,71338.5,71962.25,83881.25,79949,83881.25,29636.25,34649.5,29636.25,71196,69505,71196,68164.9583333333,70313.4166666667,68164.9583333333,4914.25,7779,4914.25,3706.75,4567.5,3706.75,4655.75,5812.75,4655.75,2594.75,4192.5,2594.75,4621.5,6198,4621.5,4191.45833333333,5727.08333333333,4191.45833333333,50376,50376,107850,65129,72586,72586,71454,71223,,,,,,,,,,,,,88978,88978,78184,78184,86649,86649,80149,83279,,,,,24623,24623,44905,24394,72887,72887,69505,69505,2072,2027,7719,7839,2833,2859,4478,4657,,,,,,,,,,,,,3363,3537,5191,5551,3449,3646,5928,6581,,,,,1002,992,5833,2552,3045,3045,5748,6648,6706409.5,8475971,6706409.5,7052300.5,6991173,7052300.5,8220362.5,7835002,8220362.5,2904352.5,3395651,2904352.5,6977208,6811490,6977208,6680165.91666667,6890714.83333333,6680165.91666667,481596.5,762342,481596.5,363261.5,447615,363261.5,456263.5,569649.5,456263.5,254285.5,410865,254285.5,452907,607404,452907,410762.916666667,561254.166666667,410762.916666667
28,"021","02","01","0210201",Peñáguila,Peñáguila,Peñáguila Núcleo,28,"28",10942.5,9130,10942.5,46826.25,46677.5,46826.25,60456.25,58710,60456.25,9454.5,9309,9454.5,55653,64030,55653,40631.4583333333,41094.4166666667,40631.4583333333,2165.75,3357,2165.75,3992,5867.5,3992,5048.375,7303.5,5048.375,1449.5,2194,1449.5,4808.5,7344,4808.5,3752.08333333333,5561.58333333333,3752.08333333333,12755,12755,9130,9130,46975,46975,47491,45864,,,,,,,,,,,,,63367,63367,58541,56914,61038,61038,60506,58879,,,,,9600,9600,9309,9309,47276,47276,49304,78756,999,950,3357,3357,2098,2135,4944,6791,,,,,,,,,,,,,2611,2827,5811,7958,2765,2970,6560,8885,,,,,741,669,2194,2194,2285,2261,6418,8270,306390,255640,306390,1311135,1306970,1311135,1692775,1643880,1692775,264726,260652,264726,1558284,1792840,1558284,1137680.83333333,1150643.66666667,1137680.83333333,60641,93996,60641,111776,164290,111776,141354.5,204498,141354.5,40586,61432,40586,134638,205632,134638,105058.333333333,155724.333333333,105058.333333333
29,"061","20","01","0612001",Parquelagos,Parquelagos,Parquelagos Núcleo,2203,"2203",8791.75,10756.5,8791.75,12040.25,14544.5,12040.25,30321,31944.3333333333,30321,10630.75,13595.5,10630.75,11994.75,14498.5,11994.75,19202.9285714286,21318.2857142857,19202.9285714286,1362.75,2071.5,1362.75,2164.5,3494.5,2164.5,2667.83333333333,3625.66666666667,2667.83333333333,1911.75,3230.5,1911.75,2137,3456.5,2137,2225.64285714286,3304.28571428571,2225.64285714286,6827,6827,13146,8367,9536,9536,16924,12165,,,,,,,,,,,,,31686,31686,33361,33415,31603,31603,33518,33572,22804,22804,29217,28583,7666,7666,16516,10675,9491,9491,16878,12119,644,664,2350,1793,833,836,3908,3081,,,,,,,,,,,,,1640,2139,3074,3315,1672,2109,3229,3470,1272,1428,4227,4439,587,599,3896,2565,815,820,3870,3043,19368225.25,23696569.5,19368225.25,26524670.75,32041533.5,26524670.75,66797163,70373366.3333333,66797163,23419542.25,29950886.5,23419542.25,26424434.25,31940195.5,26424434.25,42304051.6428571,46964183.4285714,42304051.6428571,3002138.25,4563514.5,3002138.25,4768393.5,7698383.5,4768393.5,5877236.83333333,7987343.66666667,5877236.83333333,4211585.25,7116791.5,4211585.25,4707811,7614669.5,4707811,4903091.21428571,7279341.42857143,4903091.21428571
30,"020","01","01","0200101",Berzosa del Lozoya,Berzosa del Lozoya,Berzosa del Lozoya Núcleo,225,"225",37420,44293,37420,78120.5,91474,78120.5,79013.75,78033,79013.75,21784,25057,21784,85238.5,105409,85238.5,63431.75,70383.1666666667,63431.75,6091.25,10075,6091.25,5892,8586,5892,5421.25,6971,5421.25,2527.5,3577,2527.5,6406.75,9417,6406.75,5293.33333333333,7599.5,5293.33333333333,30547,30547,44293,44293,64767,64767,91474,91474,,,,,,,,,,,,,81159,81159,77051,77051,78830,78830,79015,79015,,,,,18511,18511,25057,25057,65068,65068,105409,105409,2094,2121,10075,10075,3177,3219,8586,8586,,,,,,,,,,,,,3696,3911,6636,6636,3841,4038,7306,7306,,,,,1490,1466,3577,3577,3400,3393,9417,9417,8419500,9965925,8419500,17577112.5,20581650,17577112.5,17778093.75,17557425,17778093.75,4901400,5637825,4901400,19178662.5,23717025,19178662.5,14272143.75,15836212.5,14272143.75,1370531.25,2266875,1370531.25,1325700,1931850,1325700,1219781.25,1568475,1219781.25,568687.5,804825,568687.5,1441518.75,2118825,1441518.75,1191000,1709887.5,1191000
31,"061","21","01","0612101","Navata, La",La Navata,La Navata Núcleo,4670,"4670",5812,5218,5812,11372.75,13630.5,11372.75,34105.75,35332.1666666667,34105.75,7385.5,7526,7385.5,11327.25,13584.5,11327.25,19744.9642857143,20850.7857142857,19744.9642857143,1019.25,1460,1019.25,2018,3279,2018,2901.41666666667,3992.83333333333,2901.41666666667,1390.25,2262,1390.25,1990.5,3241,1990.5,2160.32142857143,3174.35714285714,2160.32142857143,6406,6406,5218,5218,9115,9115,13974,13287,,,,,,,,,,,,,35868,35868,38354,36452,35785,35785,38511,36256,26985,26985,34210,28210,7245,7245,7526,7526,9070,9070,13928,13241,570,587,1460,1460,753,761,3778,2780,,,,,,,,,,,,,1765,2219,3441,4350,1774,2190,3596,4593,1378,1534,4594,3383,518,519,2592,1932,736,744,3740,2742,27142040,24368060,27142040,53110742.5,63654435,53110742.5,159273852.5,165001218.333333,159273852.5,34490285,35146420,34490285,52898257.5,63439615,52898257.5,92208983.2142857,97373169.2857143,92208983.2142857,4759897.5,6818200,4759897.5,9424060,15312930,9424060,13549615.8333333,18646531.6666667,13549615.8333333,6492467.5,10563540,6492467.5,9295635,15135470,9295635,10088701.0714286,14824247.8571429,10088701.0714286
32,"115","24","01","1152401",Monteclaro-La Cabaña,Monteclaro-La Cabaña,Monteclaro-La Cabaña Núcleo,5999,"5999",9773.5,10457,9773.5,37981,38463,37981,15472.6666666667,16005,15472.6666666667,7879.5,9115,7879.5,11194.75,10058.5,11194.75,16178.1071428571,16586.9285714286,16178.1071428571,2436.5,4136.5,2436.5,4724.25,7551,4724.25,2655.25,3970.33333333333,2655.25,2028.75,3481,2028.75,2341,3589,2341,2785.17857142857,4381.21428571429,2785.17857142857,9090,9090,10451,10463,37499,37499,40061,36865,,,,,,,,,,,,,17784,17784,18048,23629,17701,17701,18219,23786,9336,9336,6508,5840,6644,6644,9115,9115,12331,12331,12285,7832,702,771,4107,4166,1896,1899,7941,7161,,,,,,,,,,,,,1213,2024,4058,4922,1244,1971,4216,5077,780,809,2751,2798,557,596,3481,3481,1073,1113,3719,3459,58631226.5,62731543,58631226.5,227848019,230739537,227848019,92820527.3333333,96013995,92820527.3333333,47269120.5,54680885,47269120.5,67157305.25,60340941.5,67157305.25,97052464.75,99504984.5,97052464.75,14616563.5,24814863.5,14616563.5,28340775.75,45298449,28340775.75,15928844.75,23818029.6666667,15928844.75,12170471.25,20882519,12170471.25,14043659,21530411,14043659,16708286.25,26282904.5,16708286.25
33,"089","02","01","0890201",Moraleja de Enmedio,Moraleja de Enmedio,Moraleja de Enmedio Núcleo,5175,"5175",20718.5,23802,20718.5,14241.625,17488.75,14241.625,,,,9403.25,10514.5,9403.25,6700,6930,6700,13398.3214285714,15885.9285714286,13398.3214285714,2451.75,3699,2451.75,1848.3125,2816.25,1848.3125,,,,1573.75,2558,1573.75,973.75,1178,973.75,1770.35714285714,2671.42857142857,1770.35714285714,17635,17635,23821,23783,7494,7494,16453,16453,13493,13493,23706,23706,15016,15016,21071,21627,7975,7975,7001,9893,,,,,,,,,,,,,8292,8292,10368,10661,6470,6470,6930,6930,1225,1184,3215,4183,834,792,2361,2361,996,1088,3680,3620,1063,1110,3120,3212,573,587,2377,1799,,,,,,,,,,,,,586,593,2545,2571,783,756,1178,1178,107218237.5,123175350,107218237.5,73700409.375,90504281.25,73700409.375,,,,48661818.75,54412537.5,48661818.75,34672500,35862750,34672500,69336313.3928571,82209680.3571429,69336313.3928571,12687806.25,19142325,12687806.25,9565017.1875,14574093.75,9565017.1875,,,,8144156.25,13237650,8144156.25,5039156.25,6096150,5039156.25,9161598.21428571,13824642.8571429,9161598.21428571
34,"131","10","01","1311001","Pizarra, La",La Pizarra,La Pizarra Núcleo,1916,"1916",3562.5,3855,3562.5,18733.5,18459,18733.5,47272.5,47940.6666666667,47272.5,8091,9793,8091,5198.25,5351.5,5198.25,25343.25,25897.2142857143,25343.25,758.5,1176,758.5,2317,3338,2317,3425.33333333333,4570,3425.33333333333,1422.25,2234,1422.25,982.5,1302,982.5,2250.89285714286,3108.57142857143,2250.89285714286,3270,3270,3518,4192,19008,19008,19732,17186,,,,,,,,,,,,,49593,49593,50173,50126,49510,49510,50330,50283,40710,40710,43366,43366,6389,6389,10685,8901,5045,5045,5015,5688,343,339,1130,1222,1290,1302,3495,3181,,,,,,,,,,,,,2236,2633,3708,4380,2278,2641,3863,4535,1899,1997,5544,5390,611,610,2353,2115,677,649,1250,1354,6825750,7386180,6825750,35893386,35367444,35893386,90574110,91854317.3333333,90574110,15502356,18763388,15502356,9959847,10253474,9959847,48557667,49619062.5714286,48557667,1453286,2253216,1453286,4439372,6395608,4439372,6562938.66666667,8756120,6562938.66666667,2725031,4280344,2725031,1882470,2494632,1882470,4312710.71428571,5956022.85714286,4312710.71428571
35,"089","01","01","0890101","Colinas, Las",Las Colinas,Las Colinas Núcleo,313,"313",20648.25,23043.5,20648.25,16243.5,19418,16243.5,,,,11745.5,12922,11745.5,13776,17619,13776,15877.6785714286,18750.9285714286,15877.6785714286,2854.75,4492,2854.75,2189.8125,3331.75,2189.8125,,,,1751,2728,1751,2488.75,3886,2488.75,2264.82142857143,3490.42857142857,2264.82142857143,18253,18253,23040,23047,8960,8960,18492,17193,15771,15771,25967,25967,17293,17293,22062,22367,10252,10252,11648,11648,,,,,,,,,,,,,10569,10569,12922,12922,9933,9933,17619,17619,1238,1197,4713,4271,954,902,3160,3482,1197,1260,3832,3772,1260,1283,3907,4333,767,760,1934,2234,,,,,,,,,,,,,779,769,2668,2788,1097,1086,3826,3946,6462902.25,7212615.5,6462902.25,5084215.5,6077834,5084215.5,,,,3676341.5,4044586,3676341.5,4311888,5514747,4311888,4969713.39285714,5869040.64285714,4969713.39285714,893536.75,1405996,893536.75,685411.3125,1042837.75,685411.3125,,,,548063,853864,548063,778978.75,1216318,778978.75,708889.107142857,1092504.14285714,708889.107142857
36,"034","01","01","0340101",Canencia,Canencia,Canencia Núcleo,440,"440",54186.25,68881.5,54186.25,68371,75040,68371,75632.375,74335.25,75632.375,17267.25,20795.5,17267.25,70528.5,100148,70528.5,60269.625,68922.5833333333,60269.625,5874.5,9847.5,5874.5,5145.5,7585.5,5145.5,5391.125,7380.75,5391.125,1968,3085,1968,6263.25,9813.5,6263.25,5005.58333333333,7515.5,5005.58333333333,39491,39491,34408,103355,61702,61702,81590,68490,,,,,,,,,,,,,78094,78094,67166,79540,75765,75765,69130,81505,,,,,13739,13739,23463,18128,40909,40909,95525,104771,1925,1878,10033,9662,2681,2730,8544,6627,,,,,,,,,,,,,3186,3444,6594,7494,3401,3575,7264,8171,,,,,856,846,4015,2155,2738,2688,9375,10252,23841950,30307860,23841950,30083240,33017600,30083240,33278245,32707510,33278245,7597590,9150020,7597590,31032540,44065120,31032540,26518635,30325936.6666667,26518635,2584780,4332900,2584780,2264020,3337620,2264020,2372095,3247530,2372095,865920,1357400,865920,2755830,4317940,2755830,2202456.66666667,3306820,2202456.66666667
37,"036","01","01","0360101",Casarrubuelos,Casarrubuelos,Casarrubuelos Núcleo,4211,"4211",40924.5,48229,40924.5,22188.375,22983.75,22188.375,,,,14052.5,14368,14052.5,10646,10908,10646,21999.95,23894.5,21999.95,3735.25,5620,3735.25,2254.25,3311.25,2254.25,,,,1563.75,2364.5,1563.75,1238.25,1753,1238.25,2209.15,3272,2209.15,33620,33620,66076,30382,22707,22707,25466,23693,20079,20079,22605,20171,,,,,,,,,,,,,,,,,,,,,13737,13737,14368,14368,10384,10384,10908,10908,1847,1854,6376,4864,1191,1355,3758,3417,1057,1186,2923,3147,,,,,,,,,,,,,,,,,,,,,715,811,1962,2767,693,754,1452,2054,172333069.5,203092319,172333069.5,93435247.125,96784571.25,93435247.125,,,,59175077.5,60503648,59175077.5,44830306,45933588,44830306,92641789.45,100619739.5,92641789.45,15729137.75,23665820,15729137.75,9492646.75,13943673.75,9492646.75,,,,6584951.25,9956909.5,6584951.25,5214270.75,7381883,5214270.75,9302730.65,13778392,9302730.65
38,"064","02","01","0640201",Gascones,Gascones,Gascones Núcleo,174,"174",54017.5,70944,54017.5,65791.25,72280.5,65791.25,71972.75,69416,71972.75,13440.25,15541.5,13440.25,69105,78607,69105,57716.5833333333,62700.8333333333,57716.5833333333,5327,8998.5,5327,4692.75,6933.5,4692.75,4929.5,6744,4929.5,1712.5,2836,1712.5,5525.25,8422.5,5525.25,4519.41666666667,6779.75,4519.41666666667,37091,37091,98966,42922,59302,59302,62570,81991,,,,,,,,,,,,,75694,75694,69300,67567,73365,73365,71265,69532,,,,,11339,11339,15510,15573,59603,59603,60621,96593,1674,1637,8663,9334,2440,2464,5422,8445,,,,,,,,,,,,,2955,3146,6135,6495,3092,3267,6872,7474,,,,,587,591,2416,3256,2618,2638,6692,10153,9399045,12344256,9399045,11447677.5,12576807,11447677.5,12523258.5,12078384,12523258.5,2338603.5,2704221,2338603.5,12024270,13677618,12024270,10042685.5,10909945,10042685.5,926898,1565739,926898,816538.5,1206429,816538.5,857733,1173456,857733,297975,493464,297975,961393.5,1465515,961393.5,786378.5,1179676.5,786378.5
39,"069","01","01","0690101","Hiruela, La",La Hiruela,La Hiruela Núcleo,82,"82",65012.5,85009,65012.5,84669.75,87111.5,84669.75,91931.5,86406.5,91931.5,28689.5,28476,28689.5,98323.25,114116.5,98323.25,76759.6666666667,81254.3333333333,76759.6666666667,8178,13063.5,8178,7590.5,11101.5,7590.5,7862.125,11067,7862.125,3804,5371,3804,9176.5,14079.5,9176.5,7412.20833333333,10958.25,7412.20833333333,45016,45016,115385,54633,82228,82228,80521,93702,,,,,,,,,,,,,98621,98621,91570,79278,96292,96292,93535,81243,,,,,28903,28903,27221,29731,82530,82530,119929,108304,3313,3272,12278,13849,4070,4089,9243,12960,,,,,,,,,,,,,4577,4602,10110,11010,4708,4742,11159,11989,,,,,2253,2221,5191,5551,4268,4279,13491,14668,5331025,6970738,5331025,6942919.5,7143143,6942919.5,7538383,7085333,7538383,2352539,2335032,2352539,8062506.5,9357553,8062506.5,6294292.66666667,6662855.33333333,6294292.66666667,670596,1071207,670596,622421,910323,622421,644694.25,907494,644694.25,311928,440422,311928,752473,1154519,752473,607801.083333333,898576.5,607801.083333333
40,"053","01","01","0530101",Daganzo de Arriba,Daganzo de Arriba,Daganzo de Arriba Núcleo,10673,"10673",12619.5,12751,12619.5,23727,28145,23727,34818.125,36392.5,34818.125,11054.5,11748,11054.5,25327.5,28785,25327.5,23727.4583333333,25702.3333333333,23727.4583333333,1674,2314,1674,3101.75,4930,3101.75,3546.375,5225,3546.375,1273.25,1814.5,1273.25,3531.25,5693,3531.25,2778.83333333333,4200.25,2778.83333333333,12488,12488,12751,12751,17826,20792,28145,28145,,,,,,,,,,,,,34412,34820,53978,33375,32083,31660,30527,27690,,,,,10361,10361,11811,11685,22298,21442,28785,28785,1037,1031,2314,2314,1210,1337,5290,4570,,,,,,,,,,,,,1756,1852,5754,4593,1891,1972,5492,5061,,,,,748,716,1745,1884,1288,1451,5693,5693,134687923.5,136091423,134687923.5,253238271,300391585,253238271,371613848.125,388417152.5,371613848.125,117984678.5,125386404,117984678.5,270320407.5,307222305,270320407.5,253243162.791667,274321003.666667,253243162.791667,17866602,24697322,17866602,33104977.75,52617890,33104977.75,37850460.375,55766425,37850460.375,13589397.25,19366158.5,13589397.25,37689031.25,60761389,37689031.25,29658488.1666667,44829268.25,29658488.1666667
41,"085","01","01","0850101","Endrinales, Los",Los Endrinales,Los Endrinales Núcleo,158,"158",22976.5,22824,22976.5,48567.5,53864,48567.5,48174,47852.5,48174,31521.75,32962.5,31521.75,24734,23898,24734,37357.9583333333,38208.9166666667,37357.9583333333,3052,4760,3052,5441.25,8835.5,5441.25,4672.75,6878,4672.75,4573.25,7632.5,4573.25,3162.75,4972,3162.75,4262.45833333333,6659.33333333333,4262.45833333333,23129,23129,22824,22824,43271,43271,44563,63165,,,,,,,,,,,,,48755,48755,48430,48430,48236,48236,47275,47275,,,,,30081,30081,29353,36572,25570,25570,23898,23898,1359,1329,4760,4760,2028,2066,8563,9108,,,,,,,,,,,,,2290,2447,6866,6866,2551,2582,6890,6890,,,,,1588,1440,7451,7814,1364,1343,4972,4972,3630287,3606192,3630287,7673665,8510512,7673665,7611492,7560695,7611492,4980436.5,5208075,4980436.5,3907972,3775884,3907972,5902557.41666667,6037008.83333333,5902557.41666667,482216,752080,482216,859717.5,1396009,859717.5,738294.5,1086724,738294.5,722573.5,1205935,722573.5,499714.5,785576,499714.5,673468.416666667,1052174.66666667,673468.416666667
42,"085","02","01","0850201",Miraflores de la Sierra,Miraflores de la Sierra,Miraflores de la Sierra Núcleo,6625,"6625",20671.5,19918,20671.5,55374.5,63215,55374.5,45868.25,44945.5,45868.25,53663,72982,53663,22428,20991,22428,40645.5833333333,44499.5,40645.5833333333,1656.75,1955,1656.75,4239,6152,4239,3241.5,4011.5,3241.5,4903.25,8005,4903.25,1766.75,2165,1766.75,3174.79166666667,4383.33333333333,3174.79166666667,21425,21425,19918,19918,47534,47534,62926,63504,,,,,,,,,,,,,47050,47050,45523,45523,46532,46532,44368,44368,,,,,34344,34344,110019,35945,23865,23865,20991,20991,1369,1348,1955,1955,2321,2331,6332,5972,,,,,,,,,,,,,2290,2459,3998,3998,2539,2598,4025,4025,,,,,1889,1714,11902,4108,1375,1362,2165,2165,136948687.5,131956750,136948687.5,366856062.5,418799375,366856062.5,303877156.25,297763937.5,303877156.25,355517375,483505750,355517375,148585500,139065375,148585500,269276989.583333,294809187.5,269276989.583333,10975968.75,12951875,10975968.75,28083375,40757000,28083375,21474937.5,26576187.5,21474937.5,32484031.25,53033125,32484031.25,11704718.75,14343125,11704718.75,21032994.7916667,29039583.3333333,21032994.7916667
43,"085","03","01","0850301","Pinarejos, Los",Los Pinarejos,Los Pinarejos Núcleo,333,"333",14899.5,14488,14899.5,50383.25,56162.5,50383.25,40097,39516.5,40097,30726.25,37214.5,30726.25,16656.5,15561,16656.5,32143.25,33743.1666666667,32143.25,1245.25,1556,1245.25,3914,5729.5,3914,2780.875,3496.5,2780.875,2928.5,4549.5,2928.5,1357,1762,1357,2501.08333333333,3431.66666666667,2501.08333333333,15311,15311,14488,14488,44604,44604,57497,54828,,,,,,,,,,,,,40937,40937,40094,40094,40418,40418,38939,38939,,,,,24238,24238,49276,25153,17752,17752,15561,15561,932,937,1556,1556,2084,2113,5814,5645,,,,,,,,,,,,,1866,2051,3480,3480,2144,2200,3513,3513,,,,,1277,1338,4924,4175,947,957,1762,1762,4961533.5,4824504,4961533.5,16777622.25,18702112.5,16777622.25,13352301,13158994.5,13352301,10231841.25,12392428.5,10231841.25,5546614.5,5181813,5546614.5,10703702.25,11236474.5,10703702.25,414668.25,518148,414668.25,1303362,1907923.5,1303362,926031.375,1164334.5,926031.375,975190.5,1514983.5,975190.5,451881,586746,451881,832860.75,1142745,832860.75
44,"136","01","01","1360101",Estación Transmisora Marina,Estación Transmisora Marina,Estación Transmisora Marina Núcleo,32,"32",21637,24793,21637,24614,27112.5,24614,,,,25590,26670,25590,25380,27568,25380,24367,26651.2,24367,1874.25,2403,1874.25,2466,3517,2466,,,,2406.75,3390,2406.75,2396.5,3399,2396.5,2321.9,3245.2,2321.9,18481,18481,24793,24793,20761,20761,22971,22971,23470,23470,31254,31254,,,,,,,,,,,,,,,,,,,,,24510,24510,26879,26461,23192,23192,27544,27592,1351,1340,2403,2403,1293,1285,2919,2919,1540,1542,4175,4055,,,,,,,,,,,,,,,,,,,,,1432,1415,3511,3269,1390,1398,3311,3487,692384,793376,692384,787648,867600,787648,,,,818880,853440,818880,812160,882176,812160,779744,852838.4,779744,59976,76896,59976,78912,112544,78912,,,,77016,108480,77016,76688,108768,76688,74300.8,103846.4,74300.8
45,"104","06","01","1040601",I.N.T.A.,I.N.T.A.,I.N.T.A. Núcleo,148,"148",5865.5,5608,5865.5,26767.5,33619,26767.5,30862.375,32712.75,30862.375,7053.25,7075.5,7053.25,28309.5,36053,28309.5,21620.0833333333,24630.1666666667,21620.0833333333,1019.75,1293,1019.75,3434.25,5815,3434.25,3351,5112.5,3351,1496.25,2297.5,1496.25,3528.25,5916,3528.25,2696.75,4257.75,2696.75,6123,6123,5608,5608,19916,19916,33301,33937,,,,,,,,,,,,,24799,33945,38358,29903,26519,30785,35379,27211,,,,,7031,7031,7067,7084,20566,20566,33637,38469,760,733,1293,1293,994,1113,6535,5095,,,,,,,,,,,,,1412,1640,5334,4586,1556,1750,5777,4753,,,,,689,701,2047,2548,1054,1227,6175,5657,868094,829984,868094,3961590,4975612,3961590,4567631.5,4841487,4567631.5,1043881,1047174,1043881,4189806,5335844,4189806,3199772.33333333,3645264.66666667,3199772.33333333,150923,191364,150923,508269,860620,508269,495948,756650,495948,221445,340030,221445,522181,875568,522181,399119,630147,399119
46,"072","01","01","0720101","Berzalejo, El",El Berzalejo,El Berzalejo Núcleo,81,"81",19163,19278,19163,21699.75,25894.5,21699.75,30884.5833333333,34063.8333333333,30884.5833333333,13103.5,14043,13103.5,21654.25,25848.5,21654.25,24039.1785714286,26750.7857142857,24039.1785714286,2161.5,2729,2161.5,3201.75,5185,3201.75,2651,3546.83333333333,2651,1985,3139,1985,3175.25,5147,3175.25,2639.5,3834.35714285714,2639.5,19048,19048,19278,19278,17505,17505,26878,24911,,,,,,,,,,,,,30694,30694,31811,31792,30611,30611,31982,31963,21811,21811,26686,50149,12164,12164,14043,14043,17460,17460,26832,24865,1605,1583,2729,2729,1203,1234,5522,4848,,,,,,,,,,,,,1653,2223,2945,2945,1690,2183,3103,3103,1288,1494,3987,5198,793,869,3169,3109,1190,1217,5484,4810,1552203,1561518,1552203,1757679.75,2097454.5,1757679.75,2501651.25,2759170.5,2501651.25,1061383.5,1137483,1061383.5,1753994.25,2093728.5,1753994.25,1947173.46428571,2166813.64285714,1947173.46428571,175081.5,221049,175081.5,259341.75,419985,259341.75,214731,287293.5,214731,160785,254259,160785,257195.25,416907,257195.25,213799.5,310582.928571429,213799.5
47,"072","02","01","0720201","Berzosa, La",La Berzosa,La Berzosa Núcleo,2613,"2613",20300.5,20339,20300.5,17458.5,23208,17458.5,32357.3333333333,35369.6666666667,32357.3333333333,13592.75,17346.5,13592.75,17413,23162,17413,23690.9642857143,27166.3571428571,23690.9642857143,2389.75,2988.5,2389.75,2757,4621.5,2757,2641.58333333333,3525,2641.58333333333,2159.25,3656,2159.25,2730,4583.5,2730,2565.82142857143,3774.92857142857,2565.82142857143,20262,20262,20339,20339,11709,11709,27989,18427,,,,,,,,,,,,,32333,32333,33123,33091,32251,32251,33294,33262,23451,23451,28000,51448,9839,9839,18227,16466,11664,11664,27943,18381,1821,1761,3384,2593,895,890,6015,3228,,,,,,,,,,,,,1670,2204,2923,2923,1705,2175,3081,3081,1317,1478,3966,5176,663,662,4234,3078,879,874,5977,3190,53045206.5,53145807,53045206.5,45619060.5,60642504,45619060.5,84549712,92420939,84549712,35517855.75,45326404.5,35517855.75,45500169,60522306,45500169,61904489.6785714,70985691.2142857,61904489.6785714,6244416.75,7808950.5,6244416.75,7204041,12075979.5,7204041,6902457.25,9210825,6902457.25,5642120.25,9553128,5642120.25,7133490,11976685.5,7133490,6704491.39285714,9863888.35714286,6704491.39285714
48,"039","01","01","0390101",Cervera de Buitrago,Cervera de Buitrago,Cervera de Buitrago Núcleo,146,"146",34915.5,44767,34915.5,63797,68311,63797,77427.5,80343.5,77427.5,15166.5,15272,15166.5,82088,104592,82088,58470.3333333333,65604.8333333333,58470.3333333333,4181,6646,4181,5138,7440,5138,6091.25,8681.5,6091.25,1434.25,1700,1434.25,6978.25,10965,6978.25,4985.66666666667,7352.33333333333,4985.66666666667,25064,25064,44767,44767,59283,59283,68311,68311,,,,,,,,,,,,,75676,75676,79361,79361,73347,73347,81326,81326,,,,,15061,15061,15272,15272,59584,59584,104592,104592,1711,1721,6646,6646,2814,2858,7440,7440,,,,,,,,,,,,,3345,3526,8307,8307,3436,3697,9056,9056,,,,,1139,1198,1700,1700,2991,2992,10965,10965,5097663,6535982,5097663,9314362,9973406,9314362,11304415,11730151,11304415,2214309,2229712,2214309,11984848,15270432,11984848,8536668.66666667,9578305.66666667,8536668.66666667,610426,970316,610426,750148,1086240,750148,889322.5,1267499,889322.5,209400.5,248200,209400.5,1018824.5,1600890,1018824.5,727907.333333333,1073440.66666667,727907.333333333
49,"072","03","01","0720301",Hoyo de Manzanares,Hoyo de Manzanares,Hoyo de Manzanares Núcleo,5748,"5748",16242.5,16390,16242.5,20927.75,25390.5,20927.75,33362.5833333333,35797.8333333333,33362.5833333333,18737.5,22880,18737.5,20881.75,25344.5,20881.75,25268.1785714286,28199.7857142857,25268.1785714286,1704.5,2054,1704.5,2856,4280,2856,2667.16666666667,3364.33333333333,2667.16666666667,2499.75,3794,2499.75,2827.25,4242,2827.25,2555.57142857143,3494.71428571429,2555.57142857143,16095,16095,16390,16390,16465,16465,28274,22507,,,,,,,,,,,,,33916,33916,33497,33478,33833,33833,33668,33649,25033,25033,28660,51835,14595,14595,25214,20546,16419,16419,28228,22461,1348,1362,2054,2054,1440,1424,5046,3514,,,,,,,,,,,,,1895,2365,2613,2612,1941,2365,2771,2770,1551,1703,4555,4865,1217,1194,4224,3364,1420,1405,5008,3476,93361890,94209720,93361890,120292707,145944594,120292707,191768129,205765946,191768129,107703150,131514240,107703150,120028299,145680186,120028299,145241490.428571,162092368.285714,145241490.428571,9797466,11806392,9797466,16416288,24601440,16416288,15330874,19338188,15330874,14368563,21807912,14368563,16251033,24383016,16251033,14689424.5714286,20087617.7142857,14689424.5714286
50,"043","04","01","0430401",Balcón de Tajo - Urtajo,Balcón de Tajo - Urtajo,Balcón de Tajo - Urtajo Núcleo,2389,"2389",18699,22886,18699,57799.5,64589.5,57799.5,,,,19924,24171,19924,23280.5,25927,23280.5,35500.5,40432.6,35500.5,2112.5,3062,2112.5,5259.125,8057,5259.125,,,,2489.5,3637.5,2489.5,2160.25,3162,2160.25,3456.1,5195.1,3456.1,14512,14512,22886,22886,52259,52259,73291,48927,49760,49760,77517,58623,,,,,,,,,,,,,,,,,,,,,15677,15677,24171,24171,20634,20634,25927,25927,1192,1134,3062,3062,2462,2544,9303,6587,2400,2439,9017,7321,,,,,,,,,,,,,,,,,,,,,1374,1309,3213,4062,1164,1153,3162,3162,44671911,54674654,44671911,138083005.5,154304315.5,138083005.5,,,,47598436,57744519,47598436,55617114.5,61939603,55617114.5,84810694.5,96593481.4,84810694.5,5046762.5,7315118,5046762.5,12564049.625,19248173,12564049.625,,,,5947415.5,8689987.5,5947415.5,5160837.25,7554018,5160837.25,8256622.9,12411093.9,8256622.9
51,"060","02","01","0600201",Alarilla,Alarilla,Alarilla Núcleo,354,"354",41756.5,41856,41756.5,65880.25,66274.5,65880.25,70612.5,71379,70612.5,47759.5,47177,47759.5,42464.5,42527,42464.5,53694.65,53842.7,53694.65,4751.5,7662,4751.5,7060.5,11170,7060.5,6978,10997.5,6978,5310.5,8676,5310.5,4733,7446,4733,5766.7,9190.3,5766.7,41657,41657,41856,41856,65486,65486,67323,65226,,,,,,,,,,,,,69846,69846,70352,72406,,,,,,,,,48342,48342,47177,47177,42402,42402,42527,42527,1843,1839,7662,7662,2935,2967,11470,10870,,,,,,,,,,,,,2932,2985,11100,10895,,,,,,,,,1928,1962,8856,8496,2022,2018,7446,7446,14781801,14817024,14781801,23321608.5,23461173,23321608.5,24996825,25268166,24996825,16906863,16700658,16906863,15032433,15054558,15032433,19007906.1,19060315.8,19007906.1,1682031,2712348,1682031,2499417,3954180,2499417,2470212,3893115,2470212,1879917,3071304,1879917,1675482,2635884,1675482,2041411.8,3253366.2,2041411.8
52,"162","01","01","1620101",Alalpardo,Alalpardo,Alalpardo Núcleo,2465,"2465",37325.75,47896.5,37325.75,17153.75,18235.5,17153.75,33932.125,33483.5,33932.125,24398.5,29128,24398.5,20931.5,21319,20931.5,27945.625,30591,27945.625,3973,6072,3973,2069.5,2775,2069.5,2826.25,3635.75,2826.25,2816.5,4229.5,2816.5,2575.5,3627.5,2575.5,2847.83333333333,3995.91666666667,2847.83333333333,26755,26755,63538,32255,16072,16072,18229,18242,,,,,,,,,,,,,32658,38848,30892,31004,30329,35688,35981,36057,,,,,19669,19669,29072,29184,20544,20544,21319,21319,1903,1845,7394,4750,1251,1477,3057,2493,,,,,,,,,,,,,1794,2114,3242,3048,1931,2228,4397,3856,,,,,1258,1549,4181,4278,1336,1711,3879,3376,92007973.75,118064872.5,92007973.75,42283993.75,44950507.5,42283993.75,83642688.125,82536827.5,83642688.125,60142302.5,71800520,60142302.5,51596147.5,52551335,51596147.5,68885965.625,75406815,68885965.625,9793445,14967480,9793445,5101317.5,6840375,5101317.5,6966706.25,8962123.75,6966706.25,6942672.5,10425717.5,6942672.5,6348607.5,8941787.5,6348607.5,7019909.16666667,9849934.58333333,7019909.16666667
53,"162","02","01","1620201",Valdeolmos,Valdeolmos,Valdeolmos Núcleo,1155,"1155",39198.25,49933.5,39198.25,19244.25,20237.5,19244.25,35248.625,35485,35248.625,33368.5,38227,33368.5,23022,23321,23022,30888.375,33781.5,30888.375,4057.75,6201.5,4057.75,2193,2878,2193,2963.25,3738.75,2963.25,3040.5,4422,3040.5,2688.75,3730.5,2688.75,2984.41666666667,4118.25,2984.41666666667,28463,28463,65574,34293,18251,18251,20231,20244,,,,,,,,,,,,,34837,34837,32894,33005,32508,37867,37983,38058,,,,,28510,28510,38227,38227,22723,22723,23321,23321,1942,1886,7532,4871,1403,1613,3167,2589,,,,,,,,,,,,,1943,2328,3352,3144,2099,2381,4507,3952,,,,,1676,1642,4422,4422,1484,1810,3989,3472,45273978.75,57673192.5,45273978.75,22227108.75,23374312.5,22227108.75,40712161.875,40985175,40712161.875,38540617.5,44152185,38540617.5,26590410,26935755,26590410,35676073.125,39017632.5,35676073.125,4686701.25,7162732.5,4686701.25,2532915,3324090,2532915,3422553.75,4318256.25,3422553.75,3511777.5,5107410,3511777.5,3105506.25,4308727.5,3105506.25,3447001.25,4756578.75,3447001.25
54,"162","03","01","1620301",Miraval,Miraval,Miraval Núcleo,851,"851",36780.25,46207.5,36780.25,16606.25,16542.5,16606.25,33384.625,31790.5,33384.625,23851.75,27435.5,23851.75,20384,19626,20384,27398.5833333333,28898.75,27398.5833333333,4025.25,6090,4025.25,2129.25,2817.5,2129.25,2889.5,3678.25,2889.5,2876,4272,2876,2630.25,3670,2630.25,2906.625,4034.33333333333,2906.625,27353,27353,61845,30570,16670,16670,16536,16549,,,,,,,,,,,,,33256,39446,29199,29311,30927,36286,34288,34364,,,,,20268,20268,27380,27491,21142,21142,19626,19626,1995,1926,7430,4750,1332,1550,3093,2542,,,,,,,,,,,,,1874,2197,3278,3097,2021,2311,4433,3905,,,,,1346,1614,4217,4327,1414,1767,3915,3425,31299992.75,39322582.5,31299992.75,14131918.75,14077667.5,14131918.75,28410315.875,27053715.5,28410315.875,20297839.25,23347610.5,20297839.25,17346784,16701726,17346784,23316194.4166667,24592836.25,23316194.4166667,3425487.75,5182590,3425487.75,1811991.75,2397692.5,1811991.75,2458964.5,3130190.75,2458964.5,2447476,3635472,2447476,2238342.75,3123170,2238342.75,2473537.875,3433217.66666667,2473537.875
55,"060","01","01","0600101",Fuentidueña de Tajo,Fuentidueña de Tajo,Fuentidueña de Tajo Núcleo,1929,"1929",35017.5,35393,35017.5,59209.75,59948.5,59209.75,63889.5,64948,63889.5,41182,41038,41182,35897,36408,35897,47039.15,47547.1,47039.15,2394.25,3196,2394.25,4458,6243,4458,4474.25,6275.5,4474.25,2857.75,4026.5,2857.75,2454.25,3139.5,2454.25,3327.7,4576.1,3327.7,34642,34642,35367,35419,58471,58471,60834,59063,,,,,,,,,,,,,62831,62831,63863,66033,,,,,,,,,41326,41326,41273,40803,35386,35386,36038,36778,1605,1580,2985,3407,2647,2699,6303,6183,,,,,,,,,,,,,2623,2723,6333,6218,,,,,,,,,1691,1687,4174,3879,1779,1759,2769,3510,67548757.5,68273097,67548757.5,114215607.75,115640656.5,114215607.75,123242845.5,125284692,123242845.5,79440078,79162302,79440078,69245313,70231032,69245313,90738520.35,91718355.9,90738520.35,4618508.25,6165084,4618508.25,8599482,12042747,8599482,8630828.25,12105439.5,8630828.25,5512599.75,7767118.5,5512599.75,4734248.25,6056095.5,4734248.25,6419133.3,8827296.9,6419133.3
56,"146","01","01","1460101",Tielmes,Tielmes,Tielmes Núcleo,2789,"2789",16479.5,15901,16479.5,40648.5,40410,40648.5,44833,44419,44833,22774.5,21806,22774.5,17017.5,16232,17017.5,28350.6,27753.6,28350.6,1768.5,2594,1768.5,4343,6642,4343,4095,6162,4095,2330.25,3602,2330.25,1784.75,2454,1784.75,2864.3,4290.8,2864.3,17058,17058,15901,15901,40887,40887,39430,41390,,,,,,,,,,,,,45247,45247,44419,44419,,,,,,,,,23743,23743,21806,21806,17803,17803,16232,16232,960,926,2594,2594,2016,2072,7051,6233,,,,,,,,,,,,,1983,2073,6162,6162,,,,,,,,,1065,1052,3602,3602,1136,1095,2454,2454,45961325.5,44347889,45961325.5,113368666.5,112703490,113368666.5,125039237,123884591,125039237,63518080.5,60816934,63518080.5,47461807.5,45271048,47461807.5,79069823.4,77404790.4,79069823.4,4932346.5,7234666,4932346.5,12112627,18524538,12112627,11420955,17185818,11420955,6499067.25,10045978,6499067.25,4977667.75,6844206,4977667.75,7988532.7,11967041.2,7988532.7
57,"009","01","01","0090101",Algete,Algete,Algete Núcleo,15655,"15655",21655.25,20455.5,21655.25,13328.25,14443.5,13328.25,29826.875,29132,29826.875,16983.75,18157.5,16983.75,15651.5,14618,15651.5,21212.0833333333,20989.75,21212.0833333333,2840.75,4072,2840.75,1545.75,1995.5,1545.75,2436.125,3103.75,2436.125,2257.5,3369.5,2257.5,1957,2644,1957,2245.54166666667,3048.08333333333,2245.54166666667,22855,22855,21313,19598,12213,12213,11551,17336,,,,,,,,,,,,,28799,34989,24290,30131,26470,31829,26255,35852,,,,,15810,15810,15277,21038,16685,16685,14618,14618,1606,1613,4372,3772,967,1225,2013,1978,,,,,,,,,,,,,1533,1865,2902,2446,1697,1979,3780,3287,,,,,980,1311,3421,3318,1068,1472,2644,2644,339012938.75,320230852.5,339012938.75,208653753.75,226112992.5,208653753.75,466939728.125,456061460,466939728.125,265880606.25,284255662.5,265880606.25,245024232.5,228844790,245024232.5,332075164.583333,328594536.25,332075164.583333,44471941.25,63747160,44471941.25,24198716.25,31239552.5,24198716.25,38137536.875,48589206.25,38137536.875,35341162.5,52749522.5,35341162.5,30636835,41391820,30636835,35153954.7916667,47717744.5833333,35153954.7916667
58,"145","04","01","1450401",Talamanca de Jarama,Talamanca de Jarama,Talamanca de Jarama Núcleo,4186,"4186",32100,31942,32100,26865,27471,26865,41374.5,41068.5,41374.5,54660.5,60588,54660.5,52692,66879,52692,41511.0833333333,44836.1666666667,41511.0833333333,3161.5,4333.5,3161.5,2274.25,2938,2274.25,3473.875,4620,3473.875,4249.75,6054,4249.75,4657.75,6946,4657.75,3548.5,4918.58333333333,3548.5,32258,32258,31942,31942,26259,26259,27471,27471,,,,,,,,,,,,,42845,42845,38521,38521,40516,40516,43616,43616,,,,,48733,48733,60588,60588,38505,38505,66879,66879,1833,2146,4274,4393,1507,1714,2938,2938,,,,,,,,,,,,,2055,2431,4105,4105,2188,2637,5135,5135,,,,,2283,2608,6054,6054,2460,2279,6946,6946,134370600,133709212,134370600,112456890,114993606,112456890,173193657,171912741,173193657,228808853,253621368,228808853,220568712,279955494,220568712,173765394.833333,187684193.666667,173765394.833333,13234039,18140031,13234039,9520010.5,12298468,9520010.5,14541640.75,19339320,14541640.75,17789453.5,25342044,17789453.5,19497341.5,29075956,19497341.5,14854021,20589189.8333333,14854021
59,"145","05","01","1450501",Carracalderas,Carracalderas,Carracalderas Núcleo,17,"17",34283.75,30678.5,34283.75,28665,25440,28665,42392,37472.5,42392,56271.5,58179,56271.5,32305.5,28249,32305.5,39384.9583333333,36248.5833333333,39384.9583333333,4281.5,6009,4281.5,3370.25,4575,3370.25,4518,6159.25,4518,6338.25,9632,6338.25,3743.5,5169,3743.5,4461.58333333333,6283.91666666667,4461.58333333333,37889,37889,31446,29911,31890,31890,25440,25440,,,,,,,,,,,,,48476,48476,36490,36490,46147,46147,38455,38455,,,,,54364,54364,58179,58179,36362,36362,28249,28249,2422,2686,5975,6043,2070,2261,4575,4575,,,,,,,,,,,,,2638,2956,5742,5742,2804,3109,6551,6602,,,,,2893,3196,8732,10532,2187,2449,5169,5169,582823.75,521534.5,582823.75,487305,432480,487305,720664,637032.5,720664,956615.5,989043,956615.5,549193.5,480233,549193.5,669544.291666667,616225.916666667,669544.291666667,72785.5,102153,72785.5,57294.25,77775,57294.25,76806,104707.25,76806,107750.25,163744,107750.25,63639.5,87873,63639.5,75846.9166666667,106826.583333333,75846.9166666667
60,"145","06","01","1450601","Dunas, Las",Las Dunas,Las Dunas Núcleo,16,"16",45076.25,47250.5,45076.25,33668.75,30434.5,33668.75,49244,46163.5,49244,41159,41817,41159,37717.5,34060,37717.5,42684.9166666667,40981.5,42684.9166666667,4569.25,6533,4569.25,3626.25,5017,3626.25,4186.75,5445,4186.75,4256.75,6261,4256.75,4160.25,5959,4160.25,4164.33333333333,5776.66666666667,4164.33333333333,42902,42902,43118,51383,36903,36903,30980,29889,,,,,,,,,,,,,53489,53489,43637,43637,51160,51160,48690,48690,,,,,40501,40501,41817,41817,41375,41375,34060,34060,2494,2717,6473,6593,2159,2312,4897,5137,,,,,,,,,,,,,2698,3006,5043,5043,2850,3160,5855,5839,,,,,2164,2341,6261,6261,2250,2473,5959,5959,721220,756008,721220,538700,486952,538700,787904,738616,787904,658544,669072,658544,603480,544960,603480,682958.666666667,655704,682958.666666667,73108,104528,73108,58020,80272,58020,66988,87120,66988,68108,100176,68108,66564,95344,66564,66629.3333333333,92426.6666666667,66629.3333333333
61,"145","08","01","1450801","Perdigones, Los",Los Perdigones,Los Perdigones Núcleo,24,"24",35174.25,35241.5,35174.25,29845.5,30583,29845.5,44355,44180.5,44355,44884.25,56635.5,44884.25,52275,68422,52275,41814.8333333333,46540.5,41814.8333333333,3500.75,4828.5,3500.75,2726.25,3645,2726.25,3901.875,5282,3901.875,5230,8820,5230,4819.5,7443,4819.5,4013.375,5883.41666666667,4013.375,35107,35107,35054,35429,29108,29108,30583,30583,,,,,,,,,,,,,45694,45694,41633,41633,43365,43365,46728,46728,,,,,33133,33133,29149,84122,36128,36128,69991,66853,2033,2313,4891,4766,1716,1899,3555,3735,,,,,,,,,,,,,2272,2589,4722,4782,2420,2806,5752,5872,,,,,1725,1555,8717,8923,2281,2111,7563,7323,844182,845796,844182,716292,733992,716292,1064520,1060332,1064520,1077222,1359252,1077222,1254600,1642128,1254600,1003556,1116972,1003556,84018,115884,84018,65430,87480,65430,93645,126768,93645,125520,211680,125520,115668,178632,115668,96321,141202,96321
62,"172","09","01","1720901",El Viso,El Viso,El Viso Núcleo,6890,"6890",8833,10384,8833,17168.5,18064,17168.5,,,,15160.25,15574.5,15160.25,9999,12018,9999,13665.85,14820.9,13665.85,1465.75,2174.5,1465.75,2187.125,3401.5,2187.125,,,,2258.5,3737.5,2258.5,1983.5,3131.5,1983.5,2016.4,3169.3,2016.4,7282,7282,13288,7480,19114,19114,19277,13055,13432,13432,23000,16924,,,,,,,,,,,,,,,,,,,,,14746,14746,18290,12859,7980,7980,14922,9114,744,770,2217,2132,1034,1078,3162,2657,872,907,3876,3911,,,,,,,,,,,,,,,,,,,,,772,787,3450,4025,822,849,3174,3089,60859370,71545760,60859370,118290965,124460960,118290965,,,,104454122.5,107308305,104454122.5,68893110,82804020,68893110,94157706.5,102116001,94157706.5,10099017.5,14982305,10099017.5,15069291.25,23436335,15069291.25,,,,15561065,25751375,15561065,13666315,21576035,13666315,13892996,21836477,13892996
63,"172","10","01","1721001","Mirador, El",El Mirador,El Mirador Núcleo,1754,"1754",15739.5,20885,15739.5,23278.125,29080.25,23278.125,,,,20289.5,26288,20289.5,17562.5,23833,17562.5,20029.55,25833.3,20029.55,2153.5,3310,2153.5,3037.625,4718.75,3037.625,,,,3074.5,5038,3074.5,2576.75,4086,2576.75,2776,4374.3,2776,10594,10594,20885,20885,18651,18651,26874,26294,16301,16301,31080,32073,,,,,,,,,,,,,,,,,,,,,14291,14291,26075,26501,11292,11292,25147,22519,979,1015,3310,3310,1400,1487,4495,3947,1244,1295,4915,5518,,,,,,,,,,,,,,,,,,,,,1089,1133,4723,5353,1039,1096,3905,4267,27607083,36632290,27607083,40829831.25,51006758.5,40829831.25,,,,35587783,46109152,35587783,30804625,41803082,30804625,35131830.7,45311608.2,35131830.7,3777239,5805740,3777239,5327994.25,8276687.5,5327994.25,,,,5392673,8836652,5392673,4519619.5,7166844,4519619.5,4869104,7672522.2,4869104
64,"181","05","01","1810501",Las Salinas y Casa Franco,Las Salinas y Casa Franco,Las Salinas y Casa Franco Núcleo,64,"64",10966.5,11904,10966.5,16954.875,21184.5,16954.875,,,,17946.5,24155,17946.5,8518,9442,8518,15035.7857142857,18605.5714285714,15035.7857142857,2057.25,3325,2057.25,2500.0625,4089.375,2500.0625,,,,3069,5286.5,3069,1131.5,1577,1131.5,2322.57142857143,3792.28571428571,2322.57142857143,10029,10029,11904,11904,7604,7604,9992,9992,13580,13580,58101,16800,11033,11033,25727,14744,18684,18684,17060,17060,,,,,,,,,,,,,11738,11738,31584,16726,7594,7594,9442,9442,764,815,3484,3166,714,766,3319,3070,976,1013,3979,4636,785,833,3926,4344,1073,1126,4875,4566,,,,,,,,,,,,,788,915,5977,4596,690,682,1577,1577,701856,761856,701856,1085112,1355808,1085112,,,,1148576,1545920,1148576,545152,604288,545152,962290.285714286,1190756.57142857,962290.285714286,131664,212800,131664,160004,261720,160004,,,,196416,338336,196416,72416,100928,72416,148644.571428571,242706.285714286,148644.571428571
65,"131","01","01","1310101",Santa Cruz del Valle de los Caídos,Santa Cruz del Valle de los Caídos,Santa Cruz del Valle de los Caídos Núcleo,14,"14",13361.5,14441,13361.5,23419.75,26369.5,23419.75,50108.9166666667,52151.1666666667,50108.9166666667,17612,19823,17612,14997,15937,14997,31388.1428571429,33289.1428571429,31388.1428571429,3645.75,6369,3645.75,5416.5,9394.5,5416.5,6140.58333333333,9844.5,6140.58333333333,4173.5,7150.5,4173.5,3866.25,6489,3866.25,5074.82142857143,8419.5,5074.82142857143,12282,12282,14441,14441,20470,20470,23465,29274,,,,,,,,,,,,,51055,51055,53151,53094,50972,50972,53308,53251,42173,42173,48660,51443,15401,15401,19823,19823,14057,14057,15937,15937,923,922,6369,6369,1435,1442,8945,9844,,,,,,,,,,,,,2410,2802,9128,9090,2439,2795,9283,9245,2031,2143,10368,11953,1194,1199,6947,7354,1260,1227,6489,6489,187061,202174,187061,327876.5,369173,327876.5,701524.833333333,730116.333333333,701524.833333333,246568,277522,246568,209958,223118,209958,439434,466048,439434,51040.5,89166,51040.5,75831,131523,75831,85968.1666666667,137823,85968.1666666667,58429,100107,58429,54127.5,90846,54127.5,71047.5,117873,71047.5
66,"131","01","02","1310102",Valle de los Caídos,Valle de los Caídos,Valle de los Caídos Núcleo,18,"18",12689.5,12621,12689.5,22752.75,24559.5,22752.75,49441.0833333333,50339.5,49441.0833333333,16940,18003,16940,14325,14117,14325,30718.6428571429,31474.1428571429,30718.6428571429,3037.75,5069,3037.75,4811,8102.5,4811,5536,8551.16666666667,5536,3562.5,5850.5,3562.5,3261.75,5189,3261.75,4468.71428571429,7123.5,4468.71428571429,12758,12758,12621,12621,20946,20946,21655,27464,,,,,,,,,,,,,51531,51531,51341,51284,51448,51448,51498,51441,42649,42649,46850,49623,15877,15877,18003,18003,14533,14533,14117,14117,1006,1007,5069,5069,1515,1524,7653,8552,,,,,,,,,,,,,2495,2891,7836,7798,2507,2880,7991,7953,2100,2252,9076,10653,1266,1283,5647,6054,1351,1318,5189,5189,228411,227178,228411,409549.5,442071,409549.5,889939.5,906111,889939.5,304920,324054,304920,257850,254106,257850,552935.571428571,566534.571428571,552935.571428571,54679.5,91242,54679.5,86598,145845,86598,99648,153921,99648,64125,105309,64125,58711.5,93402,58711.5,80436.8571428571,128223,80436.8571428571
67,"061","06","01","0610601",España,España,España Núcleo,1233,"1233",3811.5,3814,3811.5,8648.5,11179,8648.5,38292.1666666667,37729.3333333333,38292.1666666667,5081.5,5915,5081.5,8603,11133,8603,20145.8571428571,20747,20145.8571428571,835.75,1110.5,835.75,1858.75,2837,1858.75,3391.5,4757.66666666667,3391.5,1575.25,2517,1575.25,1828.75,2799,1828.75,2324.71428571429,3362.35714285714,2324.71428571429,3809,3809,3814,3814,6118,6118,14192,8166,,,,,,,,,,,,,41843,41843,39405,39363,41761,41761,39576,39534,32961,32961,33145,35353,4248,4248,5741,6089,6073,6073,14146,8120,588,534,1115,1106,897,864,3115,2559,,,,,,,,,,,,,1955,2424,4245,4536,2003,2416,4403,4694,1613,1741,5066,5602,656,611,2540,2494,875,842,3077,2521,4699579.5,4702662,4699579.5,10663600.5,13783707,10663600.5,47214241.5,46520268,47214241.5,6265489.5,7293195,6265489.5,10607499,13726989,10607499,24839841.8571429,25581051,24839841.8571429,1030479.75,1369246.5,1030479.75,2291838.75,3498021,2291838.75,4181719.5,5866203,4181719.5,1942283.25,3103461,1942283.25,2254848.75,3451167,2254848.75,2866372.71428571,4145786.35714286,2866372.71428571
68,"160","12","02","1601202",Valdemorillo,Valdemorillo,Valdemorillo Núcleo,5950,"5950",18155,18771,18155,25199.5,26602,25199.5,34248.4166666667,35623.1666666667,34248.4166666667,13576.5,13642,13576.5,18350.5,20359,18350.5,25432.3928571429,26606.2142857143,25432.3928571429,1764,2259,1764,3565.25,4941,3565.25,2803.91666666667,3552.5,2803.91666666667,1309.5,1739,1309.5,1893.25,2452,1893.25,2420.53571428571,3149.78571428571,2420.53571428571,17539,17539,18771,18771,23797,23797,26530,26674,,,,,,,,,,,,,38590,38590,39056,37962,38507,38507,38859,38133,21524,21524,29972,29757,13511,13511,13642,13642,16342,16342,20359,20359,1268,1270,2259,2259,2159,2220,5091,4791,,,,,,,,,,,,,2032,2729,3007,3594,2097,2814,3169,3752,1264,1396,3447,4346,872,888,1739,1739,1364,1305,2452,2452,108022250,111687450,108022250,149937025,158281900,149937025,203778079.166667,211957841.666667,203778079.166667,80780175,81169900,80780175,109185475,121136050,109185475,151322737.5,158306975,151322737.5,10495800,13441050,10495800,21213237.5,29398950,21213237.5,16683304.1666667,21137375,16683304.1666667,7791525,10347050,7791525,11264837.5,14589400,11264837.5,14402187.5,18741225,14402187.5
69,"160","12","03","1601203","Charquillas, Las",Las Charquillas,Las Charquillas Núcleo,47,"47",17273,19032,17273,40192.75,55123.5,40192.75,35373.5,35789.3333333333,35373.5,12672.5,13872,12672.5,17446.5,20589,17446.5,27672.1785714286,30854.9285714286,27672.1785714286,2138,3084,2138,4174.5,6071.5,4174.5,2707.33333333333,3230.83333333333,2707.33333333333,1662.25,2526,1662.25,2246.5,3239,2246.5,2620.46428571429,3516.14285714286,2620.46428571429,15514,15514,19032,19032,25262,25262,28176,82071,,,,,,,,,,,,,40674,40674,38942,38588,40591,40591,38745,38745,23608,23608,29858,29858,11473,11473,13872,13872,14304,14304,20589,20589,1198,1186,3084,3084,2234,2321,5845,6298,,,,,,,,,,,,,2179,2787,3031,3014,2245,2847,3193,3169,1475,1570,3471,3507,790,807,2526,2526,1282,1226,3239,3239,811831,894504,811831,1889059.25,2590804.5,1889059.25,1662554.5,1682098.66666667,1662554.5,595607.5,651984,595607.5,819985.5,967683,819985.5,1300592.39285714,1450181.64285714,1300592.39285714,100486,144948,100486,196201.5,285360.5,196201.5,127244.666666667,151849.166666667,127244.666666667,78125.75,118722,78125.75,105585.5,152233,105585.5,123161.821428571,165258.714285714,123161.821428571
70,"170","01","01","1700101",Villaconejos,Villaconejos,Villaconejos Núcleo,3471,"3471",18833,17909,18833,53930.125,59612.75,53930.125,,,,20048,19195,20048,19411.5,20951,19411.5,33230.55,35456.1,33230.55,1559.75,1980,1559.75,4618,6931,4618,,,,1927,2555.5,1927,1531,2080,1531,2850.75,4095.5,2850.75,19757,19757,17909,17909,49497,49497,68314,43950,46998,46998,72540,53647,,,,,,,,,,,,,,,,,,,,,20901,20901,19195,19195,17872,17872,20951,20951,1157,1122,1980,1980,2306,2415,8221,5417,2212,2287,7935,6151,,,,,,,,,,,,,,,,,,,,,1323,1274,2131,2980,982,982,2080,2080,65369343,62162139,65369343,187191463.875,206915855.25,187191463.875,,,,69586608,66625845,69586608,67377316.5,72720921,67377316.5,115343239.05,123068123.1,115343239.05,5413892.25,6872580,5413892.25,16029078,24057501,16029078,,,,6688617,8870140.5,6688617,5314101,7219680,5314101,9894953.25,14215480.5,9894953.25
71,"040","01","01","0400101",Ciempozuelos,Ciempozuelos,Ciempozuelos Núcleo,26037,"26037",8668.5,9198,8668.5,28189.75,27860.5,28189.75,,,,8556,10407,8556,15483,18468,15483,17817.4,18758.8,17817.4,1212.75,1586,1212.75,2448.125,3163.25,2448.125,,,,1429.5,2017,1429.5,1646.25,2148,1646.25,1836.95,2415.5,1836.95,8139,8139,10674,7722,29768,29768,29248,29248,27270,27270,25960,26986,,,,,,,,,,,,,,,,,,,,,6705,6705,11451,9363,12498,12498,25356,11580,826,853,2082,1090,1708,1858,3074,3014,1625,1741,3291,3274,,,,,,,,,,,,,,,,,,,,,827,857,2137,1897,1113,1176,2782,1514,225701734.5,239488326,225701734.5,733976520.75,725403838.5,733976520.75,,,,222772572,270967059,222772572,403130871,480851316,403130871,463911643.8,488422875.6,463911643.8,31576371.75,41294682,31576371.75,63741830.625,82361540.25,63741830.625,,,,37219891.5,52516629,37219891.5,42863411.25,55927476,42863411.25,47828667.15,62892373.5,47828667.15
72,"056","01","01","0560101",Fresnedillas de la Oliva,Fresnedillas de la Oliva,Fresnedillas de la Oliva Núcleo,1764,"1764",29206,31813,29206,63729.25,91112.5,63729.25,46636.8333333333,47231.3333333333,46636.8333333333,24605.25,26652.5,24605.25,28646,33370,28646,40871,46377.4285714286,40871,3099.25,4313,3099.25,4940,6868,4940,3057.41666666667,3247.83333333333,3057.41666666667,2542.5,3596,2542.5,3166,4536.5,3166,3274.28571428571,4151,3274.28571428571,26599,26599,32780,30846,36346,36346,92692,89533,,,,,,,,,,,,,51759,51759,50384,50030,51676,51676,50187,50187,34692,34692,41300,41300,22558,22558,27619,25686,23922,23922,34337,32403,1915,1856,3573,5053,3001,3023,6753,6983,,,,,,,,,,,,,2916,3426,3052,3027,2961,3482,3214,3182,2171,2246,3492,3520,1498,1480,3015,4177,1813,1778,3728,5345,51519384,56118132,51519384,112418397,160722450,112418397,82267374,83316072,82267374,43403661,47015010,43403661,50531544,58864680,50531544,72096444,81809784,72096444,5467077,7608132,5467077,8714160,12115152,8714160,5393283,5729178,5393283,4484970,6343344,4484970,5584824,8002386,5584824,5775840,7322364,5775840
73,"057","03","01","0570301",Jardín de Serracines,Jardín de Serracines,Jardín de Serracines Núcleo,746,"746",26020.5,26938,26020.5,39995.75,49549.5,39995.75,48090.125,50320.5,48090.125,24191.75,25863.5,24191.75,39565.75,44646,39565.75,37659,41273,37659,2686.5,3602.5,2686.5,4749.25,7472.5,4749.25,4709,6832.25,4709,2791.25,4179,2791.25,4769,7455.5,4769,4069,6062.33333333333,4069,25103,25103,28612,25264,30442,30442,57234,41865,,,,,,,,,,,,,47028,47436,49208,46981,44699,44276,46360,58733,,,,,22520,22520,27263,24464,34914,34057,44618,44674,1781,1760,3896,3309,1927,2125,8173,6772,,,,,,,,,,,,,2474,2578,6667,6400,2627,2664,7236,7026,,,,,1411,1396,3938,4420,2006,2159,7545,7366,19411293,20095748,19411293,29836829.5,36963927,29836829.5,35875233.25,37539093,35875233.25,18047045.5,19294171,18047045.5,29516049.5,33305916,29516049.5,28093614,30789658,28093614,2004129,2687465,2004129,3542940.5,5574485,3542940.5,3512914,5096858.5,3512914,2082272.5,3117534,2082272.5,3557674,5561803,3557674,3035474,4522500.66666667,3035474
74,"004","01","01","0040101","Álamo, El",El Álamo,El Álamo Núcleo,10333,"10333",8014.5,7979,8014.5,24029.875,25153.25,24029.875,,,,24190.5,25385,24190.5,8409,8323,8409,19533.3571428571,20328.5714285714,19533.3571428571,1123.75,1466,1123.75,2550,3763.25,2550,,,,2870.25,4381,2870.25,1291.75,1649,1291.75,2212.25,3221.28571428571,2212.25,8050,8050,7979,7979,18862,18862,19775,19775,24838,24838,25459,27329,22291,22291,24378,24378,25635,25635,30066,30066,,,,,,,,,,,,,22996,22996,25385,25385,8495,8495,8323,8323,783,780,1466,1466,1224,1268,2888,2888,1493,1508,4421,4393,1307,1318,3229,3229,1297,1279,4559,4499,,,,,,,,,,,,,1321,1398,4381,4381,925,944,1649,1649,82813828.5,82447007,82813828.5,248300698.375,259908532.25,248300698.375,,,,249960436.5,262303205,249960436.5,86890197,86001559,86890197,201838179.357143,210055128.571429,201838179.357143,11611708.75,15148178,11611708.75,26349150,38885662.25,26349150,,,,29658293.25,45268873,29658293.25,13347652.75,17039117,13347652.75,22859179.25,33285545.2857143,22859179.25
75,"052","06","01","0520601",Valgrande,Valgrande,Valgrande Núcleo,57,"57",51041.5,72010,51041.5,50024.375,58820.25,50024.375,,,,21896.25,26832.5,21896.25,51964.5,73542,51964.5,44990.2,58005,44990.2,4329.75,6973,4329.75,4331.75,6451.75,4331.75,,,,2221.5,3453.5,2221.5,4409.75,7074,4409.75,3924.9,6080.8,3924.9,30073,30073,74392,69628,43173,44477,60282,60282,38632,38632,58352,56365,,,,,,,,,,,,,,,,,,,,,16960,16960,30751,22914,30387,30387,75924,71160,1714,1659,6999,6947,2259,2340,6263,5963,2130,2118,6794,6787,,,,,,,,,,,,,,,,,,,,,1002,977,3647,3260,1760,1731,7100,7048,2909365.5,4104570,2909365.5,2851389.375,3352754.25,2851389.375,,,,1248086.25,1529452.5,1248086.25,2961976.5,4191894,2961976.5,2564441.4,3306285,2564441.4,246795.75,397461,246795.75,246909.75,367749.75,246909.75,,,,126625.5,196849.5,126625.5,251355.75,403218,251355.75,223719.3,346605.6,223719.3
76,"061","07","01","0610701",Fuente la Teja,Fuente la Teja,Fuente la Teja Núcleo,1042,"1042",10983.5,12881,10983.5,15258.75,16100.5,15258.75,28660.8333333333,29484.6666666667,28660.8333333333,13456,14365,13456,15212.75,16054.5,15212.75,20127.6428571429,21122.1428571429,20127.6428571429,2005.5,3243.5,2005.5,2687,4186,2687,2937.41666666667,4227,2937.41666666667,2279.75,3620.5,2279.75,2658,4148,2658,2634.64285714286,3982.71428571429,2634.64285714286,9086,9086,12881,12881,14417,14417,17433,14768,,,,,,,,,,,,,30825,30825,31228,31228,30743,30743,31385,31385,21943,21943,25841,25841,12547,12547,14373,14357,14371,14371,17387,14722,739,796,3615,2872,1184,1192,4817,3555,,,,,,,,,,,,,1583,2073,4469,2811,1616,2045,4624,2966,1200,1370,7046,3446,937,941,3995,3246,1167,1169,4779,3517,11444807,13422002,11444807,15899617.5,16776721,15899617.5,29864588.3333333,30723022.6666667,29864588.3333333,14021152,14968330,14021152,15851685.5,16728789,15851685.5,20973003.8571429,22009272.8571429,20973003.8571429,2089731,3379727,2089731,2799854,4361812,2799854,3060788.16666667,4404534,3060788.16666667,2375499.5,3772561,2375499.5,2769636,4322216,2769636,2745297.85714286,4149988.28571429,2745297.85714286
77,"061","08","01","0610801",Galapagar,Galapagar,Galapagar Núcleo,22399,"22399",7941,9261,7941,12929,13622,12929,31552.25,30878.1666666667,31552.25,10727.5,11090,10727.5,12883,13576,12883,19876.75,20026.2142857143,19876.75,1076.5,1471,1076.5,1926.75,2729,1926.75,2853.16666666667,3697.33333333333,2853.16666666667,1903.25,2917,1903.25,1898.5,2691,1898.5,2194.92857142857,2985.71428571429,2194.92857142857,6621,6621,9261,9261,12236,12236,13613,13631,,,,,,,,,,,,,35215,35215,34777,34197,35132,35132,34948,34354,26332,26332,24069,22924,10365,10365,11536,10644,12190,12190,13567,13585,653,711,1471,1471,1113,1136,2924,2534,,,,,,,,,,,,,1949,2399,4247,3038,1975,2407,4405,3193,1583,1741,3783,3518,885,894,2859,2975,1095,1117,2886,2496,177870459,207437139,177870459,289596671,305119178,289596671,706738847.75,691640055.166667,706738847.75,240285272.5,248404910,240285272.5,288566317,304088824,288566317,445219323.25,448567173.785714,445219323.25,24112523.5,32948929,24112523.5,43157273.25,61126871,43157273.25,63908080.1666667,82816569.3333333,63908080.1666667,42630896.75,65337883,42630896.75,42524501.5,60275709,42524501.5,49164205.0714286,66877014.2857143,49164205.0714286
78,"163","01","01","1630101",Valdepiélagos,Valdepiélagos,Valdepiélagos Núcleo,527,"527",36741.75,36864.5,36741.75,31516.5,32413,31516.5,45634.625,45227.75,45634.625,49151.75,61178.5,49151.75,55185.5,70252,55185.5,43977.4583333333,48527.25,43977.4583333333,3486.5,4726,3486.5,2684.75,3497,2684.75,3782.375,4969,3782.375,6241.5,10635,6241.5,4738.25,7085,4738.25,4119.29166666667,5980.16666666667,4119.29166666667,36619,36619,37799,35930,30620,30620,33328,31498,,,,,,,,,,,,,47206,47206,44378,42548,44877,44877,49473,44512,,,,,37125,37125,31882,90475,40119,40119,72736,67768,2127,2367,4953,4499,1803,1942,3617,3377,,,,,,,,,,,,,2356,2646,4784,4304,2517,2864,5814,4974,,,,,1959,1737,10485,10785,2490,2293,7625,6545,19362902.25,19427591.5,19362902.25,16609195.5,17081651,16609195.5,24049447.375,23835024.25,24049447.375,25902972.25,32241069.5,25902972.25,29082758.5,37022804,29082758.5,23176120.5416667,25573860.75,23176120.5416667,1837385.5,2490602,1837385.5,1414863.25,1842919,1414863.25,1993311.625,2618663,1993311.625,3289270.5,5604645,3289270.5,2497057.75,3733795,2497057.75,2170866.70833333,3151547.83333333,2170866.70833333
79,"163","01","02","1630102","Frontal, El",El Frontal,El Frontal Núcleo,54,"54",39559.25,39950.5,39559.25,34334,35499,34334,48061.25,47531,48061.25,51604.75,63535.5,51604.75,37974.5,38308,37974.5,43265.8333333333,45392.5,43265.8333333333,4758.5,7050,4758.5,4001,5911,4001,5080.75,7368,5080.75,7266,12449,7266,4368.25,6505,4368.25,5092.54166666667,7775.16666666667,5092.54166666667,39168,39168,41614,38287,33169,33169,37143,33855,,,,,,,,,,,,,49756,49756,48193,44905,47427,47427,50157,46869,,,,,39674,39674,34239,92832,37641,37641,39952,36664,2365,2569,7787,6313,2038,2144,6631,5191,,,,,,,,,,,,,2596,2844,7798,6118,2740,2994,8768,6788,,,,,2204,1962,12299,12599,2124,2339,7225,5785,2136199.5,2157327,2136199.5,1854036,1916946,1854036,2595307.5,2566674,2595307.5,2786656.5,3430917,2786656.5,2050623,2068632,2050623,2336355,2451195,2336355,256959,380700,256959,216054,319194,216054,274360.5,397872,274360.5,392364,672246,392364,235885.5,351270,235885.5,274997.25,419859,274997.25
80,"108","01","01","1080101",Atalaya Real,Atalaya Real,Atalaya Real Núcleo,195,"195",34906.75,34299.5,34906.75,29925.5,30142,29925.5,43300.75,41665,43300.75,49083.5,61589,49083.5,32854,35698,32854,38895.2083333333,40843.0833333333,38895.2083333333,3420.75,4945,3420.75,2939.75,4339,2939.75,3844.25,5470.25,3844.25,4891.75,7746,4891.75,4088,6493,4088,3838.125,5743.91666666667,3838.125,35514,35514,37128,31471,29709,29709,31226,29058,,,,,,,,,,,,,46101,46101,39692,40108,43772,43772,41657,45203,,,,,36578,36578,61381,61797,30010,30010,40327,31069,1786,2007,5986,3904,1507,1574,4669,4009,,,,,,,,,,,,,1986,2255,4996,4876,2152,2480,6103,5906,,,,,2027,2048,7986,7506,1684,1682,7193,5793,6806816.25,6688402.5,6806816.25,5835472.5,5877690,5835472.5,8443646.25,8124675,8443646.25,9571282.5,12009855,9571282.5,6406530,6961110,6406530,7584565.625,7964401.25,7584565.625,667046.25,964275,667046.25,573251.25,846105,573251.25,749628.75,1066698.75,749628.75,953891.25,1510470,953891.25,797160,1266135,797160,748434.375,1120063.75,748434.375
81,"108","02","01","1080201",Montenebro,Montenebro,Montenebro Núcleo,887,"887",35480.5,36393,35480.5,29984.5,31206,29984.5,43614.5,43238.5,43614.5,49883,64134,49883,49221.25,69378.5,49221.25,41966.375,47931.4166666667,41966.375,4192.5,6324.5,4192.5,3330,4938,3330,4417.5,6431.5,4417.5,5523.5,8814.5,5523.5,5399.75,8934.5,5399.75,4546.79166666667,6979.08333333333,4546.79166666667,34568,34568,37109,35677,28763,28763,31206,31206,,,,,,,,,,,,,45155,45155,42256,42256,42826,42826,44221,44221,,,,,35632,35632,64323,63945,29064,29064,67476,71281,1990,2131,6255,6394,1707,1737,4938,4938,,,,,,,,,,,,,2214,2408,5985,5985,2364,2628,6840,6916,,,,,2235,2230,8654,8975,1880,1850,8346,9523,31471203.5,32280591,31471203.5,26596251.5,27679722,26596251.5,38686061.5,38352549.5,38686061.5,44246221,56886858,44246221,43659248.75,61538729.5,43659248.75,37224174.625,42515166.5833333,37224174.625,3718747.5,5609831.5,3718747.5,2953710,4380006,2953710,3918322.5,5704740.5,3918322.5,4899344.5,7818461.5,4899344.5,4789578.25,7924901.5,4789578.25,4033004.20833333,6190446.91666667,4033004.20833333
82,"071","01","01","0710101",Horcajuelo de la Sierra,Horcajuelo de la Sierra,Horcajuelo de la Sierra Núcleo,107,"107",48524.25,45325.5,48524.25,76700.75,79468.5,76700.75,83962.25,78764,83962.25,25241,24512,25241,89572,104910,89572,67993.75,68624,67993.75,7119.5,11821.5,7119.5,7328.75,11444,7328.75,7613.75,11355.5,7613.75,3258.25,5143.5,3258.25,8667.75,13961,8667.75,6933.625,10846.8333333333,6933.625,51723,51723,40999,49652,73933,73933,70216,88721,,,,,,,,,,,,,90325,90325,81266,74297,87996,87996,83231,76262,,,,,25970,25970,24274,24750,74234,74234,106497,103323,2427,2408,9184,14459,3174,3253,9318,13570,,,,,,,,,,,,,3673,3890,10245,11620,3863,4062,10958,12599,,,,,1374,1372,4126,6161,3367,3382,12644,15278,5192094.75,4849828.5,5192094.75,8206980.25,8503129.5,8206980.25,8983960.75,8427748,8983960.75,2700787,2622784,2700787,9584204,11225370,9584204,7275331.25,7342768,7275331.25,761786.5,1264900.5,761786.5,784176.25,1224508,784176.25,814671.25,1215038.5,814671.25,348632.75,550354.5,348632.75,927449.25,1493827,927449.25,741897.875,1160611.16666667,741897.875
83,"017","01","01","0170101",Batres,Batres,Batres Núcleo,794,"794",32349.5,50035,32349.5,30292.25,34502.75,30292.25,,,,19612.25,20013.5,19612.25,22691.5,25522,22691.5,27047.55,32915.2,27047.55,3287.25,5500.5,3287.25,2778.5,4120.5,2778.5,,,,2879.75,4708.5,2879.75,1909.25,2602,1909.25,2726.65,4210.4,2726.65,14664,14664,85327,14743,24032,25341,23493,40080,26928,28026,37219,37219,,,,,,,,,,,,,,,,,,,,,19211,19211,20269,19758,19861,19861,25522,25522,1081,1067,8619,2382,1315,1356,3749,4587,1507,1568,4073,4073,,,,,,,,,,,,,,,,,,,,,1048,1054,3936,5481,1205,1228,2602,2602,25685503,39727790,25685503,24052046.5,27395183.5,24052046.5,,,,15572126.5,15890719,15572126.5,18017051,20264468,18017051,21475754.7,26134668.8,21475754.7,2610076.5,4367397,2610076.5,2206129,3271677,2206129,,,,2286521.5,3738549,2286521.5,1515944.5,2065988,1515944.5,2164960.1,3343057.6,2164960.1
84,"182","03","01","1820301","Cabezas, Las",Las Cabezas,Las Cabezas Núcleo,26,"26",64508.25,91995.5,64508.25,78692.5,98154,78692.5,85953.875,97449.25,85953.875,26242.5,41217,26242.5,91397,123262,91397,72124.6666666667,91587.8333333333,72124.6666666667,7139.25,12601.5,7139.25,6408.75,10339.5,6408.75,6638.875,10134.75,6638.875,2806.75,5011,2806.75,7605.25,12567.5,7605.25,6206.29166666667,10131.5,6206.29166666667,37021,37021,57522,126469,59231,59231,104704,91604,,,,,,,,,,,,,75623,75623,90280,102654,73294,73294,92244,104619,,,,,11268,11268,41193,41241,59532,59532,118639,127885,1696,1658,12787,12416,2455,2501,11298,9381,,,,,,,,,,,,,2980,3179,9348,10248,3105,3308,10018,10925,,,,,600,605,5113,4909,2636,2650,12129,13006,1677214.5,2391883,1677214.5,2046005,2552004,2046005,2234800.75,2533680.5,2234800.75,682305,1071642,682305,2376322,3204812,2376322,1875241.33333333,2381283.66666667,1875241.33333333,185620.5,327639,185620.5,166627.5,268827,166627.5,172610.75,263503.5,172610.75,72975.5,130286,72975.5,197736.5,326755,197736.5,161363.583333333,263419,161363.583333333
85,"182","04","01","1820401","Tercio de la Laguna, El",El Tercio de la Laguna,El Tercio de la Laguna Núcleo,27,"27",64559.25,90616.5,64559.25,78743.5,96775,78743.5,86004.875,96070.25,86004.875,26293.5,39838,26293.5,91448,121883,91448,72175.6666666667,90208.8333333333,72175.6666666667,7114.75,12441.5,7114.75,6387.75,10179.5,6387.75,6609.75,9974.75,6609.75,2784.75,4851,2784.75,7587,12407.5,7587,6182.29166666667,9971.5,6182.29166666667,38502,38502,56143,125090,60712,60712,103325,90225,,,,,,,,,,,,,77104,77104,88901,101275,74775,74775,90865,103240,,,,,12749,12749,39814,39862,61013,61013,117260,126506,1803,1773,12627,12256,2577,2615,11138,9221,,,,,,,,,,,,,3083,3282,9188,10088,3216,3398,9858,10765,,,,,718,719,4953,4749,2756,2777,11969,12846,1743099.75,2446645.5,1743099.75,2126074.5,2612925,2126074.5,2322131.625,2593896.75,2322131.625,709924.5,1075626,709924.5,2469096,3290841,2469096,1948743,2435638.5,1948743,192098.25,335920.5,192098.25,172469.25,274846.5,172469.25,178463.25,269318.25,178463.25,75188.25,130977,75188.25,204849,335002.5,204849,166921.875,269230.5,166921.875
86,"131","02","01","1310201",San Lorenzo de El Escorial,San Lorenzo de El Escorial,San Lorenzo de El Escorial Núcleo,16788,"16788",1144,1144,1144,23630.75,24172.5,23630.75,49695,48704.6666666667,49695,4331,4995,4331,1056,670,1056,25606.6785714286,25299.3571428571,25606.6785714286,516.75,885,516.75,2645.5,3677,2645.5,3527.91666666667,4458.66666666667,3527.91666666667,873,1224,873,454.25,626,454.25,2153.32142857143,2826.85714285714,2153.32142857143,1144,1144,1144,1144,23089,23089,24415,23930,,,,,,,,,,,,,53674,53674,53984,53937,53591,53591,54141,54094,44791,44791,36612,39460,3667,3667,4995,4995,1442,1442,670,670,149,148,885,885,1636,1592,3991,3363,,,,,,,,,,,,,2589,2914,4040,4793,2638,2896,4195,4948,2262,2284,4300,4476,521,523,1247,1201,287,278,626,626,19205472,19205472,19205472,396713031,405807930,396713031,834279660,817653944,834279660,72708828,83856060,72708828,17728128,11247960,17728128,429884919.857143,424725607.714286,429884919.857143,8675199,14857380,8675199,44412654,61729476,44412654,59226665,74852096,59226665,14655924,20548512,14655924,7625949,10509288,7625949,36149960.1428571,47457277.7142857,36149960.1428571
87,"182","05","01","1820501",Villavieja del Lozoya,Villavieja del Lozoya,Villavieja del Lozoya Núcleo,207,"207",63418.25,89730.5,63418.25,77602.5,95889,77602.5,84863.875,95184.25,84863.875,25152.5,38952,25152.5,90307,120997,90307,71034.6666666667,89322.8333333333,71034.6666666667,6732,11758.5,6732,6000,9496.5,6000,6227.375,9291.75,6227.375,2396.75,4168,2396.75,7197.5,11724.5,7197.5,5796.83333333333,9288.5,5796.83333333333,37106,37106,55257,124204,59316,59316,102439,89339,,,,,,,,,,,,,75708,75708,88015,100389,73379,73379,89979,102354,,,,,11353,11353,38928,38976,59617,59617,116374,125620,1724,1687,11944,11573,2480,2527,10455,8538,,,,,,,,,,,,,3001,3199,8505,9405,3122,3330,9175,10082,,,,,624,627,4270,4066,2667,2674,11286,12163,13127577.75,18574213.5,13127577.75,16063717.5,19849023,16063717.5,17566822.125,19703139.75,17566822.125,5206567.5,8063064,5206567.5,18693549,25046379,18693549,14704176,18489826.5,14704176,1393524,2434009.5,1393524,1242000,1965775.5,1242000,1289066.625,1923392.25,1289066.625,496127.25,862776,496127.25,1489882.5,2426971.5,1489882.5,1199944.5,1922719.5,1199944.5
88,"042","02","01","0420201",Valle del Sol,Valle del Sol,Valle del Sol Núcleo,307,"307",29591,31382,29591,59489.5625,72911.875,59489.5625,,,,68858.5,107294,68858.5,53937,67494,53937,55763.5357142857,71116.7857142857,55763.5357142857,3189.75,4459,3189.75,5271,8259,5271,,,,6031.75,10317.5,6031.75,5011.25,7971,5011.25,5045.25,7969.07142857143,5045.25,27800,27800,31382,31382,42653,42653,75107,67523,49271,49271,69612,69630,42250,42250,76476,62995,50095,50095,80967,80985,,,,,,,,,,,,,30423,30423,108457,106131,40380,40380,88587,46401,1954,1887,3859,5059,2318,2240,8579,7475,2333,2287,7548,7248,2236,2166,8992,8264,2374,2310,9013,8953,,,,,,,,,,,,,1765,1727,10785,9850,2087,2016,9847,6095,9084437,9634274,9084437,18263295.6875,22383945.625,18263295.6875,,,,21139559.5,32939258,21139559.5,16558659,20720658,16558659,17119405.4642857,21832853.2142857,17119405.4642857,979253.25,1368913,979253.25,1618197,2535513,1618197,,,,1851747.25,3167472.5,1851747.25,1538453.75,2447097,1538453.75,1548891.75,2446504.92857143,1548891.75
89,"068","01","01","0680101","Cabezuelas, Las",Las Cabezuelas,Las Cabezuelas Núcleo,2117,"2117",7395.5,6727,7395.5,9081,11326,9081,44031.9166666667,48983.1666666667,44031.9166666667,6357.25,6696.5,6357.25,9035,11280,9035,23423.5,26139.8571428571,23423.5,1190.5,1669.5,1190.5,1776.5,2720,1776.5,3438.66666666667,4764.33333333333,3438.66666666667,1293,1792,1293,1749.5,2682,1749.5,2332.21428571429,3308.07142857143,2332.21428571429,8064,8064,6727,6727,6836,6836,16232,6420,,,,,,,,,,,,,42069,42069,41850,41812,41986,41986,42021,41983,33187,33187,66064,60169,6018,6018,6500,6893,6790,6790,16186,6374,721,702,1670,1669,834,832,3460,1980,,,,,,,,,,,,,2062,2480,3871,3886,2098,2449,4029,4044,1739,1850,6617,6139,816,772,1980,1604,818,816,3422,1942,15656273.5,14241059,15656273.5,19224477,23977142,19224477,93215567.5833333,103697363.833333,93215567.5833333,13458298.25,14176490.5,13458298.25,19127095,23879760,19127095,49587549.5,55338077.5714286,49587549.5,2520288.5,3534331.5,2520288.5,3760850.5,5758240,3760850.5,7279657.33333333,10086093.6666667,7279657.33333333,2737281,3793664,2737281,3703691.5,5677794,3703691.5,4937297.64285714,7003187.21428571,4937297.64285714
90,"068","02","01","0680201",Guadarrama,Guadarrama,Guadarrama Núcleo,13823,"13823",11789.5,10198,11789.5,13032.5,16160,13032.5,46262.3333333333,48126.3333333333,46262.3333333333,10257,10313.5,10257,12986.5,16114,12986.5,26693.2142857143,28166.3571428571,26693.2142857143,1115.5,1336,1115.5,1731.5,2388.5,1731.5,3307.33333333333,4322.5,3307.33333333333,1258.75,1473.5,1258.75,1703.75,2350.5,1703.75,2247.35714285714,2930.85714285714,2247.35714285714,13381,13381,10198,10198,9905,9905,19702,12618,,,,,,,,,,,,,47387,47387,45320,45320,47304,47304,45491,45491,38504,38504,43403,63733,10457,9944,9970,10657,9859,9859,19656,12572,877,913,1336,1336,1063,1086,3332,1445,,,,,,,,,,,,,2231,2666,3540,3540,2269,2691,3698,3698,1873,2023,5539,5920,1056,1032,1652,1295,1046,1068,3294,1407,162966258.5,140966954,162966258.5,180148247.5,223379680,180148247.5,639484233.666667,665250305.666667,639484233.666667,141782511,142563510.5,141782511,179512389.5,222743822,179512389.5,368980301.071429,389343554.785714,368980301.071429,15419556.5,18467528,15419556.5,23934524.5,33016235.5,23934524.5,45717268.6666667,59749917.5,45717268.6666667,17399701.25,20368190.5,17399701.25,23550936.25,32490961.5,23550936.25,31065217.7857143,40513238.2857143,31065217.7857143
91,"068","03","01","0680301",Tablada,Tablada,Tablada Núcleo,103,"103",30862.5,27509,30862.5,34437,31238,34437,94669.8333333333,124106.666666667,94669.8333333333,23146.5,30163,23146.5,34391,31192,34391,58120.9285714286,70346,58120.9285714286,2462.25,2910,2462.25,3069.25,3723,3069.25,7572.66666666667,11767,7572.66666666667,4395,6536,4395,3042.75,3685,3042.75,5098.17857142857,7450.71428571429,5098.17857142857,34216,34216,27509,27509,37636,37636,31238,31238,,,,,,,,,,,,,68221,68221,116714,116714,68139,68139,116872,116872,59339,59339,138734,138734,16130,16130,30163,30163,37590,37590,31192,31192,2146,1883,2910,2910,2538,2293,3723,3723,,,,,,,,,,,,,3507,3583,10784,10784,3513,3571,10939,10939,3149,2947,13578,13578,2277,2231,6536,6536,2527,2274,3685,3685,3178837.5,2833427,3178837.5,3547011,3217514,3547011,9750992.83333333,12782986.6666667,9750992.83333333,2384089.5,3106789,2384089.5,3542273,3212776,3542273,5986455.64285714,7245638,5986455.64285714,253611.75,299730,253611.75,316132.75,383469,316132.75,779984.666666667,1212001,779984.666666667,452685,673208,452685,313403.25,379555,313403.25,525112.392857143,767423.571428571,525112.392857143
92,"059","01","01","0590101",Fuente el Saz de Jarama,Fuente el Saz de Jarama,Fuente el Saz de Jarama Núcleo,6594,"6594",30185,24835,30185,15670.5,13723,15670.5,30066.75,25754.25,30066.75,19321,17426,19321,19311,16532,19311,24103.5,20670.75,24103.5,3061,4280,3061,1492,1812,1492,2527.625,3195.75,2527.625,2192.5,3182,2192.5,1877.5,2436,1877.5,2279.70833333333,3016.91666666667,2279.70833333333,35535,35535,25677,23993,17618,17618,13723,13723,,,,,,,,,,,,,34204,34204,24772,24772,31875,37234,26736,26737,,,,,21216,21216,17426,17426,22090,22090,16532,16532,1846,1838,4550,4010,1065,1279,1812,1812,,,,,,,,,,,,,1630,2026,2739,2799,1764,2018,3409,3836,,,,,1062,1344,3152,3212,1149,1489,2406,2466,199039890,163761990,199039890,103331277,90489462,103331277,198260149.5,169823524.5,198260149.5,127402674,114907044,127402674,127336734,109012008,127336734,158938479,136302925.5,158938479,20184234,28222320,20184234,9838248,11948328,9838248,16667159.25,21072775.5,16667159.25,14457345,20982108,14457345,12380235,16062984,12380235,15032396.75,19893548.5,15032396.75
93,"066","01","01","0660101",Griñón,Griñón,Griñón Núcleo,10707,"10707",27455.25,34419.5,27455.25,19274.875,17346.25,19274.875,,,,18719,22442,18719,17062.75,22481.5,17062.75,20357.35,22807.1,20357.35,3469.5,5467,3469.5,2097.875,2917.75,2097.875,,,,2537.5,4125,2537.5,2793,4713,2793,2599.15,4028.1,2599.15,20491,20491,34725,34114,19756,19756,15656,15620,22651,22651,19072,19037,,,,,,,,,,,,,,,,,,,,,14996,14996,22460,22424,11644,11644,27269,17694,1502,1442,5675,5259,1148,1211,2520,2538,1332,1421,3296,3317,,,,,,,,,,,,,,,,,,,,,925,975,4234,4016,867,879,5341,4085,293963361.75,368529586.5,293963361.75,206376086.625,185726298.75,206376086.625,,,,200424333,240286494,200424333,182690864.25,240709420.5,182690864.25,217966146.45,244195619.7,217966146.45,37147936.5,58535169,37147936.5,22461947.625,31240349.25,22461947.625,,,,27169012.5,44166375,27169012.5,29904651,50462091,29904651,27829099.05,43128866.7,27829099.05
94,"078","01","01","0780101",Madarcos,Madarcos,Madarcos Núcleo,63,"63",52543.5,55317,52543.5,81603.75,91227.5,81603.75,88865,90522.5,88865,27692.75,31368.5,27692.75,94474.75,116668.5,94474.75,72340.7916666667,79271.0833333333,72340.7916666667,5837,9429,5837,5695.5,8331.5,5695.5,5970.875,8222,5970.875,2453.75,3711,2453.75,7077,10948,7077,5500.83333333333,8143.91666666667,5500.83333333333,49770,49770,39970,70664,71980,71980,72722,109733,,,,,,,,,,,,,88372,88372,83771,95309,86043,86043,85736,97274,,,,,24017,24017,19422,43315,72281,72281,109002,124335,2255,2235,8199,10659,3028,3091,6893,9770,,,,,,,,,,,,,3530,3738,7760,7820,3706,3905,8509,8799,,,,,1196,1197,2841,4581,3192,3220,10418,11478,3310240.5,3484971,3310240.5,5141036.25,5747332.5,5141036.25,5598495,5702917.5,5598495,1744643.25,1976215.5,1744643.25,5951909.25,7350115.5,5951909.25,4557469.875,4994078.25,4557469.875,367731,594027,367731,358816.5,524884.5,358816.5,376165.125,517986,376165.125,154586.25,233793,154586.25,445851,689724,445851,346552.5,513066.75,346552.5
95,"080","22","01","0802201",Majadahonda,Majadahonda,Majadahonda Núcleo,73247,"73247",1047,1086,1047,32234.25,33525.5,32234.25,12048.9166666667,12541.5,12048.9166666667,11133.5,11427,11133.5,2009,1865,2009,11795.7857142857,12218.2857142857,11795.7857142857,384.75,604.5,384.75,3267.75,4920.5,3267.75,1741.25,2390.66666666667,1741.25,1332.5,1929.5,1332.5,505.75,678,505.75,1530.64285714286,2186.35714285714,1530.64285714286,1008,1008,1227,945,30943,30943,35580,31471,,,,,,,,,,,,,15722,15722,15733,17540,15639,15639,15904,17711,3308,3308,4743,3618,10840,10840,11427,11427,2153,2153,1865,1865,163,167,456,753,1626,1604,5342,4499,,,,,,,,,,,,,1125,1643,3018,3002,1163,1636,3176,3160,502,482,980,1008,731,740,1882,1977,332,335,678,678,76689609,79546242,76689609,2361062109.75,2455642298.5,2361062109.75,882546999.083333,918627250.5,882546999.083333,815495474.5,836993469,815495474.5,147153223,136605655,147153223,864005916.214286,894952773.714286,864005916.214286,28181783.25,44277811.5,28181783.25,239352884.25,360411863.5,239352884.25,127541338.75,175109161.333333,127541338.75,97601627.5,141330086.5,97601627.5,37044670.25,49661466,37044670.25,112114997.357143,160144101.642857,112114997.357143
96,"080","42","01","0804201",Entreálamos,Entreálamos,Entreálamos Núcleo,179,"179",10531.5,11876,10531.5,45724.75,61854.5,45724.75,18313.5833333333,18473.8333333333,18313.5833333333,11100.75,12706.5,11100.75,6804,6593,6804,18443.1071428571,21207.3571428571,18443.1071428571,1334.75,2001,1334.75,3067,4593.5,3067,1660,1972.83333333333,1660,1532.75,2411,1532.75,988.5,1218,988.5,1700.42857142857,2306,1700.42857142857,9187,9187,11876,11876,29595,29595,61925,61784,,,,,,,,,,,,,22844,22844,21997,21997,22761,22761,22168,22168,8855,8855,11500,11013,9495,9495,10917,14496,7015,7015,6593,6593,652,685,1805,2197,1548,1533,5263,3924,,,,,,,,,,,,,1361,1908,1930,1930,1401,1890,2088,2088,716,807,2071,1730,652,657,2303,2519,762,756,1179,1257,1885138.5,2125804,1885138.5,8184730.25,11071955.5,8184730.25,3278131.41666667,3306816.16666667,3278131.41666667,1987034.25,2274463.5,1987034.25,1217916,1180147,1217916,3301316.17857143,3796116.92857143,3301316.17857143,238920.25,358179,238920.25,548993,822236.5,548993,297140,353137.166666667,297140,274362.25,431569,274362.25,176941.5,218022,176941.5,304376.714285714,412774,304376.714285714
97,"026","03","01","0260301","Valle de los Rosales, El",El Valle de los Rosales,El Valle de los Rosales Núcleo,991,"991",30310.75,40291.5,30310.75,61384,79833,61384,31513.5833333333,36259.5,31513.5833333333,16274.25,16910.5,16274.25,25711.5,29760.5,25711.5,32603.0357142857,39367.7142857143,32603.0357142857,3606,5842,3606,4759.75,7170.5,4759.75,3349.58333333333,4702.16666666667,3349.58333333333,2978.75,5017.5,2978.75,3132.75,4671,3132.75,3503.71428571429,5258.21428571429,3503.71428571429,20330,20330,41337,39246,42935,42935,82403,77263,,,,,,,,,,,,,32830,32830,45499,37714,32747,32747,45656,37885,14726,14726,28580,22223,15638,15638,17958,15863,20442,22883,33070,26451,1376,1364,6860,4824,2295,2403,7646,6695,,,,,,,,,,,,,1980,2801,5452,4290,2001,2777,5607,4448,1123,1300,5666,2750,932,948,5508,4527,1558,1631,5212,4130,30037953.25,39928876.5,30037953.25,60831544,79114503,60831544,31229961.0833333,35933164.5,31229961.0833333,16127781.75,16758305.5,16127781.75,25480096.5,29492655.5,25480096.5,32309608.3928571,39013404.8571429,32309608.3928571,3573546,5789422,3573546,4716912.25,7105965.5,4716912.25,3319437.08333333,4659847.16666667,3319437.08333333,2951941.25,4972342.5,2951941.25,3104555.25,4628961,3104555.25,3472180.85714286,5210890.35714286,3472180.85714286
98,"008","03","04","0080304",Manga de la Pedrera,Manga de la Pedrera,Manga de la Pedrera Núcleo,19,"19",22449.25,22016.5,22449.25,41389.1875,41195.625,41389.1875,,,,11142.25,4484.5,11142.25,21945.25,20993.5,21945.25,31584.7857142857,30325.2857142857,31584.7857142857,2686.25,3901.5,2686.25,3731.375,5221,3731.375,,,,1528,2021.5,1528,2495.25,3492.5,2495.25,3090.71428571429,4328.5,3090.71428571429,22882,22882,22336,21697,35245,35245,35982,35739,41222,41222,43643,41423,38674,38674,40283,40192,51190,51190,46273,46030,,,,,,,,,,,,,17800,17800,4623,4346,22897,22897,21115,20872,1485,1457,3775,4028,2079,2082,4499,4123,2297,2311,6050,5512,2164,2156,5104,4708,2442,2403,6084,5688,,,,,,,,,,,,,1048,1021,2036,2007,1509,1487,3591,3394,426535.75,418313.5,426535.75,786394.5625,782716.875,786394.5625,,,,211702.75,85205.5,211702.75,416959.75,398876.5,416959.75,600110.928571429,576180.428571429,600110.928571429,51038.75,74128.5,51038.75,70896.125,99199,70896.125,,,,29032,38408.5,29032,47409.75,66357.5,47409.75,58723.5714285714,82241.5,58723.5714285714
99,"028","01","01","0280101",Bustarviejo,Bustarviejo,Bustarviejo Núcleo,2338,"2338",47523.25,73331.5,47523.25,58445.5,72745,58445.5,56924.5,54475.5,56924.5,23554.75,23247.5,23554.75,33260,30520,33260,46105.4166666667,51465.8333333333,46105.4166666667,5160,8916,5160,4478,6707,4478,3741.625,4566.5,3741.625,2562.5,3795.5,2562.5,2379.25,2720,2379.25,3677.16666666667,5211.91666666667,3677.16666666667,21715,21715,110045,36618,44146,44146,72456,73034,,,,,,,,,,,,,60538,60538,55053,55053,58209,58209,53898,53898,,,,,23862,23862,20555,25940,36000,36000,30520,30520,1449,1359,10904,6928,2254,2244,6887,6527,,,,,,,,,,,,,2753,2898,4553,4553,2921,3095,4580,4580,,,,,1377,1282,4330,3261,2097,1980,2720,2720,111109358.5,171449047,111109358.5,136645579,170077810,136645579,133089481,127363719,133089481,55071005.5,54352655,55071005.5,77761880,71355760,77761880,107794464.166667,120327118.333333,107794464.166667,12064080,20845608,12064080,10469564,15680966,10469564,8747919.25,10676477,8747919.25,5991125,8873879,5991125,5562686.5,6359360,5562686.5,8597215.66666667,12185461.1666667,8597215.66666667
100,"055","04","03","0550403",Vega del Tajo,Vega del Tajo,Vega del Tajo Núcleo,17,"17",43176,46265,43176,66812.75,69709.5,66812.75,72584.5,76893,72584.5,49312,51852,49312,44329.5,47827,44329.5,55242.95,58509.3,55242.95,5007.75,8382,5007.75,7249.5,11755,7249.5,7055.25,11370,7055.25,5455,9165.5,5455,5160.75,8513,5160.75,5985.65,9837.1,5985.65,40087,40087,50570,41960,63916,63916,74004,65415,,,,,,,,,,,,,68276,68276,81187,72599,,,,,,,,,46772,46772,55954,47750,40832,40832,51929,43725,1624,1643,11019,5745,2713,2775,14035,9475,,,,,,,,,,,,,2677,2804,13590,9150,,,,,,,,,1721,1768,11491,6840,1795,1822,11122,5904,733992,786505,733992,1135816.75,1185061.5,1135816.75,1233936.5,1307181,1233936.5,838304,881484,838304,753601.5,813059,753601.5,939130.15,994658.1,939130.15,85131.75,142494,85131.75,123241.5,199835,123241.5,119939.25,193290,119939.25,92735,155813.5,92735,87732.75,144721,87732.75,101756.05,167230.7,101756.05
101,"123","10","01","1231001",Cañada Real de la Galiana,Cañada Real de la Galiana,Cañada Real de la Galiana Núcleo,1769,"1769",19869.25,22903.5,19869.25,14687,15291,14687,19085.75,19102,19085.75,12810.75,14226.5,12810.75,1425.25,1432.5,1425.25,13575.6,14591.1,13575.6,2714.75,4199.5,2714.75,2551.5,3859.5,2551.5,2674.5,4008,2674.5,2505.25,4122,2505.25,605.25,964.5,605.25,2210.25,3430.7,2210.25,16835,16835,23315,22492,14083,14083,15291,15291,,,,,,,,,,,,,17734,20405,19102,19102,,,,,,,,,11395,11395,14788,13665,1418,1418,1447,1418,1206,1254,4318,4081,1175,1312,3834,3885,,,,,,,,,,,,,1191,1491,4021,3995,,,,,,,,,829,948,4002,4242,260,232,811,1118,35148703.25,40516291.5,35148703.25,25981303,27049779,25981303,33762691.75,33791438,33762691.75,22662216.75,25166678.5,22662216.75,2521267.25,2534092.5,2521267.25,24015236.4,25811655.9,24015236.4,4802392.75,7428915.5,4802392.75,4513603.5,6827455.5,4513603.5,4731190.5,7090152,4731190.5,4431787.25,7291818,4431787.25,1070687.25,1706200.5,1070687.25,3909932.25,6068908.3,3909932.25
102,"147","01","01","1470101",Titulcia,Titulcia,Titulcia Núcleo,1351,"1351",14649,15658,14649,34836.625,35652.25,34836.625,,,,14490.5,16774,14490.5,23928.75,28173.5,23928.75,24548.3,26382,24548.3,1983.75,2933,1983.75,3076.25,4230.75,3076.25,,,,2400.75,3761.5,2400.75,2523.75,3873,2523.75,2612.15,3805.8,2612.15,13640,13640,15449,15867,35270,35270,34023,34023,32772,32772,30735,43828,,,,,,,,,,,,,,,,,,,,,12207,12207,15856,17692,19684,19684,28119,28228,1064,1005,2716,3150,1932,2007,3708,3708,1848,1900,3925,5582,,,,,,,,,,,,,,,,,,,,,1060,1020,3688,3835,1203,1146,4353,3393,19790799,21153958,19790799,47064280.375,48166189.75,47064280.375,,,,19576665.5,22661674,19576665.5,32327741.25,38062398.5,32327741.25,33164753.3,35642082,33164753.3,2680046.25,3962483,2680046.25,4156013.75,5715743.25,4156013.75,,,,3243413.25,5081786.5,3243413.25,3409586.25,5232423,3409586.25,3529014.65,5141635.8,3529014.65
103,"055","04","02","0550402","Cercado, El",El Cercado,El Cercado Núcleo,62,"62",43613.25,48215.5,43613.25,67281.5,71723,67281.5,72486,77772,72486,49778.25,53860.5,49778.25,44493.25,49230.5,44493.25,55530.45,60160.3,55530.45,5470.75,9280,5470.75,7942,13107,7942,7494.25,12239.5,7494.25,5939.75,10110.5,5939.75,5530.5,9223.5,5530.5,6475.45,10792.1,6475.45,39011,39011,52423,44008,62840,62840,75857,67589,,,,,,,,,,,,,67200,67200,83040,72504,,,,,,,,,45696,45696,57807,49914,39756,39756,53782,44679,1650,1673,12521,6039,2743,2811,15537,10677,,,,,,,,,,,,,2686,2812,15092,9387,,,,,,,,,1739,1799,12993,7228,1832,1843,12624,5823,2704021.5,2989361,2704021.5,4171453,4446826,4171453,4494132,4821864,4494132,3086251.5,3339351,3086251.5,2758581.5,3052291,2758581.5,3442887.9,3729938.6,3442887.9,339186.5,575360,339186.5,492404,812634,492404,464643.5,758849,464643.5,368264.5,626851,368264.5,342891,571857,342891,401477.9,669110.2,401477.9
104,"177","01","01","1770101",Villanueva del Pardillo,Villanueva del Pardillo,Villanueva del Pardillo Núcleo,16379,"16379",34263.25,41276.5,34263.25,44083,56124,44083,22136.9166666667,23674.1666666667,22136.9166666667,14680,17419,14680,10325,11189,10325,24251.7142857143,28147.2857142857,24251.7142857143,3319.25,4802.5,3319.25,4005,6409.5,4005,2107.41666666667,2810.5,2107.41666666667,1869,3025.5,1869,1286.25,1757,1286.25,2400.25,3489.42857142857,2400.25,27250,27250,37351,45202,32042,32042,45727,66521,,,,,,,,,,,,,25290,25290,27237,26593,25207,25207,27040,26764,11302,11302,16985,17426,11941,11941,19098,15740,9461,9461,11189,11189,1846,1826,4448,5157,1624,1577,6284,6535,,,,,,,,,,,,,1435,1946,2734,2782,1473,1918,2925,2940,800,854,2639,2843,720,705,3165,2886,833,798,1757,1757,561197771.75,676067793.5,561197771.75,722035457,919254996,722035457,362580558.083333,387759175.833333,362580558.083333,240443720,285305801,240443720,169113175,183264631,169113175,397218828.285714,461024392.714286,397218828.285714,54365995.75,78660147.5,54365995.75,65597895,104981200.5,65597895,34517377.5833333,46033179.5,34517377.5833333,30612351,49554664.5,30612351,21067488.75,28777903,21067488.75,39313694.75,57153350.5714286,39313694.75
105,"120","02","04","1200204",Rascafría,Rascafría,Rascafría Núcleo,1495,"1495",73471.25,94278.5,73471.25,87655.5,100437,87655.5,94916.875,99732.25,94916.875,99012.5,164511,99012.5,86843.5,125545,86843.5,89469.4166666667,114039.333333333,89469.4166666667,7113.25,11643.5,7113.25,6371.5,9381.5,6371.5,6601.375,9176.75,6601.375,9587,16736,9587,7428.25,11609.5,7428.25,7283.79166666667,11287.3333333333,7283.79166666667,52664,52664,59805,128752,74874,74874,106987,93887,,,,,,,,,,,,,91266,91266,92563,104937,88937,88937,94527,106902,,,,,33514,33514,159137,169885,48142,48142,120922,130168,2630,2536,12309,10978,3386,3337,10820,7943,,,,,,,,,,,,,3883,3984,8870,8810,4061,4176,9540,9487,,,,,2571,2305,17366,16106,3275,3219,11651,11568,109839518.75,140946357.5,109839518.75,131044972.5,150153315,131044972.5,141900728.125,149099713.75,141900728.125,148023687.5,245943945,148023687.5,129831032.5,187689775,129831032.5,133756777.916667,170488803.333333,133756777.916667,10634308.75,17407032.5,10634308.75,9525392.5,14025342.5,9525392.5,9869055.625,13719241.25,9869055.625,14332565,25020320,14332565,11105233.75,17356202.5,11105233.75,10889268.5416667,16874563.3333333,10889268.5416667
106,"171","08","02","1710802",Villa del Prado,Villa del Prado,Villa del Prado Núcleo,6184,"6184",30374.75,29814.5,30374.75,48625.0625,48923.625,48625.0625,,,,16894.5,12352,16894.5,29835.75,28721.5,29835.75,38800.75,38083.2142857143,38800.75,2569.5,3269,2569.5,3545.1875,4426.625,3545.1875,,,,1306.5,1336,1306.5,2302.5,2700,2302.5,2908.46428571429,3573.07142857143,2908.46428571429,30935,30935,30065,29564,43298,43298,43711,43466,49275,49275,51372,49150,46727,46727,48012,47919,54378,53634,54002,53757,,,,,,,,,,,,,21437,21437,12352,12352,30950,30950,28844,28599,1902,1838,3028,3510,2515,2475,3752,3285,2781,2762,5348,4674,2579,2553,4357,3870,2881,2764,5337,4790,,,,,,,,,,,,,1279,1275,1336,1336,1935,1875,2844,2556,187837454,184372868,187837454,300697386.5,302543697,300697386.5,,,,104475588,76384768,104475588,184504278,177613756,184504278,239943838,235506597.142857,239943838,15889788,20215496,15889788,21923439.5,27374249,21923439.5,,,,8079396,8261824,8079396,14238660,16696800,14238660,17985943.1428571,22095873.7142857,17985943.1428571
107,"171","11","01","1711101","Hoyas, Las",Las Hoyas,Las Hoyas Núcleo,45,"45",37899.5,38145,37899.5,56023.125,57093.75,56023.125,,,,24176,20432,24176,37297,36924,37297,46209.2857142857,46268,46209.2857142857,5606.5,8870.5,5606.5,6837.1875,10577,6837.1875,,,,4458.25,7153,4458.25,5563.75,8750.5,5563.75,6139.60714285714,9583.14285714286,6139.60714285714,37654,37654,38145,38145,50017,50017,51791,51791,55994,55994,59345,57475,53446,53446,56092,56092,60353,60353,62082,62082,,,,,,,,,,,,,27920,27920,20432,20432,37670,37670,36924,36924,2379,2306,8866,8875,2962,2930,9590,9814,3201,3189,11069,10937,3011,3015,10195,10428,3264,3207,11175,11408,,,,,,,,,,,,,1760,1767,7127,7179,2404,2350,8682,8819,1705477.5,1716525,1705477.5,2521040.625,2569218.75,2521040.625,,,,1087920,919440,1087920,1678365,1661580,1678365,2079417.85714286,2082060,2079417.85714286,252292.5,399172.5,252292.5,307673.4375,475965,307673.4375,,,,200621.25,321885,200621.25,250368.75,393772.5,250368.75,276282.321428571,431241.428571429,276282.321428571
108,"003","01","01","0030101",Alameda del Valle,Alameda del Valle,Alameda del Valle Núcleo,253,"253",68968.25,88830.5,68968.25,83152.5,94989,83152.5,90413.875,94284.25,90413.875,30714,38075,30714,95857,120097,95857,76586.5833333333,88426.6666666667,76586.5833333333,6746.75,11177.5,6746.75,6009,8915.5,6009,6241,8710.75,6241,2137.25,3005,2137.25,7214.75,11143.5,7214.75,5764.95833333333,8610.5,5764.95833333333,49106,49106,54357,123304,71316,71316,101539,88439,,,,,,,,,,,,,87708,87708,87115,99489,85379,85379,89079,101454,,,,,23353,23353,38075,38075,71617,71617,115474,124720,2368,2264,11843,10512,3108,3097,10354,7477,,,,,,,,,,,,,3640,3764,8404,8344,3763,3918,9074,9021,,,,,1301,1238,3005,3005,3320,3252,11185,11102,17448967.25,22474116.5,17448967.25,21037582.5,24032217,21037582.5,22874710.375,23853915.25,22874710.375,7770642,9632975,7770642,24251821,30384541,24251821,19376405.5833333,22371946.6666667,19376405.5833333,1706927.75,2827907.5,1706927.75,1520277,2255621.5,1520277,1578973,2203819.75,1578973,540724.25,760265,540724.25,1825331.75,2819305.5,1825331.75,1458534.45833333,2178456.5,1458534.45833333
109,"031","05","01","0310501",Entrepinos,Entrepinos,Entrepinos Núcleo,295,"295",58149.5,54340,58149.5,70358.5,73055.75,70358.5,,,,29493.5,47255,29493.5,56240,53119,56240,60759.5714285714,63848.1428571429,60759.5714285714,5079.25,6954.5,5079.25,6012.3125,8566.25,6012.3125,,,,2431,4064,2431,5053,6819,5053,5230.35714285714,7443.21428571429,5230.35714285714,61959,61959,54340,54340,64247,64247,67986,67986,70865,70865,73671,73671,63844,63844,72288,72288,71689,71689,78278,78278,,,,,,,,,,,,,11732,11732,47255,47255,61974,56748,53119,53119,3239,3169,6960,6949,3467,3384,7706,7706,3574,3523,8871,9051,3400,3326,8309,8309,3524,3469,9289,9289,,,,,,,,,,,,,801,795,4064,4064,3273,3301,6819,6819,17154102.5,16030300,17154102.5,20755757.5,21551446.25,20755757.5,,,,8700582.5,13940225,8700582.5,16590800,15670105,16590800,17924073.5714286,18835202.1428571,17924073.5714286,1498378.75,2051577.5,1498378.75,1773632.1875,2527043.75,1773632.1875,,,,717145,1198880,717145,1490635,2011605,1490635,1542955.35714286,2195748.21428571,1542955.35714286
110,"024","01","01","0240101",Braojos,Braojos,Braojos Núcleo,218,"218",58072.5,75613,58072.5,69845.75,76949.5,69845.75,76027.25,74085,76027.25,17494.75,20210.5,17494.75,73159.5,83276,73159.5,61771.1666666667,67369.8333333333,61771.1666666667,5664.75,9486.5,5664.75,5030.25,7421.5,5030.25,5268.5,7232,5268.5,2047.75,3324,2047.75,5860.5,8910.5,5860.5,4856.70833333333,7267.75,4856.70833333333,40532,40532,103635,47591,62742,62742,67239,86660,,,,,,,,,,,,,79134,79134,73969,72236,76805,76805,75934,74201,,,,,14779,14779,20179,20242,63043,63043,65290,101262,1861,1825,9151,9822,2612,2666,5910,8933,,,,,,,,,,,,,3144,3339,6623,6983,3273,3464,7360,7962,,,,,768,775,2904,3744,2797,2824,7180,10641,12659805,16483634,12659805,15226373.5,16774991,15226373.5,16573940.5,16150530,16573940.5,3813855.5,4405889,3813855.5,15948771,18154168,15948771,13466114.3333333,14686623.6666667,13466114.3333333,1234915.5,2068057,1234915.5,1096594.5,1617887,1096594.5,1148533,1576576,1148533,446409.5,724632,446409.5,1277589,1942489,1277589,1058762.41666667,1584369.5,1058762.41666667
111,"135","08","01","1350801","Pimpollar, El",El Pimpollar,El Pimpollar Núcleo,159,"159",30045,37807,30045,48058,53561,48058,69742.6666666667,80580.3333333333,69742.6666666667,26473,35322,26473,26463.5,36428,26463.5,48609.6428571429,57837,48609.6428571429,3399.25,5072.5,3399.25,4077.25,5184.5,4077.25,5393.41666666667,7196.16666666667,5393.41666666667,2503,3723.5,2503,3016.75,4658.5,3016.75,4168.07142857143,5746.78571428571,4168.07142857143,22283,22283,49210,26404,42555,42555,66909,40213,,,,,,,,,,,,,63320,63320,94970,73240,63238,63238,95141,73411,50157,50157,90559,56161,17624,17624,46181,24463,16499,16499,47287,25569,1746,1706,5018,5127,2997,2943,5751,4618,,,,,,,,,,,,,3738,4009,6548,6595,3754,4038,6706,6753,2989,3016,9090,7485,1299,1266,3850,3597,1399,1351,4785,4532,4777155,6011313,4777155,7641222,8516199,7641222,11089084,12812273,11089084,4209207,5616198,4209207,4207696.5,5792052,4207696.5,7728933.21428571,9196083,7728933.21428571,540480.75,806527.5,540480.75,648282.75,824335.5,648282.75,857553.25,1144190.5,857553.25,397977,592036.5,397977,479663.25,740701.5,479663.25,662723.357142857,913738.928571429,662723.357142857
112,"135","09","01","1350901",Robledondo,Robledondo,Robledondo Núcleo,241,"241",15364.25,14476.5,15364.25,50720.25,64916.5,50720.25,53283.25,53692.8333333333,53283.25,12997,14401,12997,11960.25,13452.5,11960.25,35841.6428571429,38332.1428571429,35841.6428571429,2398,3525,2398,5511.75,8497,5511.75,5230.08333333333,7295,5230.08333333333,2007.25,3206,2007.25,2010.25,3103.5,2010.25,3945.35714285714,5745.21428571429,3945.35714285714,16252,16252,16776,12177,36524,36524,95475,34358,,,,,,,,,,,,,57289,57289,55972,57091,57206,57206,56129,57248,44126,44126,47384,48333,11593,11593,13827,14975,10468,10468,15816,11089,1281,1261,4633,2417,2544,2509,11568,5426,,,,,,,,,,,,,3266,3631,8272,6174,3313,3652,8427,6329,2526,2603,8705,5863,808,809,4007,2405,931,903,4428,1779,3702784.25,3488836.5,3702784.25,12223580.25,15644876.5,12223580.25,12841263.25,12939972.8333333,12841263.25,3132277,3470641,3132277,2882420.25,3242052.5,2882420.25,8637835.92857143,9238046.42857143,8637835.92857143,577918,849525,577918,1328331.75,2047777,1328331.75,1260450.08333333,1758095,1260450.08333333,483747.25,772646,483747.25,484470.25,747943.5,484470.25,950831.071428571,1384596.64285714,950831.071428571
113,"135","10","01","1351001",Santa María de la Alameda,Santa María de la Alameda,Santa María de la Alameda Núcleo,120,"120",24387.75,24576.5,24387.75,47224.5,49977,47224.5,63816,66810.3333333333,63816,23520.5,27501,23520.5,21015,23615,21015,43942.25,46585.7857142857,43942.25,2731.75,3611,2731.75,5480.25,7885,5480.25,5479.83333333333,7235.33333333333,5479.83333333333,2554.5,3724,2554.5,2245.75,2994.5,2245.75,4207.39285714286,5702.92857142857,4207.39285714286,24199,24199,27484,21669,44472,44472,56104,43850,,,,,,,,,,,,,65237,65237,72651,66583,65154,65154,72808,66740,52074,52074,64255,57825,19540,19540,30535,24467,18415,18415,26649,20581,1889,1816,3883,3339,3117,3034,9422,6348,,,,,,,,,,,,,3847,4159,7239,7096,3897,4161,7394,7251,3149,3133,7647,6785,1404,1366,4121,3327,1534,1460,3288,2701,2926530,2949180,2926530,5666940,5997240,5666940,7657920,8017240,7657920,2822460,3300120,2822460,2521800,2833800,2521800,5273070,5590294.28571429,5273070,327810,433320,327810,657630,946200,657630,657580,868240,657580,306540,446880,306540,269490,359340,269490,504887.142857143,684351.428571429,504887.142857143
114,"135","06","01","1350601","Paradilla, La",La Paradilla,La Paradilla Núcleo,30,"30",24044,30433,24044,43282.5,48637,43282.5,68551.8333333333,82826,68551.8333333333,19447,25898,19447,20807,29743,20807,44748,54741.2857142857,44748,6555.25,11815,6555.25,7860.75,13181,7860.75,9146.41666666667,15082.3333333333,9146.41666666667,5610.5,10391,5610.5,6063.75,11187,6063.75,7647.07142857143,13117.2857142857,7647.07142857143,17655,17655,30433,30433,37928,37928,48637,48637,,,,,,,,,,,,,58693,58693,76558,76558,58610,58610,76654,76654,45530,45530,95266,95266,12996,12996,25898,25898,11871,11871,29743,29743,1312,1279,11815,11815,2559,2522,13181,13181,,,,,,,,,,,,,3341,3683,14315,14315,3370,3689,14432,14432,2567,2613,16500,16500,836,824,10391,10391,961,920,11187,11187,721320,912990,721320,1298475,1459110,1298475,2056555,2484780,2056555,583410,776940,583410,624210,892290,624210,1342440,1642238.57142857,1342440,196657.5,354450,196657.5,235822.5,395430,235822.5,274392.5,452470,274392.5,168315,311730,168315,181912.5,335610,181912.5,229412.142857143,393518.571428571,229412.142857143
115,"132","10","01","1321001",Vallequillas Norte,Vallequillas Norte,Vallequillas Norte Núcleo,343,"343",27212.5,25092,27212.5,41362.25,41634,41362.25,,,,34178,56569,34178,29729.5,29812,29729.5,34768.9,38948.2,34768.9,3504.75,5408,3504.75,4263.5,6575.5,4263.5,,,,4053,7399,4053,3499.5,5384,3499.5,3916.85,6268.4,3916.85,29333,29333,25092,25092,44336,44336,44345,44345,37845,37845,38923,38923,,,,,,,,,,,,,,,,,,,,,11787,11787,56569,56569,29647,29647,29812,29812,1592,1611,5408,5408,2022,2082,6238,6238,1837,1865,6913,6913,,,,,,,,,,,,,,,,,,,,,703,711,7399,7399,1586,1644,5384,5384,9333887.5,8606556,9333887.5,14187251.75,14280462,14187251.75,,,,11723054,19403167,11723054,10197218.5,10225516,10197218.5,11925732.7,13359232.6,11925732.7,1202129.25,1854944,1202129.25,1462380.5,2255396.5,1462380.5,,,,1390179,2537857,1390179,1200328.5,1846712,1200328.5,1343479.55,2150061.2,1343479.55
116,"027","01","01","0270101",Buitrago del Lozoya,Buitrago del Lozoya,Buitrago del Lozoya Núcleo,1963,"1963",37501.5,42419,37501.5,59560.5,64326,59560.5,66191.25,62360,66191.25,7109,7386,7109,62932,70768,62932,49914.25,51603.1666666667,49914.25,3862,6306.5,3862,3756.25,5284.5,3756.25,4076.75,5258.75,4076.75,776.75,1212,776.75,4760.5,7134,4760.5,3551.5,5075.75,3551.5,32584,32584,37752,47086,54795,54795,73804,54848,,,,,,,,,,,,,71187,71187,59381,61809,68858,68858,61346,66904,,,,,6832,6832,7386,7386,55096,55096,88406,53130,1435,1400,6084,6529,2209,2247,6371,4198,,,,,,,,,,,,,2723,2923,4421,5092,2859,3074,5400,6122,,,,,339,344,1182,1242,2394,2380,8079,6189,73615444.5,83268497,73615444.5,116917261.5,126271938,116917261.5,129933423.75,122412680,129933423.75,13954967,14498718,13954967,123535516,138917584,123535516,97981672.75,101297016.166667,97981672.75,7581106,12379659.5,7581106,7373518.75,10373473.5,7373518.75,8002660.25,10322926.25,8002660.25,1524760.25,2379156,1524760.25,9344861.5,14004042,9344861.5,6971594.5,9963697.25,6971594.5
117,"140","01","01","1400101",Serranillos del Valle,Serranillos del Valle,Serranillos del Valle Núcleo,4543,"4543",28233.25,38307.5,28233.25,21456.25,21372.5,21456.25,,,,24942,30611,24942,18817,21713,18817,22980.95,26675.3,22980.95,3646.75,6053.5,3646.75,2332.75,3448.5,2332.75,,,,2543,4039.5,2543,1668.75,2364,1668.75,2504.8,3870.8,2504.8,18159,18159,38158,38457,20092,20092,19664,19664,22988,22988,23081,23081,,,,,,,,,,,,,,,,,,,,,19273,19273,36049,25173,15921,15921,21713,21713,1259,1221,6348,5759,1073,1151,3063,3063,1276,1368,3834,3834,,,,,,,,,,,,,,,,,,,,,1017,1076,5205,2874,964,983,2364,2364,128263654.75,174030972.5,128263654.75,97475743.75,97095267.5,97475743.75,,,,113311506,139065773,113311506,85485631,98642159,85485631,104402455.85,121185887.9,104402455.85,16567185.25,27501050.5,16567185.25,10597683.25,15666535.5,10597683.25,,,,11552849,18351448.5,11552849,7581131.25,10739652,7581131.25,11379306.4,17585044.4,11379306.4
118,"140","01","02","1400102",Urbanización Los Llanos,Urbanización Los Llanos,Urbanización Los Llanos Núcleo,75,"75",33438.75,44268.5,33438.75,25592.75,27332.5,25592.75,,,,26771.5,31957,26771.5,22128,26022,22128,26704.75,31382.5,26704.75,4375.25,7138.5,4375.25,2995,4533.5,2995,,,,2935.25,4592,2935.25,2656.75,4097,2656.75,3191.45,4978.9,3191.45,22609,22609,44119,44418,22405,22405,25624,25624,25301,25301,29041,29041,,,,,,,,,,,,,,,,,,,,,21586,21586,32771,31143,18234,18234,24361,27683,1545,1679,7433,6844,1239,1477,4148,4148,1428,1682,4919,4919,,,,,,,,,,,,,,,,,,,,,1167,1390,4954,4230,1122,1311,4474,3720,2507906.25,3320137.5,2507906.25,1919456.25,2049937.5,1919456.25,,,,2007862.5,2396775,2007862.5,1659600,1951650,1659600,2002856.25,2353687.5,2002856.25,328143.75,535387.5,328143.75,224625,340012.5,224625,,,,220143.75,344400,220143.75,199256.25,307275,199256.25,239358.75,373417.5,239358.75
119,"018","04","01","0180401",Montellano,Montellano,Montellano Núcleo,323,"323",23207.25,26744.5,23207.25,12127,13763,12127,45963.3333333333,47068.3333333333,45963.3333333333,9647,10071,9647,12081,13717,12081,27850.3214285714,29357.2142857143,27850.3214285714,2643.75,4068.5,2643.75,1767.75,2627,1767.75,3623.66666666667,4740,3623.66666666667,1834.25,3000,1834.25,1740.75,2589,1740.75,2693.92857142857,3786.35714285714,2693.92857142857,19670,19670,26732,26757,10491,10491,15799,11727,,,,,,,,,,,,,47847,47847,48663,48315,47764,47764,48834,48486,38964,38964,44147,43965,9223,9223,10071,10071,10445,10445,15753,11681,1212,1226,3850,4287,903,914,2808,2446,,,,,,,,,,,,,2441,2902,3585,4595,2480,2890,3743,4753,2092,2239,5527,6237,665,672,2968,3032,887,898,2770,2408,7495941.75,8638473.5,7495941.75,3917021,4445449,3917021,14846156.6666667,15203071.6666667,14846156.6666667,3115981,3252933,3115981,3902163,4430591,3902163,8995653.82142857,9482380.21428571,8995653.82142857,853931.25,1314125.5,853931.25,570983.25,848521,570983.25,1170444.33333333,1531020,1170444.33333333,592462.75,969000,592462.75,562262.25,836247,562262.25,870138.928571429,1222993.35714286,870138.928571429
120,"153","02","01","1530201",Torremocha de Jarama,Torremocha de Jarama,Torremocha de Jarama Núcleo,673,"673",5992.25,6086.5,5992.25,43838,42633,43838,57858.625,55446.75,57858.625,31999.75,32766.5,31999.75,62123,78902,62123,43278.375,45213.5833333333,43278.375,1352,2121.5,1352,3771.25,5164,3771.25,4877.75,6726,4877.75,4676.5,7572,4676.5,5654.75,8752,5654.75,4201.66666666667,6176.91666666667,4201.66666666667,5898,5898,5964,6209,45043,45043,42633,42633,,,,,,,,,,,,,61435,61435,53682,53682,59106,59106,55646,58777,,,,,31233,31233,24793,40740,45344,45344,78902,78902,593,572,2290,1953,2386,2371,5164,5164,,,,,,,,,,,,,2866,3046,6211,6211,3027,3179,7181,7301,,,,,1868,1694,5912,9232,2590,2525,8752,8752,4032784.25,4096214.5,4032784.25,29502974,28692009,29502974,38938854.625,37315662.75,38938854.625,21535831.75,22051854.5,21535831.75,41808779,53101046,41808779,29126346.375,30428741.5833333,29126346.375,909896,1427769.5,909896,2538051.25,3475372,2538051.25,3282725.75,4526598,3282725.75,3147284.5,5095956,3147284.5,3805646.75,5890096,3805646.75,2827721.66666667,4157064.91666667,2827721.66666667
121,"169","01","01","1690101",Venturada,Venturada,Venturada Núcleo,771,"771",11328.5,12358,11328.5,37216.5,41819,37216.5,43847,39852.5,43847,18921.25,18418.5,18921.25,31279.5,29644,31279.5,31073.2916666667,30324.0833333333,31073.2916666667,1671.75,2628,1671.75,2698,3834,2698,3028.5,3808.25,3028.5,2064.75,3130,2064.75,3368,5031.5,3368,2643.25,3706.66666666667,2643.25,10299,10299,12358,12358,32614,32614,51180,32458,,,,,,,,,,,,,49006,49006,36756,39419,46677,46677,38721,44514,,,,,19424,19424,16613,20224,32915,32915,28548,30740,720,711,2628,2628,1535,1589,4566,3102,,,,,,,,,,,,,2037,2278,2616,3996,2179,2501,3595,5026,,,,,1046,953,2613,3647,1701,1708,4970,5093,8734273.5,9528018,8734273.5,28693921.5,32242449,28693921.5,33806037,30726277.5,33806037,14588283.75,14200663.5,14588283.75,24116494.5,22855524,24116494.5,23957507.875,23379868.25,23957507.875,1288919.25,2026188,1288919.25,2080158,2956014,2080158,2334973.5,2936160.75,2334973.5,1591922.25,2413230,1591922.25,2596728,3879286.5,2596728,2037945.75,2857840,2037945.75
122,"169","02","01","1690201",Cotos de Monterrey,Cotos de Monterrey,Cotos de Monterrey Núcleo,1779,"1779",14009.75,16152.5,14009.75,38200,43935,38200,45852.75,44013,45852.75,21885.25,22814.5,21885.25,38005.25,43244.5,38005.25,33967.625,35695.4166666667,33967.625,2656.75,4475,2656.75,3272.25,4941.5,3272.25,3595.625,4902.25,3595.625,2453,3811.5,2453,4063.25,6387.5,4063.25,3272.75,4903.33333333333,3272.75,11867,11867,16285,16020,32465,32465,54973,32897,,,,,,,,,,,,,48857,48857,40549,43947,46528,46528,42514,49042,,,,,20956,20956,21430,24199,32766,32766,32196,54293,859,818,5105,3845,1587,1619,6170,3713,,,,,,,,,,,,,2080,2308,4220,4580,2236,2532,5199,5610,,,,,1154,1035,3621,4002,1746,1732,5647,7128,24923345.25,28735297.5,24923345.25,67957800,78160365,67957800,81572042.25,78299127,81572042.25,38933859.75,40586995.5,38933859.75,67611339.75,76931965.5,67611339.75,60428404.875,63502146.25,60428404.875,4726358.25,7961025,4726358.25,5821332.75,8790928.5,5821332.75,6396616.875,8721102.75,6396616.875,4363887,6780658.5,4363887,7228521.75,11363362.5,7228521.75,5822222.25,8723030,5822222.25
123,"092","01","01","0920101",Móstoles,Móstoles,Móstoles Núcleo,200051,"200051",698,112,698,5222.625,5222.5,5222.625,,,,890,667,890,1484.5,1182,1484.5,3423.28571428571,3264.42857142857,3423.28571428571,202.25,96,202.25,1018.125,1360.625,1018.125,,,,439,565,439,684.75,977,684.75,771.214285714286,1011.5,771.214285714286,1284,1284,112,112,2077,2077,1720,1720,5234,5234,7105,7105,5139,5139,3902,3902,8441,8441,8163,8163,,,,,,,,,,,,,1113,1113,667,667,1787,1787,1182,1182,325,292,96,96,457,407,1223,1163,791,807,1697,1637,702,686,957,950,792,763,1659,1599,,,,,,,,,,,,,334,292,565,565,404,381,977,977,139635598,22405712,139635598,1044791353.875,1044766347.5,1044791353.875,,,,178045390,133434017,178045390,296975709.5,236460282,296975709.5,684831730.428571,653052200.142857,684831730.428571,40460314.75,19204896,40460314.75,203676924.375,272194391.875,203676924.375,,,,87822389,113028815,87822389,136984922.25,195449827,136984922.25,154282189.071429,202351586.5,154282189.071429
124,"169","03","01","1690301","Rosales, Los",Los Rosales,Los Rosales Núcleo,23,"23",11305.5,12385,11305.5,37263.5,41986,37263.5,43894,40019.5,43894,19275.5,19200,19275.5,31290.25,29738.5,31290.25,31153.7916666667,30558.0833333333,31153.7916666667,1768.5,2816,1768.5,2809.5,4049,2809.5,3141.375,4023.25,3141.375,2290.75,3577,2290.75,3470.75,5233,3470.75,2770.375,3953.58333333333,2770.375,10226,10226,12385,12385,32541,32541,51338,32634,,,,,,,,,,,,,48933,48933,36914,39595,46604,46604,38879,44690,,,,,19351,19351,17846,20554,32842,32842,28561,30916,725,717,2816,2816,1540,1600,4781,3317,,,,,,,,,,,,,2053,2286,2831,4211,2186,2513,3810,5241,,,,,1050,959,3179,3975,1703,1714,5158,5308,260026.5,284855,260026.5,857060.5,965678,857060.5,1009562,920448.5,1009562,443336.5,441600,443336.5,719675.75,683985.5,719675.75,716537.208333333,702835.916666667,716537.208333333,40675.5,64768,40675.5,64618.5,93127,64618.5,72251.625,92534.75,72251.625,52687.25,82271,52687.25,79827.25,120359,79827.25,63718.625,90932.4166666667,63718.625
125,"132","10","02","1321002",Vallequillas Sur,Vallequillas Sur,Vallequillas Sur Núcleo,58,"58",22788,25282,22788,36637,41824,36637,,,,34293,56759,34293,25305,30002,25305,31132,39138.2,31132,3365.25,5556,3365.25,4213.625,6723.5,4213.625,,,,4124.75,7547,4124.75,3383,5532,3383,3860.05,6416.4,3860.05,20294,20294,25282,25282,33394,34698,44535,44535,28854,28854,39113,39113,,,,,,,,,,,,,,,,,,,,,11827,11827,56759,56759,20608,20608,30002,30002,1174,1175,5556,5556,1737,1816,6386,6386,1603,1659,7061,7061,,,,,,,,,,,,,,,,,,,,,695,710,7547,7547,1216,1252,5532,5532,1321704,1466356,1321704,2124946,2425792,2124946,,,,1988994,3292022,1988994,1467690,1740116,1467690,1805656,2270015.6,1805656,195184.5,322248,195184.5,244390.25,389963,244390.25,,,,239235.5,437726,239235.5,196214,320856,196214,223882.9,372151.2,223882.9
126,"135","14","01","1351401",Umbría de los Gallegos,Umbría de los Gallegos,Umbría de los Gallegos Núcleo,13,"13",25156.5,30727,25156.5,43295.75,46733.5,43295.75,63650.1666666667,71092,63650.1666666667,21208,27489,21208,21883.25,29964.5,21883.25,43213.4285714286,49741.4285714286,43213.4285714286,4573.25,7758,4573.25,5408.75,8186.5,5408.75,6579.58333333333,9863.5,6579.58333333333,3603.5,6281,3603.5,4092.75,7146.5,4092.75,5345.28571428571,8423.21428571429,5345.28571428571,19586,19586,32020,29434,39858,39858,50224,43243,,,,,,,,,,,,,60624,60624,72658,76270,60541,60541,72815,76441,47460,47460,69177,59191,14927,14927,27485,27493,13802,13802,31330,28599,1407,1370,7675,7841,2648,2614,9041,7332,,,,,,,,,,,,,3427,3761,9198,9309,3458,3757,9353,9467,2661,2710,11655,10199,932,920,6251,6311,1062,1016,7047,7246,327034.5,399451,327034.5,562844.75,607535.5,562844.75,827452.166666667,924196,827452.166666667,275704,357357,275704,284482.25,389538.5,284482.25,561774.571428571,646638.571428571,561774.571428571,59452.25,100854,59452.25,70313.75,106424.5,70313.75,85534.5833333333,128225.5,85534.5833333333,46845.5,81653,46845.5,53205.75,92904.5,53205.75,69488.7142857143,109501.785714286,69488.7142857143
127,"052","09","01","0520901",Valbosque,Valbosque,Valbosque Núcleo,24,"24",29865.75,39914.5,29865.75,39848,39498,39848,,,,20423,22462,20423,29451,34725,29451,31887.15,35219.5,31887.15,5075,8511,5075,5551.875,8596.5,5551.875,,,,4848.75,8055,4848.75,6560.75,11180,6560.75,5517.65,8987.8,5517.65,19817,19817,40047,39782,41447,41447,40629,40629,38949,38949,37989,38745,,,,,,,,,,,,,,,,,,,,,18384,18384,22462,22462,24177,24177,34725,34725,1664,1614,8997,8025,2525,2582,8435,8435,2454,2468,8744,8772,,,,,,,,,,,,,,,,,,,,,1664,1621,8055,8055,1957,1926,10580,11780,716778,957948,716778,956352,947952,956352,,,,490152,539088,490152,706824,833400,706824,765291.6,845268,765291.6,121800,204264,121800,133245,206316,133245,,,,116370,193320,116370,157458,268320,157458,132423.6,215707.2,132423.6
128,"018","06","01","0180601",Vista Real,Vista Real,Vista Real Núcleo,126,"126",31234.5,40963,31234.5,15046.5,18460,15046.5,48630.8333333333,51261.3333333333,48630.8333333333,7323,9874,7323,15000.5,18414,15000.5,30642.4285714286,34499.2857142857,30642.4285714286,4262,7247.5,4262,2482.25,3896.5,2482.25,4347.75,6032.5,4347.75,2121.75,3833,2121.75,2454.75,3858.5,2454.75,3480.57142857143,5276.14285714286,3480.57142857143,21506,21506,30495,51431,11633,11633,19784,17136,,,,,,,,,,,,,48989,48989,52648,52716,48906,48906,52819,52887,40106,40106,48132,48366,4772,4772,9874,9874,11587,11587,19738,17090,1275,1278,5959,8536,1076,1060,4455,3338,,,,,,,,,,,,,2614,3020,5232,5433,2660,3024,5390,5591,2283,2377,7174,7375,412,409,3982,3684,1059,1043,4417,3300,3935547,5161338,3935547,1895859,2325960,1895859,6127485,6458928,6127485,922698,1244124,922698,1890063,2320164,1890063,3860946,4346910,3860946,537012,913185,537012,312763.5,490959,312763.5,547816.5,760095,547816.5,267340.5,482958,267340.5,309298.5,486171,309298.5,438552,664794,438552
129,"175","01","01","1750101",Villamantilla,Villamantilla,Villamantilla Núcleo,1584,"1584",18490,19575,18490,36421.9375,37560.875,36421.9375,,,,29437.5,46773,29437.5,18297.75,19174.5,18297.75,30273.2857142857,33680.8571428571,30273.2857142857,1848.5,2509.5,1848.5,3241.5625,4792.5,3241.5625,,,,2855,4990.5,2855,1923.25,2619,1923.25,2799,4184.14285714286,2799,17405,17405,20488,18662,31868,31868,33083,31256,38487,38487,38767,38917,31466,31466,37685,35858,39311,39311,43374,41547,,,,,,,,,,,,,12102,12102,37635,55911,17421,17421,19671,18678,1193,1182,2552,2467,1688,1644,4033,4011,1759,1735,5382,4959,1635,1588,4310,4307,1756,1720,5674,5664,,,,,,,,,,,,,711,728,4182,5799,1234,1221,2475,2763,29288160,31006800,29288160,57692349,59496426,57692349,,,,46629000,74088432,46629000,28983636,30372408,28983636,47952884.5714286,53350477.7142857,47952884.5714286,2928024,3975048,2928024,5134635,7591320,5134635,,,,4522320,7904952,4522320,3046428,4148496,3046428,4433616,6627682.28571429,4433616
130,"022","16","01","0221601",Urbanizaciones Este,Urbanizaciones Este,Urbanizaciones Este Núcleo,2018,"2018",22515,28444,22515,47819.25,58142.5,47819.25,15708.1666666667,16479,15708.1666666667,7363,8084,7363,13219.5,14111,13219.5,19720.1785714286,22602.6428571429,19720.1785714286,2638.25,4122,2638.25,4428,6926,4428,2463.25,3557.5,2463.25,1239.25,1867.5,1239.25,2267.75,3404,2267.75,2566.14285714286,3856,2566.14285714286,16586,16586,22261,34627,37496,37496,56587,59698,,,,,,,,,,,,,17781,17781,17038,19448,17698,17698,17209,19605,9333,9333,12787,12787,6642,6642,8119,8049,12328,12328,14111,14111,1157,1152,4713,3531,1930,1930,7226,6626,,,,,,,,,,,,,1244,2018,4101,3601,1286,2028,4259,3756,806,832,3294,2334,595,627,1915,1820,1115,1148,3524,3284,45435270,57399992,45435270,96499246.5,117331565,96499246.5,31699080.3333333,33254622,31699080.3333333,14858534,16313512,14858534,26676951,28475998,26676951,39795320.3571429,45612133.2857143,39795320.3571429,5323988.5,8318196,5323988.5,8935704,13976668,8935704,4970838.5,7179035,4970838.5,2500806.5,3768615,2500806.5,4576319.5,6869272,4576319.5,5178476.28571429,7781408,5178476.28571429
131,"022","17","01","0221701",Urbanizaciones Noroeste,Urbanizaciones Noroeste,Urbanizaciones Noroeste Núcleo,19337,"19337",21545,27843,21545,41587.75,46423.5,41587.75,18751.75,20211.8333333333,18751.75,16508.5,20001,16508.5,11235,14359,11235,21018.7857142857,24180.2857142857,21018.7857142857,2836.5,4513,2836.5,4514.5,7044,4514.5,2646.83333333333,3891.83333333333,2646.83333333333,2506,4199,2506,1834.75,2724,1834.75,2804.60714285714,4307.92857142857,2804.60714285714,15247,15247,37550,18136,36752,36752,43950,48897,,,,,,,,,,,,,23354,23354,27901,24061,23271,23271,28072,24219,5250,5250,8509,8509,13016,13016,19870,20132,8111,8111,14359,14359,1169,1151,5123,3903,1930,2040,7054,7034,,,,,,,,,,,,,1469,2155,4831,5120,1511,2108,4989,5275,594,574,1568,1568,803,823,3761,4637,959,932,2724,2724,416615665,538400091,416615665,804182321.75,897691219.5,804182321.75,362602589.75,390836221.166667,362602589.75,319224864.5,386759337,319224864.5,217251195,277659983,217251195,406440259.357143,467574184.857143,406440259.357143,54849400.5,87267881,54849400.5,87296886.5,136209828,87296886.5,51181816.1666667,75256381.1666667,51181816.1666667,48458522,81196063,48458522,35478560.75,52673988,35478560.75,54232688.3214286,83302414.7857143,54232688.3214286
132,"023","03","01","0230301",Mataelpino,Mataelpino,Mataelpino Núcleo,2017,"2017",24119.25,27483.5,24119.25,59843.25,66680.5,59843.25,47485.125,49087.75,47485.125,22876,35648,22876,25756.75,28556.5,25756.75,37927.5833333333,42757.3333333333,37927.5833333333,2071.5,2878,2071.5,4479.5,6362,4479.5,3219.625,4084.25,3219.625,2848.75,5007,2848.75,2168,3088.5,2168,3001.16666666667,4250.66666666667,3001.16666666667,20755,20755,27471,27496,53006,53006,62227,71134,,,,,,,,,,,,,46142,46142,46235,53089,45623,45623,45087,51940,,,,,10104,10104,35648,35648,22957,22957,28544,28569,1268,1262,2678,3078,2504,2690,6522,6202,,,,,,,,,,,,,2163,2340,4177,3949,2431,2486,4217,3994,,,,,696,685,5007,5007,1249,1246,2889,3288,48648527.25,55434219.5,48648527.25,120703835.25,134494568.5,120703835.25,95777497.125,99009991.75,95777497.125,46140892,71902016,46140892,51951364.75,57598460.5,51951364.75,76499935.5833333,86241541.3333333,76499935.5833333,4178215.5,5804926,4178215.5,9035151.5,12832154,9035151.5,6493983.625,8237932.25,6493983.625,5745928.75,10099119,5745928.75,4372856,6229504.5,4372856,6053353.16666667,8573594.66666667,6053353.16666667
133,"128","01","01","1280101",Entrepinos,Entrepinos,Entrepinos Núcleo,125,"125",52895.75,53341.5,52895.75,70673.375,72304.25,70673.375,,,,29566,46019,29566,52292.75,52120.5,52292.75,59635.4285714286,62956.8571428571,59635.4285714286,5465,7630.5,5465,6351.5625,9101.5,6351.5625,,,,3000.75,5043,3000.75,5320.75,7291.5,5320.75,5598.96428571429,8053,5598.96428571429,52450,52450,52930,53753,65628,65628,66576,67399,72246,72246,74237,73084,65226,65226,70878,71701,73070,73070,76868,77691,,,,,,,,,,,,,13113,13113,46019,46019,52465,52465,51709,52532,3374,3225,8458,6803,3630,3530,8845,7560,3714,3669,10310,8905,3535,3473,9453,8163,3663,3599,10433,9143,,,,,,,,,,,,,961,956,5043,5043,3445,3255,7910,6673,6611968.75,6667687.5,6611968.75,8834171.875,9038031.25,8834171.875,,,,3695750,5752375,3695750,6536593.75,6515062.5,6536593.75,7454428.57142857,7869607.14285714,7454428.57142857,683125,953812.5,683125,793945.3125,1137687.5,793945.3125,,,,375093.75,630375,375093.75,665093.75,911437.5,665093.75,699870.535714286,1006625,699870.535714286
134,"092","02","01","0920201",Parque Coímbra,Parque Coímbra,Parque Coímbra Núcleo,10812,"10812",7910,7895,7910,11174.625,11727.5,11174.625,,,,10229,10824,10229,9715,10618,9715,10364.6428571429,10892.4285714286,10364.6428571429,1269.5,1883,1269.5,1618.8125,2466.375,1618.8125,,,,1846.75,2975.5,1846.75,1911.25,2852,1911.25,1643.25,2510.85714285714,1643.25,7925,7925,7895,7895,5500,5500,5983,5983,11477,11477,22058,13347,8929,8929,10304,10043,16581,16581,13051,13051,,,,,,,,,,,,,9634,9634,11311,10337,8812,8812,10556,10680,641,671,1883,1883,557,599,1718,1718,866,860,3124,2314,667,678,2233,2136,961,982,3274,3214,,,,,,,,,,,,,668,768,2875,3076,951,990,2610,3094,85522920,85360740,85522920,120820045.5,126797730,120820045.5,,,,110595948,117029088,110595948,105038580,114801816,105038580,112062518.571429,117768937.714286,112062518.571429,13725834,20358996,13725834,17502600.75,26666446.5,17502600.75,,,,19967061,32171106,19967061,20664435,30835824,20664435,17766819,27147387.4285714,17766819
135,"050","01","01","0500101",Cubas de la Sagra,Cubas de la Sagra,Cubas de la Sagra Núcleo,4042,"4042",35317.75,48091.5,35317.75,22154.625,23991.25,22154.625,,,,14797,17091,14797,11391,13631,11391,21163,25359.2,21163,3538.25,5523,3538.25,2307.875,3360.5,2307.875,,,,1772.75,2596.5,1772.75,1432.25,1985,1432.25,2271.8,3365.1,2271.8,22544,22544,68799,27384,21809,21809,28189,19554,18827,18827,25328,22894,,,,,,,,,,,,,,,,,,,,,12503,12503,17091,17091,9151,9151,13631,13631,1567,1540,6529,4517,1213,1297,3911,2820,1239,1272,3076,3635,,,,,,,,,,,,,,,,,,,,,930,968,2115,3078,881,878,1605,2365,142754345.5,194385843,142754345.5,89548994.25,96972632.5,89548994.25,,,,59809474,69081822,59809474,46042422,55096502,46042422,85540846,102501886.4,85540846,14301606.5,22323966,14301606.5,9328430.75,13583141,9328430.75,,,,7165455.5,10495053,7165455.5,5789154.5,8023370,5789154.5,9182615.6,13601734.2,9182615.6
136,"050","02","01","0500201","Nube, La",La Nube,La Nube Núcleo,15,"15",29887.25,36205.5,29887.25,23674.5,24638.25,23674.5,,,,20034.25,24617.5,20034.25,12889,13679,12889,22031.9,24755.7,22031.9,4097,6508,4097,2738.5,4147,2738.5,,,,2586.5,4259,2586.5,1606,2339,1606,2753.3,4280,2753.3,23569,23569,44111,28300,24422,22833,25291,21612,21794,21794,28708,22942,,,,,,,,,,,,,,,,,,,,,15451,15451,32096,17139,12099,12099,13679,13679,1697,1675,8060,4956,1338,1422,4219,3418,1217,1343,4998,3953,,,,,,,,,,,,,,,,,,,,,868,960,5097,3421,849,897,1970,2708,448308.75,543082.5,448308.75,355117.5,369573.75,355117.5,,,,300513.75,369262.5,300513.75,193335,205185,193335,330478.5,371335.5,330478.5,61455,97620,61455,41077.5,62205,41077.5,,,,38797.5,63885,38797.5,24090,35085,24090,41299.5,64200,41299.5
137,"050","03","01","0500301","Pinar, El",El Pinar,El Pinar Núcleo,118,"118",28396,34802,28396,23136.75,23570.5,23136.75,,,,20129,24457,20129,13891,15333,13891,21737.9,24346.6,21737.9,4069.75,6577.5,4069.75,2813.5,4262.5,2813.5,,,,2554,3969.5,2554,2149,3235,2149,2879.95,4461.4,2879.95,21990,21990,42137,27467,21255,21255,23317,19637,24151,24151,26733,24595,,,,,,,,,,,,,,,,,,,,,15801,15801,30121,18793,12449,12449,15333,15333,1579,1545,8019,5136,1219,1308,4178,3408,1419,1512,4957,4507,,,,,,,,,,,,,,,,,,,,,1121,1156,5056,2883,1067,1059,2373,4097,3350728,4106636,3350728,2730136.5,2781319,2730136.5,,,,2375222,2885926,2375222,1639138,1809294,1639138,2565072.2,2872898.8,2565072.2,480230.5,776145,480230.5,331993,502975,331993,,,,301372,468401,301372,253582,381730,253582,339834.1,526445.2,339834.1
138,"128","02","01","1280201",Rozas de Puerto Real,Rozas de Puerto Real,Rozas de Puerto Real Núcleo,422,"422",50923.25,50903.5,50923.25,71254,69866.25,71254,,,,30340,43967,30340,50320.25,49682.5,50320.25,59514.2142857143,60574,59514.2142857143,4824,6485,4824,5768.1875,7956,5768.1875,,,,2120,3309,2120,4672.25,6146,4672.25,4955.57142857143,6823.42857142857,4955.57142857143,50943,50943,50878,50929,69227,69227,64524,64575,75846,75846,72185,70260,68825,68825,68826,68877,76669,76669,74816,74867,,,,,,,,,,,,,16713,16713,43967,43967,50958,50958,49657,49708,3219,3107,6724,6246,3590,3544,7111,7003,3615,3594,8576,8348,3525,3495,7719,7606,3652,3628,8699,8586,,,,,,,,,,,,,924,938,3309,3309,3267,3130,6176,6116,21489611.5,21481277,21489611.5,30069188,29483557.5,30069188,,,,12803480,18554074,12803480,21235145.5,20966015,21235145.5,25114998.4285714,25562228,25114998.4285714,2035728,2736670,2035728,2434175.125,3357432,2434175.125,,,,894640,1396398,894640,1971689.5,2593612,1971689.5,2091251.14285714,2879486.85714286,2091251.14285714
139,"019","01","01","0190101",Belmonte de Tajo,Belmonte de Tajo,Belmonte de Tajo Núcleo,1905,"1905",40415,52041,40415,56545.5,60382,56545.5,61479.75,65890.5,61479.75,40711.25,45857.5,40711.25,30215.25,30805.5,30215.25,45873.35,50995.3,45873.35,3221.5,4522,3221.5,4299.25,6115,4299.25,4230.75,5986,4230.75,2941,4384.5,2941,2245.75,2933.5,2245.75,3387.65,4788.2,3387.65,28789,28789,52041,52041,52709,52709,66854,53910,,,,,,,,,,,,,57069,57069,70687,61094,,,,,,,,,35565,35565,55854,35861,29625,29625,30761,30850,1954,1888,4522,4522,2461,2506,6445,5785,,,,,,,,,,,,,2425,2526,6392,5580,,,,,,,,,1493,1502,5168,3601,1567,1549,3244,2623,76990575,99138105,76990575,107719177.5,115027710,107719177.5,117118923.75,125521402.5,117118923.75,77554931.25,87358537.5,77554931.25,57560051.25,58684477.5,57560051.25,87388731.75,97146046.5,87388731.75,6136957.5,8614410,6136957.5,8190071.25,11649075,8190071.25,8059578.75,11403330,8059578.75,5602605,8352472.5,5602605,4278153.75,5588317.5,4278153.75,6453473.25,9121521,6453473.25
140,"008","07","01","0080701",Caravan Garden,Caravan Garden,Caravan Garden Núcleo,258,"258",25714,25291,25714,43999.1875,44469.875,43999.1875,,,,14406.5,7759,14406.5,25210,24268,25210,34475.3214285714,33599.6428571429,34475.3214285714,2715.5,3739.5,2715.5,3770.3125,5063.25,3770.3125,,,,1547.25,1859.5,1547.25,2527.25,3330.5,2527.25,3124.46428571429,4168.92857142857,3124.46428571429,26137,26137,25610,24972,38500,38500,39256,39013,44477,44477,46917,44698,41929,41929,43557,43466,49580,48836,49547,49305,,,,,,,,,,,,,21054,21054,7897,7621,26152,26152,24389,24147,1721,1662,3625,3854,2335,2292,4349,3949,2594,2570,5934,5338,2398,2364,4954,4534,2681,2585,5934,5514,,,,,,,,,,,,,1253,1217,1886,1833,1750,1698,3441,3220,6634212,6525078,6634212,11351790.375,11473227.75,11351790.375,,,,3716877,2001822,3716877,6504180,6261144,6504180,8894632.92857143,8668707.85714286,8894632.92857143,700599,964791,700599,972740.625,1306318.5,972740.625,,,,399190.5,479751,399190.5,652030.5,859269,652030.5,806111.785714286,1075583.57142857,806111.785714286
141,"008","07","02","0080702",Carreta Quebrada,Carreta Quebrada,Carreta Quebrada Núcleo,165,"165",23854.25,23455.5,23854.25,42104.4375,42564.625,42104.4375,,,,12511.75,5853.5,12511.75,23315.25,22362.5,23315.25,32585.5714285714,31704.2857142857,32585.5714285714,2446.25,3327.5,2446.25,3416.8125,4482.5,3416.8125,,,,1200,1287.5,1200,2176.75,2758.5,2176.75,2784.32142857143,3614.78571428571,2784.32142857143,24253,24253,23705,23206,36616,36616,37351,37108,42592,42592,45012,42792,40045,40045,41652,41561,47696,46952,47642,47399,,,,,,,,,,,,,19170,19170,5992,5715,24268,24268,22484,22241,1590,1540,3048,3607,2200,2177,3772,3382,2475,2427,5347,4771,2260,2255,4377,3967,2556,2459,5357,4887,,,,,,,,,,,,,1129,1096,1309,1266,1616,1574,2864,2653,3935951.25,3870157.5,3935951.25,6947232.1875,7023163.125,6947232.1875,,,,2064438.75,965827.5,2064438.75,3847016.25,3689812.5,3847016.25,5376619.28571429,5231207.14285714,5376619.28571429,403631.25,549037.5,403631.25,563774.0625,739612.5,563774.0625,,,,198000,212437.5,198000,359163.75,455152.5,359163.75,459413.035714286,596439.642857143,459413.035714286
142,"153","05","01","1530501","Retiro de Torremocha, El",El Retiro de Torremocha,El Retiro de Torremocha Núcleo,341,"341",5305.5,5685,5305.5,42879.5,41687,42879.5,56900.25,54501,56900.25,31313,32365,31313,56514.5,68656,56514.5,41635.5,42899.1666666667,41635.5,925,1416.5,925,3357.25,4479,3357.25,4465.875,6041,4465.875,4247.75,6867,4247.75,5205.75,8030,5205.75,3777.91666666667,5479.08333333333,3777.91666666667,4926,4926,6107,5263,44072,44072,41687,41687,,,,,,,,,,,,,60464,60464,52736,52736,58135,58135,54700,57832,,,,,30261,30261,23847,40883,44373,44373,59356,77956,437,430,1565,1268,2232,2239,4479,4479,,,,,,,,,,,,,2720,2889,5526,5526,2873,3081,6496,6616,,,,,1705,1552,5227,8507,2399,2364,7993,8067,1809175.5,1938585,1809175.5,14621909.5,14215267,14621909.5,19402985.25,18584841,19402985.25,10677733,11036465,10677733,19271444.5,23411696,19271444.5,14197705.5,14628615.8333333,14197705.5,315425,483026.5,315425,1144822.25,1527339,1144822.25,1522863.375,2059981,1522863.375,1448482.75,2341647,1448482.75,1775160.75,2738230,1775160.75,1288269.58333333,1868367.41666667,1288269.58333333
143,"153","06","01","1530601","Tomillares, Los",Los Tomillares,Los Tomillares Núcleo,75,"75",7836.5,6605,7836.5,48048,43330,48048,61678,55362.5,61678,29744.75,44039.5,29744.75,58499,63931,58499,44580.7083333333,44771.75,44580.7083333333,2791.5,4724,2791.5,5309.5,8073,5309.5,6440.5,9657.25,6440.5,5683.25,10217.5,5683.25,7229,11727.5,7229,5649.04166666667,9009.41666666667,5649.04166666667,9068,9068,6605,6605,52766,52766,43330,43330,,,,,,,,,,,,,69158,69158,54380,54380,66829,66829,56345,56345,,,,,15450,15450,47657,40422,53067,53067,83405,44457,870,848,4724,4724,2529,2563,8073,8073,,,,,,,,,,,,,3046,3263,9240,9240,3187,3399,10049,10100,,,,,1187,1111,11164,9271,2738,2723,12258,11197,587737.5,495375,587737.5,3603600,3249750,3603600,4625850,4152187.5,4625850,2230856.25,3302962.5,2230856.25,4387425,4794825,4387425,3343553.125,3357881.25,3343553.125,209362.5,354300,209362.5,398212.5,605475,398212.5,483037.5,724293.75,483037.5,426243.75,766312.5,426243.75,542175,879562.5,542175,423678.125,675706.25,423678.125
144,"014","01","01","0140101",Arganda del Rey,Arganda del Rey,Arganda del Rey Núcleo,51109,"51109",4371.5,4823,4371.5,23741,25022,23741,27750.5,28051.5,27750.5,3593.5,4459,3593.5,2525.5,2375,2525.5,12396.4,12946.1,12396.4,817.25,1185,817.25,2866,4378.5,2866,2679.5,3908,2679.5,731.75,1213,731.75,526.75,664,526.75,1524.25,2269.7,1524.25,3920,3920,4823,4823,22460,22460,26220,23824,,,,,,,,,,,,,26112,28787,29249,26854,,,,,,,,,2728,2728,4459,4459,2676,2676,2375,2375,455,444,1185,1185,1302,1405,4448,4309,,,,,,,,,,,,,1326,1576,4056,3760,,,,,,,,,258,243,1213,1213,408,371,664,664,223422993.5,246498707,223422993.5,1213378769,1278849398,1213378769,1418300304.5,1433684113.5,1418300304.5,183660191.5,227895031,183660191.5,129075779.5,121383875,129075779.5,633567607.6,661662224.9,633567607.6,41768830.25,60564165,41768830.25,146478394,223780756.5,146478394,136946565.5,199733972,136946565.5,37399010.75,61995217,37399010.75,26921665.75,33936376,26921665.75,77902893.25,116002097.3,77902893.25
145,"014","03","01","0140301",Avícola del Jarama,Avícola del Jarama,Avícola del Jarama Núcleo,113,"113",14962.25,19122.5,14962.25,21057.25,22652.5,21057.25,25840.25,27229.5,25840.25,8599.5,11769,8599.5,13509,16455,13509,16793.65,19445.7,16793.65,2153.25,3584,2153.25,2449.5,3641.5,2449.5,2441.5,3533,2441.5,1295.75,2258,1295.75,1730.5,2674.5,1730.5,2014.1,3138.2,2014.1,10802,10802,20716,17529,19462,19462,24826,20479,,,,,,,,,,,,,23114,25788,30019,24440,,,,,,,,,5430,5430,14059,9479,10563,10563,18819,14091,716,729,3604,3564,1198,1317,3585,3698,,,,,,,,,,,,,1208,1492,3532,3534,,,,,,,,,331,336,2386,2130,795,778,2537,2812,1690734.25,2160842.5,1690734.25,2379469.25,2559732.5,2379469.25,2919948.25,3076933.5,2919948.25,971743.5,1329897,971743.5,1526517,1859415,1526517,1897682.45,2197364.1,1897682.45,243317.25,404992,243317.25,276793.5,411489.5,276793.5,275889.5,399229,275889.5,146419.75,255154,146419.75,195546.5,302218.5,195546.5,227593.3,354616.6,227593.3
146,"014","03","04","0140304",Puente de Arganda,Puente de Arganda,Puente de Arganda Núcleo,111,"111",9515.25,10093.5,9515.25,16890.75,16208.5,16890.75,22387.5,22212.5,22387.5,3070,2599,3070,12705.25,17639.5,12705.25,12913.75,13750.6,12913.75,1364,2072,1364,2248.25,3308,2248.25,2315,3353.5,2315,487.25,719,487.25,1592,2537.5,1592,1601.3,2398,1601.3,8937,8937,9513,10674,17573,17573,15635,16782,,,,,,,,,,,,,21225,23900,20865,23560,,,,,,,,,3541,3541,2599,2599,7771,7771,8232,27047,652,660,1973,2171,1125,1252,3683,2933,,,,,,,,,,,,,1138,1415,3486,3221,,,,,,,,,254,257,719,719,640,653,2368,2707,1056192.75,1120378.5,1056192.75,1874873.25,1799143.5,1874873.25,2485012.5,2465587.5,2485012.5,340770,288489,340770,1410282.75,1957984.5,1410282.75,1433426.25,1526316.6,1433426.25,151404,229992,151404,249555.75,367188,249555.75,256965,372238.5,256965,54084.75,79809,54084.75,176712,281662.5,176712,177744.3,266178,177744.3
147,"135","01","01","1350101","Estación, La",La Estación,La Estación Núcleo,829,"829",23339,26205,23339,41352,41959,41352,63036.6666666667,68978.3333333333,63036.6666666667,19767,23720,19767,19757.5,24826,19757.5,41903.6428571429,46235,41903.6428571429,2935.5,4362,2935.5,3626.75,4474,3626.75,4944.91666666667,6485.66666666667,4944.91666666667,2036.75,3013,2036.75,2551.25,3948,2551.25,3712.14285714286,5036.28571428571,3712.14285714286,20473,20473,26749,25661,40745,40745,44448,39470,,,,,,,,,,,,,61510,61510,72509,72497,61428,61428,72680,72668,48347,48347,68098,55418,15814,15814,23720,23720,14689,14689,24826,24826,1535,1483,4271,4453,2806,2753,5004,3944,,,,,,,,,,,,,3563,3845,5801,5921,3562,3841,5959,6079,2788,2826,8343,6811,1072,1049,3103,2923,1181,1128,4038,3858,19348031,21723945,19348031,34280808,34784011,34280808,52257396.6666667,57183038.3333333,52257396.6666667,16386843,19663880,16386843,16378967.5,20580754,16378967.5,34738119.9285714,38328815,34738119.9285714,2433529.5,3616098,2433529.5,3006575.75,3708946,3006575.75,4099335.91666667,5376617.66666667,4099335.91666667,1688465.75,2497777,1688465.75,2114986.25,3272892,2114986.25,3077366.42857143,4175080.85714286,3077366.42857143
148,"135","02","01","1350201","Herreras, Las",Las Herreras,Las Herreras Núcleo,11,"11",32795.25,28208.5,32795.25,54213,50772,54213,72130.4166666667,70257.1666666667,72130.4166666667,31928,31133,31928,29422,27247,29422,52107.0714285714,49733.1428571429,52107.0714285714,4294,6139,4294,7229,10767.5,7229,7258.91666666667,10191.6666666667,7258.91666666667,4115.75,6252,4115.75,3805.5,5522.5,3805.5,5888.71428571429,8465.14285714286,5888.71428571429,37382,37382,31116,25301,57654,57654,54243,47301,,,,,,,,,,,,,78419,78419,76283,70215,78336,78336,76440,70372,65256,65256,68514,59719,32723,32723,34167,28099,31597,31597,30281,24213,2490,2408,6411,5867,3731,3650,9861,11674,,,,,,,,,,,,,4457,4770,9744,9601,4491,4764,9899,9756,3762,3713,10889,11261,2010,1949,6649,5855,2128,2049,5816,5229,360747.75,310293.5,360747.75,596343,558492,596343,793434.583333333,772828.833333333,793434.583333333,351208,342463,351208,323642,299717,323642,573177.785714286,547064.571428571,573177.785714286,47234,67529,47234,79519,118442.5,79519,79848.0833333333,112108.333333333,79848.0833333333,45273.25,68772,45273.25,41860.5,60747.5,41860.5,64775.8571428571,93116.5714285714,64775.8571428571
149,"135","03","01","1350301","Hoya, La",La Hoya,La Hoya Núcleo,20,"20",21863.25,26904.5,21863.25,42105,47116,42105,63877.5,74311.3333333333,63877.5,19162.75,26162.5,19162.75,18589.5,26142,18589.5,41907.5714285714,49894.1428571429,41907.5714285714,5723,10116.5,5723,7783,12974.5,7783,8378.83333333333,13522,8378.83333333333,5195.25,9523.5,5195.25,5241.5,9505,5241.5,7011.32142857143,11812.2142857143,7011.32142857143,16822,16822,20349,33460,37094,37094,42568,51664,,,,,,,,,,,,,57859,57859,65516,79585,57776,57776,65673,79681,44696,44696,57120,98293,12163,12163,23400,28925,11037,11037,19514,32770,1341,1318,5667,14566,2609,2574,10017,15932,,,,,,,,,,,,,3370,3719,9023,17066,3382,3701,9178,17183,2587,2655,9431,19251,868,866,5905,13142,994,962,5072,13938,437265,538090,437265,842100,942320,842100,1277550,1486226.66666667,1277550,383255,523250,383255,371790,522840,371790,838151.428571429,997882.857142857,838151.428571429,114460,202330,114460,155660,259490,155660,167576.666666667,270440,167576.666666667,103905,190470,103905,104830,190100,104830,140226.428571429,236244.285714286,140226.428571429
150,"135","05","01","1350501",Navalespino,Navalespino,Navalespino Núcleo,55,"55",23412.25,22831.5,23412.25,46249,48232,46249,62840.5,65065.3333333333,62840.5,22545,25756,22545,20039.5,21870,20039.5,42966.75,44840.7857142857,42966.75,2551.75,3251,2551.75,5302.25,7525,5302.25,5304.5,6875.33333333333,5304.5,2375.25,3364,2375.25,2067,2634.5,2067,4029.96428571429,5342.92857142857,4029.96428571429,23993,23993,25739,19924,44266,44266,54359,42105,,,,,,,,,,,,,65031,65031,70906,64838,64948,64948,71063,64995,51868,51868,62510,56080,19334,19334,28790,22722,18209,18209,24904,18836,1892,1813,3520,2982,3121,3038,9059,5991,,,,,,,,,,,,,3856,4170,6876,6739,3902,4189,7031,6894,3150,3135,7284,6428,1405,1368,3758,2970,1538,1461,2925,2344,1287673.75,1255732.5,1287673.75,2543695,2652760,2543695,3456227.5,3578593.33333333,3456227.5,1239975,1416580,1239975,1102172.5,1202850,1102172.5,2363171.25,2466243.21428571,2363171.25,140346.25,178805,140346.25,291623.75,413875,291623.75,291747.5,378143.333333333,291747.5,130638.75,185020,130638.75,113685,144897.5,113685,221648.035714286,293861.071428571,221648.035714286
151,"023","02","01","0230201",Cerceda,Cerceda,Cerceda Núcleo,3536,"3536",19762.75,23150.5,19762.75,52898.25,57170.5,52898.25,41415.75,41329,41415.75,16065.25,22693.5,16065.25,25192.75,31808.5,25192.75,32791.75,36246.8333333333,32791.75,1843,2687,1843,3876.5,5397.5,3876.5,2720,3346,2720,2711,4735,2711,2277.5,3570.5,2277.5,2691.33333333333,3847,2691.33333333333,16375,16375,23142,23159,48626,48626,57895,56446,,,,,,,,,,,,,41762,41762,41903,41903,41243,41243,40755,40755,,,,,9437,9437,14369,31018,18577,18577,39377,24240,996,1002,2453,2921,2253,2458,5819,4976,,,,,,,,,,,,,1892,2084,3474,3173,2165,2235,3514,3223,,,,,691,683,4561,4909,979,990,4010,3131,69881084,81860168,69881084,187048212,202154888,187048212,146446092,146139344,146446092,56806724,80244216,56806724,89081564,112474856,89081564,115951628,128168802.666667,115951628,6516848,9501232,6516848,13707304,19085560,13707304,9617920,11831456,9617920,9586096,16742960,9586096,8053240,12625288,8053240,9516554.66666667,13602992,9516554.66666667
152,"022","01","01","0220101",Boadilla del Monte,Boadilla del Monte,Boadilla del Monte Núcleo,44123,"44123",20031.5,27166,20031.5,51804.5,66431,51804.5,21028,20862.6666666667,21028,10641,12310,10641,13903.5,13122,13903.5,22780.6428571429,25945.2857142857,22780.6428571429,2446.75,3896,2446.75,4349,6782,4349,2562.91666666667,3582.66666666667,2562.91666666667,1786.5,3026.5,1786.5,2185.25,3170,2185.25,2636.60714285714,3946.07142857143,2636.60714285714,12897,12897,27166,27166,37178,37178,66431,66431,,,,,,,,,,,,,27347,27347,26983,26983,27264,27264,27140,27140,8969,8969,9304,7626,8972,8972,12310,12310,14685,14685,13961,12283,1007,988,3986,3806,1838,1994,6455,7109,,,,,,,,,,,,,1526,2312,4084,4084,1556,2290,4239,4239,693,882,2411,2439,547,546,3054,2999,1120,1281,3156,3184,883849874.5,1198645418,883849874.5,2285769953.5,2931135013,2285769953.5,927818444,920523441.333333,927818444,469512843,543154130,469512843,613464130.5,578982006,613464130.5,1005150304.78571,1144783841.57143,1005150304.78571,107957950.25,171903208,107957950.25,191890927,299242186,191890927,113083572.083333,158078001.333333,113083572.083333,78825739.5,133538259.5,78825739.5,96419785.75,139869910,96419785.75,116335016.964286,174112509.642857,116335016.964286
153,"109","01","01","1090101",Pelayos de la Presa,Pelayos de la Presa,Pelayos de la Presa Núcleo,3106,"3106",59377.5,73232,59377.5,52059.0625,52892.625,52059.0625,,,,5983,7248,5983,55909,66280,55909,47072.25,51190.0714285714,47072.25,4444,6557,4444,3903.9375,5218.75,3903.9375,,,,1174.5,1961,1174.5,4383,6412.5,4383,3659.60714285714,5115.07142857143,3659.60714285714,45523,45523,82225,64239,47811,47811,52481,48454,54429,54429,50602,50350,47409,47409,52366,46912,55253,55253,64392,57584,,,,,,,,,,,,,4718,4718,7248,7248,45538,45538,67535,65025,2361,2301,6737,6377,2596,2522,5271,5173,2618,2606,4546,4543,2559,2491,5829,3896,2687,2634,6339,6153,,,,,,,,,,,,,392,384,1715,2207,2383,2324,6072,6753,184426515,227458592,184426515,161695448.125,164284493.25,161695448.125,,,,18583198,22512288,18583198,173653354,205865680,173653354,146206408.5,158996361.857143,146206408.5,13803064,20366042,13803064,12125629.875,16209437.5,12125629.875,,,,3647997,6090866,3647997,13613598,19917225,13613598,11366739.7857143,15887411.8571429,11366739.7857143
154,"033","01","01","0330101",Campo Real,Campo Real,Campo Real Núcleo,6187,"6187",12845.5,12540,12845.5,34515,34534,34515,35159,37563,35159,12901.25,14555.5,12901.25,10551.25,11173.5,10551.25,21194.4,22073.2,21194.4,1927.5,3062,1927.5,3668.75,5444,3668.75,3369.25,5059,3369.25,1958.5,3063,1958.5,1395.25,1891,1395.25,2463.85,3703.8,2463.85,13151,13151,12178,12902,34161,34831,34550,34518,,,,,,,,,,,,,32755,32755,37579,37547,,,,,,,,,11247,11247,13815,15296,9929,9929,12112,10235,790,796,3329,2795,1858,1929,5688,5200,,,,,,,,,,,,,1622,1737,5184,4934,,,,,,,,,844,864,2887,3239,902,897,1962,1820,79475108.5,77584980,79475108.5,213544305,213661858,213544305,217528733,232402281,217528733,79820033.75,90054878.5,79820033.75,65280583.75,69130444.5,65280583.75,131129752.8,136566888.4,131129752.8,11925442.5,18944594,11925442.5,22698556.25,33682028,22698556.25,20845549.75,31300033,20845549.75,12117239.5,18950781,12117239.5,8632411.75,11699617,8632411.75,15243839.95,22915410.6,15243839.95
155,"156","01","01","1560101",Valdeavero,Valdeavero,Valdeavero Núcleo,1377,"1377",27446.5,35334,27446.5,29899.125,38932.75,29899.125,,,,25333.25,32262.5,25333.25,25272.25,33506.5,25272.25,27570.05,35793.7,27570.05,2863.75,4059,2863.75,3073.375,4799.75,3073.375,,,,2458.75,3743.5,2458.75,2623.25,4130,2623.25,2818.5,4306.4,2818.5,19559,19559,46583,24085,17980,17980,48356,27639,23751,23751,50934,28802,,,,,,,,,,,,,,,,,,,,,18404,18404,43819,20706,17038,17038,45799,21214,1661,1676,5349,2769,1226,1250,6102,3350,1388,1524,6103,3644,,,,,,,,,,,,,,,,,,,,,1141,1207,5118,2369,1075,1158,5780,2480,37793830.5,48654918,37793830.5,41171095.125,53610396.75,41171095.125,,,,34883885.25,44425462.5,34883885.25,34799888.25,46138450.5,34799888.25,37963958.85,49287924.9,37963958.85,3943383.75,5589243,3943383.75,4232037.375,6609255.75,4232037.375,,,,3385698.75,5154799.5,3385698.75,3612215.25,5687010,3612215.25,3881074.5,5929912.8,3881074.5
156,"156","02","01","1560201","Cardosa, La",La Cardosa,La Cardosa Núcleo,432,"432",27611.25,36355.5,27611.25,30064,39954.5,30064,,,,25497.75,33283.5,25497.75,25436.75,34527.5,25436.75,27734.75,36815.1,27734.75,3291.75,4891,3291.75,3500,5631.75,3500,,,,2886.75,4575.5,2886.75,3052.25,4962,3052.25,3246.15,5138.4,3246.15,18867,18867,49356,23355,17288,17288,51129,26909,23059,23059,53708,28072,,,,,,,,,,,,,,,,,,,,,17712,17712,46592,19975,16346,16346,48572,20483,1673,1712,6301,3481,1246,1280,7054,4062,1400,1547,7055,4356,,,,,,,,,,,,,,,,,,,,,1160,1236,6070,3081,1084,1201,6732,3192,11928060,15705576,11928060,12987648,17260344,12987648,,,,11015028,14378472,11015028,10988676,14915880,10988676,11981412,15904123.2,11981412,1422036,2112912,1422036,1512000,2432916,1512000,,,,1247076,1976616,1247076,1318572,2143584,1318572,1402336.8,2219788.8,1402336.8
157,"032","04","01","0320401","Practicante, El",El Practicante,El Practicante Núcleo,542,"542",26147.75,36414.5,26147.75,28600.5,40013.5,28600.5,,,,24034.5,33343,24034.5,23973.5,34587,23973.5,26271.35,36874.3,26271.35,3213.5,4876,3213.5,3423.375,5616.75,3423.375,,,,2810,4560.5,2810,2973.25,4947,2973.25,3168.7,5123.4,3168.7,15881,15881,52510,20319,14302,14302,54283,23873,20073,20073,56861,25037,,,,,,,,,,,,,,,,,,,,,14726,14726,49746,16940,13360,13360,51726,17448,1533,1569,6526,3226,1105,1135,7279,3807,1268,1412,7280,4101,,,,,,,,,,,,,,,,,,,,,1021,1098,6295,2826,944,1055,6957,2937,14172080.5,19736659,14172080.5,15501471,21687317,15501471,,,,13026699,18071906,13026699,12993637,18746154,12993637,14239071.7,19985870.6,14239071.7,1741717,2642792,1741717,1855469.25,3044278.5,1855469.25,,,,1523020,2471791,1523020,1611501.5,2681274,1611501.5,1717435.4,2776882.8,1717435.4
158,"133","03","01","1330301",Javacruz,Javacruz,Javacruz Núcleo,200,"200",69693.25,89895.5,69693.25,61264.625,67336.25,61264.625,,,,5639.75,6247.5,5639.75,66234,82962,66234,55232.2142857143,64064.2857142857,55232.2142857143,6397.25,10065,6397.25,5897.6875,8815.5,5897.6875,,,,2272.25,3987,2272.25,6279.25,9807,6279.25,5505.64285714286,8445.85714285714,5505.64285714286,49491,49491,92078,87713,51778,51778,62334,67795,58397,58397,64576,60448,51376,51376,60855,74206,59221,59221,74238,74238,,,,,,,,,,,,,5032,5032,6259,6236,49506,49506,77388,88536,2762,2697,9626,10504,3008,2958,8160,8928,3016,2983,7317,7571,2923,2887,10477,9343,3051,3013,9364,9364,,,,,,,,,,,,,551,564,4003,3971,2785,2718,8961,10653,13938650,17979100,13938650,12252925,13467250,12252925,,,,1127950,1249500,1127950,13246800,16592400,13246800,11046442.8571429,12812857.1428571,11046442.8571429,1279450,2013000,1279450,1179537.5,1763100,1179537.5,,,,454450,797400,454450,1255850,1961400,1255850,1101128.57142857,1689171.42857143,1101128.57142857
159,"011","02","01","0110201",Sierra de Tajuña,Sierra de Tajuña,Sierra de Tajuña Núcleo,270,"270",33906.75,34849.5,33906.75,59426,63876,59426,59160.5,65420,59160.5,56901.25,76460.5,56901.25,34515.25,35198.5,34515.25,48781.95,55160.9,48781.95,3931.5,5973,3931.5,6206.25,9337.5,6206.25,5963.75,9132.5,5963.75,6500.25,10846.5,6500.25,3964.25,5850,3964.25,5313.2,8227.9,5313.2,32964,32964,34868,34831,54976,54976,67414,60338,,,,,,,,,,,,,52901,52901,65436,65404,,,,,,,,,37342,37342,76479,76442,33832,33832,35217,35180,1891,1889,5973,5973,3068,3082,9127,9548,,,,,,,,,,,,,2760,2830,9042,9223,,,,,,,,,2145,2163,10636,11057,2078,2079,5850,5850,9154822.5,9409365,9154822.5,16045020,17246520,16045020,15973335,17663400,15973335,15363337.5,20644335,15363337.5,9319117.5,9503595,9319117.5,13171126.5,14893443,13171126.5,1061505,1612710,1061505,1675687.5,2521125,1675687.5,1610212.5,2465775,1610212.5,1755067.5,2928555,1755067.5,1070347.5,1579500,1070347.5,1434564,2221533,1434564
160,"002","01","01","0020101",Ajalvir,Ajalvir,Ajalvir Núcleo,4943,"4943",9851,9850,9851,26264.5,30929,26264.5,33095.75,33492.25,33095.75,10974,11230,10974,30543.25,36832.5,30543.25,23970.7083333333,25971,23970.7083333333,1667.25,2398,1667.25,3331.5,5384,3331.5,3595.25,5422,3595.25,2223.25,3559,2223.25,3776.75,6225.5,3776.75,3031.54166666667,4735.08333333333,3031.54166666667,9852,9852,9850,9850,19596,23604,30611,31247,,,,,,,,,,,,,28486,37633,35668,34152,30206,34472,32689,31460,,,,,10718,10718,11127,11333,24254,24254,30947,42718,953,920,2398,2398,1260,1298,6044,4724,,,,,,,,,,,,,1594,1819,4843,5696,1727,1934,5286,5863,,,,,885,890,3460,3658,1244,1412,5684,6767,48693493,48688550,48693493,129825423.5,152882047,129825423.5,163592292.25,165552191.75,163592292.25,54244482,55509890,54244482,150975284.75,182063047.5,150975284.75,118487211.291667,128374653,118487211.291667,8241216.75,11853314,8241216.75,16467604.5,26613112,16467604.5,17771320.75,26800946,17771320.75,10989524.75,17592137,10989524.75,18668475.25,30772646.5,18668475.25,14984910.4583333,23405516.9166667,14984910.4583333
161,"177","04","01","1770401","Vegas - Santa María, Las",Las Vegas - Santa María,Las Vegas - Santa María Núcleo,1498,"1498",35253.5,41076,35253.5,47793,65119,47793,20131.5833333333,21238.5,20131.5833333333,11888.5,13411,11888.5,8569.5,9253,8569.5,23414.1785714286,27510.6428571429,23414.1785714286,3571.75,5143.5,3571.75,3779,6015,3779,2140.33333333333,2924.83333333333,2140.33333333333,1857.75,3055,1857.75,1534,2306.5,1534,2451.92857142857,3613.5,2451.92857142857,29431,29431,39955,42197,30467,30467,66440,63798,,,,,,,,,,,,,23715,23715,24417,23496,23632,23632,24220,23667,9727,9727,15925,15706,10366,10366,14064,12758,7886,7886,10414,8092,2003,1997,4931,5356,1553,1533,6172,5858,,,,,,,,,,,,,1380,1909,2711,2735,1417,1891,2902,2893,728,810,3355,2953,659,662,2693,3417,767,756,2650,1963,52809743,61531848,52809743,71593914,97548262,71593914,30157111.8333333,31815273,30157111.8333333,17808973,20089678,17808973,12837111,13860994,12837111,35074439.5,41210943,35074439.5,5350481.5,7704963,5350481.5,5660942,9010470,5660942,3206219.33333333,4381400.33333333,3206219.33333333,2782909.5,4576390,2782909.5,2297932,3455137,2297932,3672989,5413023,3672989
162,"129","01","01","1290101",San Agustín del Guadalix,San Agustín del Guadalix,San Agustín del Guadalix Núcleo,13234,"13234",22625.75,20851.5,22625.75,17556,16517,17556,31186.5,28549.5,31186.5,34526.75,47481.5,34526.75,34846.75,54689.5,34846.75,28654.7083333333,32773.0833333333,28654.7083333333,2341.5,3177.5,2341.5,1532.5,1928,1532.5,2558,3272,2558,3457.5,5515,3457.5,3383.5,5752,3383.5,2638.5,3819.41666666667,2638.5,24400,24400,20988,20715,18595,18595,16517,16517,,,,,,,,,,,,,34988,34988,27567,27567,32659,32659,29532,29532,,,,,21572,21572,49256,45707,15004,15004,56592,52787,1393,1618,3564,2791,1098,1176,2108,1748,,,,,,,,,,,,,1610,1892,3155,2615,1755,2119,4026,3292,,,,,1368,1432,6145,4885,1004,1026,6693,4811,299429175.5,275948751,299429175.5,232336104,218585978,232336104,412722141,377824083,412722141,456927009.5,628370171,456927009.5,461161889.5,723760843,461161889.5,379216410.083333,433718984.833333,379216410.083333,30987411,42051035,30987411,20281105,25515152,20281105,33852572,43301648,33852572,45756555,72985510,45756555,44777239,76121968,44777239,34917909,50546160.1666667,34917909
163,"033","02","01","0330201",Montehermoso,Montehermoso,Montehermoso Núcleo,529,"529",9910,10589,9910,32723.75,32583.5,32723.75,33200.25,35612.5,33200.25,10942,12605,10942,8592,9223,8592,19073.6,20122.6,19073.6,1768,2729,1768,3438,5111,3438,3113.5,4726,3113.5,1710.25,2730,1710.25,1148.5,1558,1148.5,2235.65,3370.8,2235.65,9231,9231,10227,10951,32864,32864,32600,32567,,,,,,,,,,,,,30788,30788,35629,35596,,,,,,,,,9279,9279,11865,13345,7961,7961,10162,8284,796,818,2996,2462,1772,1758,5355,4867,,,,,,,,,,,,,1444,1558,4851,4601,,,,,,,,,677,704,2554,2906,740,738,1629,1487,5242390,5601581,5242390,17310863.75,17236671.5,17310863.75,17562932.25,18839012.5,17562932.25,5788318,6668045,5788318,4545168,4878967,4545168,10089934.4,10644855.4,10089934.4,935272,1443641,935272,1818702,2703719,1818702,1647041.5,2500054,1647041.5,904722.25,1444170,904722.25,607556.5,824182,607556.5,1182658.85,1783153.2,1182658.85
164,"111","02","01","1110201","Caminos, Los",Los Caminos,Los Caminos Núcleo,215,"215",24561.5,25902,24561.5,31532.5,32751.5,31532.5,,,,32460.5,31905,32460.5,25582.5,27246,25582.5,29133.9,30111.2,29133.9,2639,3524,2639,3227.75,4608,3227.75,,,,3630.5,5451,3630.5,2894.5,3948,2894.5,3123.9,4427.8,3123.9,23221,23221,25902,25902,28925,28925,32561,32561,31702,31702,32942,32942,,,,,,,,,,,,,,,,,,,,,33016,33016,31905,31905,23919,23919,27246,27246,1756,1752,3524,3524,1800,1787,4636,4636,1911,1892,4580,4580,,,,,,,,,,,,,,,,,,,,,1827,1793,5451,5451,1844,1838,3948,3948,5280722.5,5568930,5280722.5,6779487.5,7041572.5,6779487.5,,,,6979007.5,6859575,6979007.5,5500237.5,5857890,5500237.5,6263788.5,6473908,6263788.5,567385,757660,567385,693966.25,990720,693966.25,,,,780557.5,1171965,780557.5,622317.5,848820,622317.5,671638.5,951977,671638.5
165,"114","01","01","1140101",Gandullas,Gandullas,Gandullas Núcleo,62,"62",40260,42320,40260,60371,60332,60371,73953.125,72268.75,73953.125,12321.5,12196,12321.5,78611.5,96512,78611.5,56578.375,59316.25,56578.375,4807.25,7861.5,4807.25,4787.75,7011,4787.75,5743.75,8277.75,5743.75,1612.5,2539,1612.5,6577.75,10417.5,6577.75,4878.79166666667,7397.41666666667,4878.79166666667,38200,38200,32744,51896,60410,60410,65496,55168,,,,,,,,,,,,,76802,76802,76545,66028,74473,74473,78510,67992,,,,,12447,12447,12196,12196,60711,60711,101776,91248,1785,1721,8107,7616,2566,2563,6801,7221,,,,,,,,,,,,,3068,3231,7668,8088,3183,3357,8417,8938,,,,,698,674,2749,2329,2740,2736,10326,10509,2496120,2623840,2496120,3743002,3740584,3743002,4585093.75,4480662.5,4585093.75,763933,756152,763933,4873913,5983744,4873913,3507859.25,3677607.5,3507859.25,298049.5,487413,298049.5,296840.5,434682,296840.5,356112.5,513220.5,356112.5,99975,157418,99975,407820.5,645885,407820.5,302485.083333333,458639.833333333,302485.083333333
166,"114","02","01","1140201",Piñuécar,Piñuécar,Piñuécar Núcleo,89,"89",47909.25,55612.5,47909.25,76808,91200,76808,84069.75,90495,84069.75,22897.5,31341,22897.5,89679,116641,89679,67572.2083333333,79297.4166666667,67572.2083333333,5613.5,9439,5613.5,5466.5,8341.5,5466.5,5739,8232,5739,2221.5,3721,2221.5,6865.25,10958,6865.25,5274.125,8153.91666666667,5274.125,40206,40206,33622,77603,62416,62416,66374,116026,,,,,,,,,,,,,78809,78809,77423,101602,76480,76480,79388,103567,,,,,14454,14454,13074,49608,62717,62717,102654,130628,1809,1767,7699,11179,2572,2611,6393,10290,,,,,,,,,,,,,3103,3267,7260,8340,3219,3395,8009,9319,,,,,725,719,2341,5101,2765,2780,9918,11998,4263923.25,4949512.5,4263923.25,6835912,8116800,6835912,7482207.75,8054055,7482207.75,2037877.5,2789349,2037877.5,7981431,10381049,7981431,6013926.54166667,7057470.08333333,6013926.54166667,499601.5,840071,499601.5,486518.5,742393.5,486518.5,510771,732648,510771,197713.5,331169,197713.5,611007.25,975262,611007.25,469397.125,725698.583333333,469397.125
167,"133","04","01","1330401",San Martín de Valdeiglesias,San Martín de Valdeiglesias,San Martín de Valdeiglesias Núcleo,8375,"8375",66744.75,80275.5,66744.75,59483.125,60050.25,59483.125,,,,3093.25,3199.5,3093.25,63276.25,73323.5,63276.25,53006.6785714286,56714.2142857143,53006.6785714286,4921.5,7045,4921.5,4384.625,5732.25,4384.625,,,,940,1514.5,940,4866.25,6900.5,4866.25,4038.03571428571,5484.14285714286,4038.03571428571,53214,53214,89041,71510,55501,55501,59297,55726,62120,62120,57874,57621,55099,55099,59182,54183,62944,62944,71664,64855,,,,,,,,,,,,,2987,2987,2737,3662,53229,53229,74351,72296,2819,2777,7174,6916,3059,2991,5708,5712,3083,3077,5085,5082,2981,2941,6266,4435,3099,3065,6878,6692,,,,,,,,,,,,,364,367,1544,1485,2860,2804,6509,7292,558987281.25,672307312.5,558987281.25,498171171.875,502920843.75,498171171.875,,,,25905968.75,26795812.5,25905968.75,529938593.75,614084312.5,529938593.75,443930933.035714,474981544.642857,443930933.035714,41217562.5,59001875,41217562.5,36721234.375,48007593.75,36721234.375,,,,7872500,12683937.5,7872500,40754843.75,57791687.5,40754843.75,33818549.1071429,45929696.4285714,33818549.1071429
168,"133","01","01","1330101",San Ramón,San Ramón,San Ramón Núcleo,157,"157",62219.25,74916.5,62219.25,59395.5,63567,59395.5,,,,10624.75,12260.5,10624.75,62639.25,75741.5,62639.25,53295.0357142857,59598.0714285714,53295.0357142857,6679.25,10597,6679.25,5865.375,8722.625,5865.375,,,,2746.5,4645.5,2746.5,6782.5,10764,6782.5,5667.10714285714,8699.57142857143,5667.10714285714,49522,49522,68566,81267,51809,51809,55809,61349,58428,58428,58050,54002,51407,51407,71934,67760,59252,59252,71840,67792,,,,,,,,,,,,,8989,8989,12089,12432,49537,49537,69393,82090,2802,2721,10992,10202,3046,2956,9223,8626,3065,3033,7751,7269,2954,2899,9292,9041,3086,3026,9517,9062,,,,,,,,,,,,,856,839,4597,4694,2850,2752,11177,10351,9768422.25,11761890.5,9768422.25,9325093.5,9980019,9325093.5,,,,1668085.75,1924898.5,1668085.75,9834362.25,11891415.5,9834362.25,8367320.60714286,9356897.21428571,8367320.60714286,1048642.25,1663729,1048642.25,920863.875,1369452.125,920863.875,,,,431200.5,729343.5,431200.5,1064852.5,1689948,1064852.5,889735.821428571,1365832.71428571,889735.821428571
169,"133","02","01","1330201",Costa de Madrid,Costa de Madrid,Costa de Madrid Núcleo,245,"245",76650,92382,76650,68028.0625,69436.125,68028.0625,,,,9632.75,8574.5,9632.75,73190.75,85448.5,73190.75,61655.1071428571,66307.0714285714,61655.1071428571,7409.75,11354.5,7409.75,6712.8125,9703.625,6712.8125,,,,3329.5,5583,3329.5,7295.5,11096.5,7295.5,6412.28571428571,9549.78571428571,6412.28571428571,60918,60918,94307,90457,63205,63205,64563,70539,69824,69824,63193,63192,62803,62803,63087,76950,70648,70648,76983,76982,,,,,,,,,,,,,10691,10691,8170,8979,60933,60933,79617,91280,3518,3412,10935,11774,3751,3681,9469,10198,3763,3716,8841,8841,3709,3622,8399,10613,3815,3719,10634,10634,,,,,,,,,,,,,1068,1084,5925,5241,3548,3441,10270,11923,18779250,22633590,18779250,16666875.3125,17011850.625,16666875.3125,,,,2360023.75,2100752.5,2360023.75,17931733.75,20934882.5,17931733.75,15105501.25,16245232.5,15105501.25,1815388.75,2781852.5,1815388.75,1644639.0625,2377388.125,1644639.0625,,,,815727.5,1367835,815727.5,1787397.5,2718642.5,1787397.5,1571010,2339697.5,1571010
170,"032","01","01","0320101",Camarma de Esteruelas,Camarma de Esteruelas,Camarma de Esteruelas Núcleo,7132,"7132",12389,14306,12389,13494.375,15209.75,13494.375,,,,10122,10927,10122,8446.5,8942,8446.5,11589.25,12918.9,11589.25,2099,2912,2099,2067.125,3166,2067.125,,,,1625,2452,1625,1052.5,1367,1052.5,1782.15,2612.6,1782.15,10472,10472,14306,14306,8894,8894,10803,10147,14664,14664,20865,19024,,,,,,,,,,,,,,,,,,,,,9317,9317,10927,10927,7951,7951,8942,8942,1272,1300,2912,2912,843,869,2309,2835,1001,1160,4033,3487,,,,,,,,,,,,,,,,,,,,,758,838,2452,2452,684,792,1367,1367,88358348,102030392,88358348,96241882.5,108475937,96241882.5,,,,72190104,77931364,72190104,60240438,63774344,60240438,82654531,92137594.8,82654531,14970068,20768384,14970068,14742735.5,22579912,14742735.5,,,,11589500,17487664,11589500,7506430,9749444,7506430,12710293.8,18633063.2,12710293.8
171,"032","03","01","0320301",Alcamar,Alcamar,Alcamar Núcleo,420,"420",9590,11124,9590,10694.625,12026.75,10694.625,,,,7322,7744,7322,5647,5759,5647,8789.65,9736.1,8789.65,1768,2417,1768,1733.75,2671,1733.75,,,,1296.25,1957,1296.25,718,872,718,1449.95,2117.6,1449.95,8056,8056,11124,11124,6477,6477,7620,6964,12248,12248,17682,15841,,,,,,,,,,,,,,,,,,,,,6900,6900,7744,7744,5535,5535,5759,5759,1100,1138,2417,2417,670,696,1814,2340,822,998,3538,2992,,,,,,,,,,,,,,,,,,,,,588,683,1957,1957,506,622,872,872,4027800,4672080,4027800,4491742.5,5051235,4491742.5,,,,3075240,3252480,3075240,2371740,2418780,2371740,3691653,4089162,3691653,742560,1015140,742560,728175,1121820,728175,,,,544425,821940,544425,301560,366240,301560,608979,889392,608979
172,"092","07","01","0920701","Nieves-El Lucero, Las",Las Nieves-El Lucero,Las Nieves-El Lucero Núcleo,622,"622",5303.5,6533,5303.5,6312.6875,6400.125,6312.6875,,,,5922,4975,5922,5479.5,5306,5479.5,5993.67857142857,6059.21428571429,5993.67857142857,1226.25,1928,1226.25,1354.6875,2061.875,1354.6875,,,,1199.5,1667.5,1199.5,1129.25,1421.5,1129.25,1281.96428571429,1894.92857142857,1281.96428571429,4074,4074,7871,5195,4668,4668,7068,4543,5339,5339,6270,6270,2479,2479,2152,2152,12415,12415,11373,11373,,,,,,,,,,,,,6869,6869,4975,4975,5653,5653,5306,5306,532,517,1896,1960,684,670,1786,1795,708,639,2459,2399,431,408,1271,1273,826,814,2786,2726,,,,,,,,,,,,,750,713,1678,1657,860,814,1435,1408,3298777,4063526,3298777,3926491.625,3980877.75,3926491.625,,,,3683484,3094450,3683484,3408249,3300332,3408249,3728068.07142857,3768831.28571429,3728068.07142857,762727.5,1199216,762727.5,842615.625,1282486.25,842615.625,,,,746089,1037185,746089,702393.5,884173,702393.5,797381.785714286,1178645.57142857,797381.785714286
173,"152","12","01","1521201","Robles, Los",Los Robles,Los Robles Núcleo,1525,"1525",11726.75,12012.5,11726.75,16336.75,18528.5,16336.75,26730.5,28262.3333333333,26730.5,12089.5,14522,12089.5,16290.75,18482.5,16290.75,19519.3214285714,21190.3571428571,19519.3214285714,1489,2135,1489,2416.75,3826.5,2416.75,2353.41666666667,3120,2353.41666666667,1270,1864,1270,2389.75,3788.5,2389.75,2089.39285714286,2996.28571428571,2089.39285714286,11441,11441,12976,11049,14145,14145,21732,15325,,,,,,,,,,,,,28187,28187,30376,30376,28104,28104,30547,30547,19305,19305,25563,22165,9657,9657,14522,14522,14099,14099,21686,15279,832,854,2065,2205,1004,1010,4383,3270,,,,,,,,,,,,,1509,2023,2637,2637,1546,1993,2795,2795,1137,1313,3979,3877,651,701,1864,1864,988,994,4345,3232,17883293.75,18319062.5,17883293.75,24913543.75,28255962.5,24913543.75,40764012.5,43100058.3333333,40764012.5,18436487.5,22146050,18436487.5,24843393.75,28185812.5,24843393.75,29766965.1785714,32315294.6428571,29766965.1785714,2270725,3255875,2270725,3685543.75,5835412.5,3685543.75,3588960.41666667,4758000,3588960.41666667,1936750,2842600,1936750,3644368.75,5777462.5,3644368.75,3186324.10714286,4569335.71428571,3186324.10714286
174,"023","05","01","0230501",Peña de las Gallinas,Peña de las Gallinas,Peña de las Gallinas Núcleo,308,"308",19424.25,19668.5,19424.25,57213.5,62996,57213.5,44502.125,44696.25,44502.125,25411.75,37813.5,25411.75,21064,20746,21064,35352.9583333333,38436.0833333333,35352.9583333333,1776.25,2406.5,1776.25,4332.5,6179.5,4332.5,3072.75,3903.5,3072.75,3276.75,5655,3276.75,1871.75,2617,1871.75,2900.45833333333,4110.83333333333,2900.45833333333,19180,19180,19660,19677,51431,51431,62669,63323,,,,,,,,,,,,,44567,44567,45266,45278,44049,44049,44111,44130,,,,,13010,13010,41304,34323,21382,21382,20734,20758,1150,1142,2145,2668,2389,2582,6567,5792,,,,,,,,,,,,,2043,2232,4233,3539,2320,2373,4258,3584,,,,,904,893,6084,5226,1125,1128,2356,2878,5982669,6057898,5982669,17621758,19402768,17621758,13706654.5,13766445,13706654.5,7826819,11646558,7826819,6487712,6389768,6487712,10888711.1666667,11838313.6666667,10888711.1666667,547085,741202,547085,1334410,1903286,1334410,946407,1202278,946407,1009239,1741740,1009239,576499,806036,576499,893341.166666667,1266136.66666667,893341.166666667
175,"023","06","01","0230601","Ponderosa I, La",La Ponderosa I,La Ponderosa I Núcleo,46,"46",25537.25,29649.5,25537.25,61261.25,68846.5,61261.25,48903.125,51253.75,48903.125,23509.5,37814,23509.5,27174.75,30722.5,27174.75,39214.8333333333,44923.3333333333,39214.8333333333,2177.5,3031,2177.5,4592.5,6515,4592.5,3324.125,4237.25,3324.125,2957.75,5167,2957.75,2272.5,3241.5,2272.5,3108.08333333333,4404.83333333333,3108.08333333333,21425,21425,29637,29662,53676,53676,64393,73300,,,,,,,,,,,,,46812,46812,48401,55255,46293,46293,47253,54106,,,,,9205,9205,37814,37814,23627,23627,30710,30735,1338,1310,2848,3214,2589,2751,6692,6338,,,,,,,,,,,,,2242,2385,4347,4085,2494,2523,4387,4130,,,,,779,718,5167,5167,1315,1292,3059,3424,1174713.5,1363877,1174713.5,2818017.5,3166939,2818017.5,2249543.75,2357672.5,2249543.75,1081437,1739444,1081437,1250038.5,1413235,1250038.5,1803882.33333333,2066473.33333333,1803882.33333333,100165,139426,100165,211255,299690,211255,152909.75,194913.5,152909.75,136056.5,237682,136056.5,104535,149109,104535,142971.833333333,202622.333333333,142971.833333333
176,"152","06","01","1520601","Gasco, El",El Gasco,El Gasco Núcleo,355,"355",11450,9879,11450,14693.25,13661.5,14693.25,27260.9166666667,28556.5,27260.9166666667,10919.5,11415,10919.5,14647.75,13615.5,14647.75,19070.4642857143,19177.2142857143,19070.4642857143,1679,2327,1679,2407.75,3630,2407.75,2868.66666666667,4035.66666666667,2868.66666666667,1425.25,2066,1425.25,2380.75,3592,2380.75,2356.96428571429,3388.85714285714,2356.96428571429,13021,13021,9879,9879,15725,15725,13657,13666,,,,,,,,,,,,,28954,28954,30139,30612,28871,28871,30310,30769,20071,20071,24177,25332,10424,10424,11415,11415,15680,15680,13611,13620,1015,1047,2327,2327,1177,1194,3885,3375,,,,,,,,,,,,,1596,2138,4034,3830,1649,2147,4192,3985,1245,1435,4125,4048,759,810,2066,2066,1161,1178,3847,3337,4064750,3507045,4064750,5216103.75,4849832.5,5216103.75,9677625.41666667,10137557.5,9677625.41666667,3876422.5,4052325,3876422.5,5199951.25,4833502.5,5199951.25,6770014.82142857,6807911.07142857,6770014.82142857,596045,826085,596045,854751.25,1288650,854751.25,1018376.66666667,1432661.66666667,1018376.66666667,505963.75,733430,505963.75,845166.25,1275160,845166.25,836722.321428571,1203044.28571429,836722.321428571
177,"047","05","01","0470501","Estación, La",La Estación,La Estación Núcleo,45736,"45736",987.5,798,987.5,5647,7122,5647,35180.1666666667,35706,35180.1666666667,2500,2773,2500,5601,7076,5601,17182.2857142857,17841,17182.2857142857,461.25,661,461.25,1119.5,1590.5,1119.5,2566.08333333333,3182,2566.08333333333,636.75,872,636.75,1090.5,1552.5,1090.5,1572.32142857143,2031.71428571429,1572.32142857143,1177,1177,798,798,4172,4172,9519,4725,,,,,,,,,,,,,37643,37643,37561,37547,37560,37560,37732,37718,28760,28760,32028,31650,2227,2227,3071,2475,4126,4126,9473,4679,289,234,661,661,677,620,1973,1208,,,,,,,,,,,,,1911,2340,2850,2721,1955,2305,3008,2879,1543,1647,4374,3260,432,371,787,957,656,601,1935,1170,45164300,36497328,45164300,258271192,325731792,258271192,1609000102.66667,1633049616,1609000102.66667,114340000,126825928,114340000,256167336,323627936,256167336,785849019.428571,815975976,785849019.428571,21095730,30231496,21095730,51201452,72743108,51201452,117362387.333333,145531952,117362387.333333,29122398,39881792,29122398,49875108,71005140,49875108,71911692.8571429,92922484.5714286,71911692.8571429
178,"152","11","01","1521101","Peñascales, Los",Los Peñascales,Los Peñascales Núcleo,4686,"4686",16090.75,17608.5,16090.75,18461.25,19645.5,18461.25,23122.0833333333,23713.5,23122.0833333333,9518.75,12048.5,9518.75,14953.75,15974.5,14953.75,18341.5357142857,19488.2142857143,18341.5357142857,2151.25,3430,2151.25,2502.75,3966,2502.75,2232.5,2971,2232.5,1421.75,2261.5,1421.75,1741.75,2562,1741.75,2073.57142857143,3018.92857142857,2073.57142857143,14573,14573,22387,12830,17277,17277,22237,17054,,,,,,,,,,,,,25519,25519,25481,25462,25436,25436,25652,25633,16637,16637,19408,20645,6989,6989,6893,17204,13933,13933,15745,16204,870,875,3779,3081,1047,1032,4414,3518,,,,,,,,,,,,,1418,1935,2685,2909,1455,1884,2843,3067,1049,1223,2971,3351,562,602,1926,2597,889,954,2461,2663,75401254.5,82513431,75401254.5,86509417.5,92058813,86509417.5,108350082.5,111121461,108350082.5,44604862.5,56459271,44604862.5,70073272.5,74856507,70073272.5,85948436.3571429,91321772.1428571,85948436.3571429,10080757.5,16072980,10080757.5,11727886.5,18584676,11727886.5,10461495,13922106,10461495,6662320.5,10597389,6662320.5,8161840.5,12005532,8161840.5,9716755.71428571,14146699.2857143,9716755.71428571
179,"047","01","01","0470101",Collado Villalba,Collado Villalba,Collado Villalba Núcleo,18105,"18105",2320.75,2594.5,2320.75,3142.5,3324,3142.5,37988.0833333333,40718.5,37988.0833333333,764,737,764,3096.5,3278,3096.5,17612.5714285714,18869.8571428571,17612.5714285714,643.75,1016.5,643.75,609.75,797,609.75,2652.66666666667,3431.33333333333,2652.66666666667,348,586,348,582.75,759,582.75,1448.89285714286,1921.78571428571,1448.89285714286,2047,2047,3441,1748,2961,2961,3244,3404,,,,,,,,,,,,,38246,38246,37873,37843,38163,38163,38044,38014,29364,29364,58779,33758,791,791,737,737,2915,2915,3198,3358,271,271,1181,852,422,423,929,665,,,,,,,,,,,,,1825,2286,2398,2397,1830,2264,2556,2555,1430,1609,5427,5255,109,111,586,586,406,407,891,627,42017178.75,46973422.5,42017178.75,56894962.5,60181020,56894962.5,687774248.75,737208442.5,687774248.75,13832220,13343385,13832220,56062132.5,59348190,56062132.5,318875605.714286,341638763.571429,318875605.714286,11655093.75,18403732.5,11655093.75,11039523.75,14429685,11039523.75,48026530,62124290,48026530,6300540,10609530,6300540,10550688.75,13741695,10550688.75,26232205.1785714,34793930.3571429,26232205.1785714
180,"047","10","01","0471001",Cerca de Carrasquilla,Cerca de Carrasquilla,Cerca de Carrasquilla Núcleo,16,"16",4713.75,5821.5,4713.75,1264,979,1264,37710.1666666667,39504,37710.1666666667,2187.75,2274.5,2187.75,1218.5,934,1218.5,17502.0714285714,18360.1428571429,17502.0714285714,945.75,1410,945.75,549.25,820,549.25,2950.66666666667,3950.83333333333,2950.66666666667,698.25,1099.5,698.25,523.25,782,523.25,1652.64285714286,2280.57142857143,1652.64285714286,3606,3606,5938,5705,1549,1549,979,979,,,,,,,,,,,,,38905,38905,40800,40827,38822,38822,40971,40998,30022,30022,36482,36946,2101,2101,2970,1579,1503,1503,934,934,440,523,1578,1242,271,286,820,820,,,,,,,,,,,,,1855,2390,2964,3402,1881,2380,3122,3560,1490,1707,5342,5315,265,329,926,1273,256,273,782,782,75420,93144,75420,20224,15664,20224,603362.666666667,632064,603362.666666667,35004,36392,35004,19496,14944,19496,280033.142857143,293762.285714286,280033.142857143,15132,22560,15132,8788,13120,8788,47210.6666666667,63213.3333333333,47210.6666666667,11172,17592,11172,8372,12512,8372,26442.2857142857,36489.1428571429,26442.2857142857
181,"014","07","01","0140701","Villares, Los",Los Villares,Los Villares Núcleo,7643,"7643",3990.5,4405,3990.5,24480.75,26138.5,24480.75,28418.25,29167.5,28418.25,5750.5,6754,5750.5,2378.25,2720.5,2378.25,13003.65,13837.1,13003.65,1453.75,2446,1453.75,3031,4432.5,3031,2852.25,4285,2852.25,1240.25,1972,1240.25,978.25,1566.5,978.25,1911.1,2940.4,1911.1,3576,3576,4405,4405,22823,22823,26768,25509,,,,,,,,,,,,,27669,27669,29797,28538,,,,,,,,,4747,4747,6754,6754,2036,2036,2485,2956,459,464,2446,2446,1591,1668,4407,4458,,,,,,,,,,,,,1367,1472,4141,4429,,,,,,,,,519,498,1972,1972,399,381,967,2166,30499391.5,33667415,30499391.5,187106372.25,199776555.5,187106372.25,217200684.75,222927202.5,217200684.75,43951071.5,51620822,43951071.5,18176964.75,20792781.5,18176964.75,99386896.95,105756955.3,99386896.95,11111011.25,18694778,11111011.25,23165933,33877597.5,23165933,21799746.75,32750255,21799746.75,9479230.75,15071996,9479230.75,7476764.75,11972759.5,7476764.75,14606537.3,22473477.2,14606537.3
182,"018","01","01","0180101",Becerril de la Sierra,Becerril de la Sierra,Becerril de la Sierra Núcleo,5832,"5832",30579.25,39268.5,30579.25,10677.25,12215.5,10677.25,45147,46787.3333333333,45147,7009.5,7342,7009.5,10631.25,12169.5,10631.25,27762.6071428571,30193.9285714286,27762.6071428571,3536.75,5664.5,3536.75,1643.25,2468,1643.25,3525.66666666667,4629,3525.66666666667,1438,2226,1438,1615.75,2430,1615.75,2687.25,3810.78571428571,2687.25,21890,21890,29402,49135,9139,9139,14043,10388,,,,,,,,,,,,,46495,46495,46907,49509,46412,46412,47078,49680,37613,37613,42391,45159,6677,6677,7342,7342,9093,9093,13997,10342,1405,1413,4709,6620,809,828,3015,1921,,,,,,,,,,,,,2364,2809,3792,4166,2401,2787,3950,4324,2016,2157,5734,5808,649,651,2226,2226,793,810,2977,1883,178338186,229013892,178338186,62269722,71240796,62269722,263297304,272863728,263297304,40879404,42818544,40879404,62001450,70972524,62001450,161911524.857143,176090991.428571,161911524.857143,20626326,33035364,20626326,9583434,14393376,9583434,20561688,26996328,20561688,8386416,12982032,8386416,9423054,14171760,9423054,15672042,22224502.2857143,15672042
183,"018","02","01","0180201","Berrocal, El",El Berrocal,El Berrocal Núcleo,265,"265",23280.25,26767.5,23280.25,13026.5,14393,13026.5,50374.1666666667,51915.3333333333,50374.1666666667,22037,34932,22037,12981,14347,12981,31778.1785714286,35169.3571428571,31778.1785714286,2090,2941.5,2090,2048.75,2923,2048.75,3816.33333333333,4967.33333333333,3816.33333333333,2864.75,5067,2864.75,2021,2885,2021,2924.78571428571,4102.64285714286,2924.78571428571,19793,19793,26755,26780,11660,11660,14393,14393,,,,,,,,,,,,,51085,53295,49447,49416,51002,53212,49618,49587,42202,42202,68283,45141,9142,9142,34932,34932,11615,11615,14347,14347,1237,1240,2736,3147,1169,1180,2923,2923,,,,,,,,,,,,,2656,2958,4090,4090,2700,2960,4248,4248,2312,2406,6796,6332,663,662,5067,5067,1152,1162,2885,2885,6169266.25,7093387.5,6169266.25,3452022.5,3814145,3452022.5,13349154.1666667,13757563.3333333,13349154.1666667,5839805,9256980,5839805,3439965,3801955,3439965,8421217.32142857,9319879.64285714,8421217.32142857,553850,779497.5,553850,542918.75,774595,542918.75,1011328.33333333,1316343.33333333,1011328.33333333,759158.75,1342755,759158.75,535565,764525,535565,775068.214285714,1087200.35714286,775068.214285714
184,"134","08","01","1340801","Granjilla, La",La Granjilla,La Granjilla Núcleo,407,"407",6230.5,7109,6230.5,2357.25,2271.5,2357.25,17040,16125.5,17040,6053.5,5977,6053.5,5072,5086,5072,8965.54166666667,8782.41666666667,8965.54166666667,1412,2106.5,1412,749.25,1118.5,749.25,1854.5,2449,1854.5,1327.25,2113,1327.25,928,1179,928,1354.25,1902.5,1354.25,5352,5352,7109,7109,2443,2443,2269,2274,,,,,,,,,,,,,19119,19119,13318,15090,16790,16790,15283,20811,,,,,6130,6130,5977,5977,5058,5058,5086,5086,709,726,2109,2104,357,403,1344,893,,,,,,,,,,,,,1059,1270,2211,1753,1199,1512,2888,2944,,,,,491,592,2113,2113,647,707,1179,1179,2535813.5,2893363,2535813.5,959400.75,924500.5,959400.75,6935280,6563078.5,6935280,2463774.5,2432639,2463774.5,2064304,2070002,2064304,3648975.45833333,3574443.58333333,3648975.45833333,574684,857345.5,574684,304944.75,455229.5,304944.75,754781.5,996743,754781.5,540190.75,859991,540190.75,377696,479853,377696,551179.75,774317.5,551179.75
185,"007","01","01","0070101",Alcorcón,Alcorcón,Alcorcón Núcleo,170478,"170478",3333,2906,3333,7009.875,8088.25,7009.875,,,,2250.25,2204.5,2250.25,2678.5,2211,2678.5,5185.89285714286,5667.78571428571,5185.89285714286,1015.5,1366,1015.5,1395.5,2058,1395.5,,,,898.5,1397,898.5,1084,1625,1084,1225.71428571429,1802.85714285714,1225.71428571429,3760,3760,2859,2953,6331,6331,8775,8775,1971,1971,2217,2217,6014,6014,6207,6079,9410,9410,15218,15218,,,,,,,,,,,,,2296,2296,1858,2551,3146,3146,2211,2211,678,652,1381,1351,1039,1014,2351,2291,356,356,898,898,796,781,2071,2441,755,767,2787,2727,,,,,,,,,,,,,409,391,1498,1296,553,533,1625,1625,568203174,495409068,568203174,1195029470.25,1378868683.5,1195029470.25,,,,383618119.5,375818751,383618119.5,456625323,376926858,456625323,884080642.5,966232773,884080642.5,173120409,232872948,173120409,237902049,350843724,237902049,,,,153174483,238157766,153174483,184798152,277026750,184798152,208957320,307347480,208957320
186,"007","02","01","0070201",Campodón,Campodón,Campodón Núcleo,1017,"1017",8871.75,11582.5,8871.75,10162.1875,13415.375,10162.1875,,,,5648,6596,5648,6051,6697,6051,8745.64285714286,11219.5714285714,8745.64285714286,1787,2857.5,1787,1656.5,2636.25,1656.5,,,,1160,1897.5,1160,1274.75,1978.5,1274.75,1549.67857142857,2468.35714285714,1549.67857142857,6161,6161,11427,11738,7364,7364,14173,14936,5604,5604,6664,6664,4346,4346,11597,12057,10322,10322,20616,20616,,,,,,,,,,,,,4700,4700,7240,5952,5405,5405,6697,6697,721,712,2552,3163,937,937,2769,3473,595,618,1215,1355,513,528,2965,2831,628,658,3205,3277,,,,,,,,,,,,,411,434,1962,1833,573,569,1922,2035,9022569.75,11779402.5,9022569.75,10334944.6875,13643436.375,10334944.6875,,,,5744016,6708132,5744016,6153867,6810849,6153867,8894318.78571429,11410304.1428571,8894318.78571429,1817379,2906077.5,1817379,1684660.5,2681066.25,1684660.5,,,,1179720,1929757.5,1179720,1296420.75,2012134.5,1296420.75,1576023.10714286,2510319.21428571,1576023.10714286
187,"082","02","01","0820201","Ponderosa de la Sierra, La",La Ponderosa de la Sierra,La Ponderosa de la Sierra Núcleo,576,"576",23694.25,27261.5,23694.25,59418,66458,59418,47060.375,48865.75,47060.375,22451,35426,22451,25331.75,28334.5,25331.75,37502.625,42535.25,37502.625,2338.25,3438.5,2338.25,4744.25,6922.5,4744.25,3497.625,4644.75,3497.625,3116,5564,3116,2433.25,3649,2433.25,3271.16666666667,4810.58333333333,3271.16666666667,20127,20127,27249,27274,52378,52378,62005,70911,,,,,,,,,,,,,45514,45514,46013,52867,44996,44996,44865,51718,,,,,9476,9476,35426,35426,22329,22329,28322,28347,1239,1237,3233,3644,2476,2656,7077,6768,,,,,,,,,,,,,2153,2342,4732,4515,2428,2479,4772,4560,,,,,672,664,5564,5564,1216,1219,3444,3854,13647888,15702624,13647888,34224768,38279808,34224768,27106776,28146672,27106776,12931776,20405376,12931776,14591088,16320672,14591088,21601512,24500304,21601512,1346832,1980576,1346832,2732688,3987360,2732688,2014632,2675376,2014632,1794816,3204864,1794816,1401552,2101824,1401552,1884192,2770896,1884192
188,"082","01","01","0820101",Manzanares el Real,Manzanares el Real,Manzanares el Real Núcleo,8934,"8934",16531.75,17805.5,16531.75,53546.5,59346,53546.5,40835,41046,40835,28000.5,38403,28000.5,18288.5,18879,18288.5,33006.2083333333,36087.5833333333,33006.2083333333,1759,2480.5,1759,4311.5,6200.5,4311.5,3045.875,3924.5,3045.875,4003.5,6803.5,4003.5,1872,2691,1872,3006.29166666667,4337.41666666667,3006.29166666667,15258,15258,16010,19601,47747,47747,59019,59673,,,,,,,,,,,,,40883,40883,41616,41628,40365,40365,40461,40479,,,,,17598,17598,38403,38403,17698,17698,17083,20675,1046,1029,2134,2827,2336,2509,6556,5845,,,,,,,,,,,,,1984,2139,4222,3592,2255,2291,4247,3637,,,,,1222,1185,7625,5982,1061,1045,2345,3037,147694654.5,159074337,147694654.5,478384431,530197164,478384431,364819890,366704964,364819890,250156467,343092402,250156467,163389459,168664986,163389459,294877465.25,322406469.5,294877465.25,15714906,22160787,15714906,38518941,55395267,38518941,27211847.25,35061483,27211847.25,35767269,60782469,35767269,16724448,24041394,16724448,26858209.75,38750480.5,26858209.75
189,"054","04","01","0540401","Escorial, El",El Escorial,El Escorial Núcleo,9200,"9200",3833,4670,3833,21969,20670,21969,43800.5,40275.3333333333,43800.5,1435,1051,1435,2816.25,3708.5,2816.25,23064.9642857143,21560.7857142857,23064.9642857143,1082.5,1768,1082.5,2244.25,2835.5,2244.25,3351.75,4155.5,3351.75,541.75,803,541.75,772.5,1167.5,772.5,2099.46428571429,2720.07142857143,2099.46428571429,2996,2996,5858,3482,23268,23268,24072,17268,,,,,,,,,,,,,53854,53854,43248,43248,53771,53771,43405,43405,34352,34352,32749,35597,1819,1819,1051,1051,1924,1924,5023,2394,398,396,1854,1682,1674,1632,3329,2342,,,,,,,,,,,,,2607,2969,4302,3976,2650,2959,4457,4131,2009,2094,3934,4133,279,282,803,803,394,361,1259,1076,35263600,42964000,35263600,202114800,190164000,202114800,402964600,370533066.666667,402964600,13202000,9669200,13202000,25909500,34118200,25909500,212197671.428571,198359228.571429,212197671.428571,9959000,16265600,9959000,20647100,26086600,20647100,30836100,38230600,30836100,4984100,7387600,4984100,7107000,10741000,7107000,19315071.4285714,25024657.1428571,19315071.4285714
190,"054","04","02","0540402",Soto Mora,Soto Mora,Soto Mora Núcleo,1167,"1167",1458,783,1458,21612.25,20765.5,21612.25,47147.9166666667,47045.1666666667,47147.9166666667,3335.5,3043,3335.5,2527.5,2337,2527.5,24339.5714285714,24009.1428571429,24339.5714285714,539.75,805,539.75,2549,3557.5,2549,3352,4197.16666666667,3352,787,1196,787,703,973,703,2090.67857142857,2731.85714285714,2090.67857142857,2133,2133,783,783,22459,22459,22046,19485,,,,,,,,,,,,,53044,53044,52471,52424,52961,52961,52628,52581,35747,35747,34660,37507,3628,3628,3043,3043,2718,2718,2337,2337,276,273,805,805,1546,1535,3673,3442,,,,,,,,,,,,,2514,2880,3710,4439,2571,2864,3865,4594,2076,2136,4193,4382,379,377,1127,1265,451,415,967,979,1701486,913761,1701486,25221495.75,24233338.5,25221495.75,55021618.75,54901709.5,55021618.75,3892528.5,3551181,3892528.5,2949592.5,2727279,2949592.5,28404279.8571429,28018669.7142857,28404279.8571429,629888.25,939435,629888.25,2974683,4151602.5,2974683,3911784,4898093.5,3911784,918429,1395732,918429,820401,1135491,820401,2439821.89285714,3188077.28571429,2439821.89285714
191,"054","06","01","0540601",Navalquejigo,Navalquejigo,Navalquejigo Núcleo,5916,"5916",14488.25,14096.5,14488.25,10929,12624,10929,41316.1666666667,40661,41316.1666666667,7469.5,7575,7469.5,10883.5,12578,10883.5,23959.8214285714,24122.3571428571,23959.8214285714,2176,3153.5,2176,2088.75,2993.5,2088.75,3636.5,4969.16666666667,3636.5,1929.75,2912,1929.75,2060.5,2955.5,2060.5,2737.78571428571,3846,2737.78571428571,14880,14880,15731,12462,9234,9234,16026,9222,,,,,,,,,,,,,44960,44960,40875,43946,44877,44877,44042,44042,36077,36077,34953,36108,7364,7364,7575,7575,9189,9189,15980,9176,1199,1198,2552,3755,1195,1173,3487,2500,,,,,,,,,,,,,2247,2670,4595,4831,2312,2665,4948,4948,1916,2013,5438,5055,959,936,2912,2912,1177,1154,3449,2462,85712487,83394894,85712487,64655964,74683584,64655964,244426442,240550476,244426442,44189562,44813700,44189562,64386786,74411448,64386786,141746303.571429,142707864.857143,141746303.571429,12873216,18656106,12873216,12357045,17709546,12357045,21513534,29397590,21513534,11416401,17227392,11416401,12189918,17484738,12189918,16196740.2857143,22752936,16196740.2857143
192,"054","07","01","0540701",Peralejo,Peralejo,Peralejo Núcleo,185,"185",11769,13282,11769,31182.5,31836,31182.5,46638,51624.6666666667,46638,7168.5,8122,7168.5,11942.5,14839,11942.5,28853.7857142857,31850.4285714286,28853.7857142857,1769,2622,1769,4013.75,5872.5,4013.75,4139.25,5764.16666666667,4139.25,1128.5,1746,1128.5,1947,2914,1947,3039.42857142857,4349.57142857143,3039.42857142857,10256,10256,13282,13282,30529,30529,32095,31577,,,,,,,,,,,,,47368,47368,62011,50267,47285,47285,61814,50424,30301,30301,42616,42616,6215,6215,8122,8122,9046,9046,14839,14839,922,910,2622,2622,2169,2141,6868,4877,,,,,,,,,,,,,2538,3200,5317,5781,2548,3229,5500,5936,1742,1829,6222,5829,505,517,1746,1746,1010,950,2914,2914,2177265,2457170,2177265,5768762.5,5889660,5768762.5,8628030,9550563.33333333,8628030,1326172.5,1502570,1326172.5,2209362.5,2745215,2209362.5,5337950.35714286,5892329.28571429,5337950.35714286,327265,485070,327265,742543.75,1086412.5,742543.75,765761.25,1066370.83333333,765761.25,208772.5,323010,208772.5,360195,539090,360195,562294.285714286,804670.714285714,562294.285714286
193,"102","01","01","1020101",Orusco,Orusco,Orusco Núcleo,1426,"1426",25374,27861,25374,55071.25,56887.5,55071.25,53646.5,57413,53646.5,30931.5,33492,30931.5,25982.5,28210,25982.5,38201.15,40772.7,38201.15,3073.5,4600,3073.5,5419,8005,5419,5256,7927,5256,3527,5267.5,3527,3101,4477,3101,4075.3,6055.3,4075.3,22887,22887,27861,27861,53255,53255,60407,53368,,,,,,,,,,,,,49880,49880,58429,56397,,,,,,,,,28371,28371,33200,33784,23755,23755,28210,28210,1552,1542,4600,4600,2811,2855,7754,8256,,,,,,,,,,,,,2547,2623,7669,8185,,,,,,,,,1774,1799,4910,5625,1734,1716,4477,4477,36183324,39729786,36183324,78531602.5,81121575,78531602.5,76499909,81870938,76499909,44108319,47759592,44108319,37051045,40227460,37051045,54474839.9,58141870.2,54474839.9,4382811,6559600,4382811,7727494,11415130,7727494,7495056,11303902,7495056,5029502,7511455,5029502,4422026,6384202,4422026,5811377.8,8634857.8,5811377.8
194,"047","11","01","0471101",Dominio de Fontenebro - Mirador de la Sierra,Dominio de Fontenebro - Mirador de la Sierra,Dominio de Fontenebro - Mirador de la Sierra Núcleo,3466,"3466",6861.25,8303.5,6861.25,4793,4947,4793,40318.3333333333,42355,40318.3333333333,5565,6665,5565,4747,4901,4747,20417.3214285714,21697.3571428571,20417.3214285714,1352.25,2072.5,1352.25,1170.75,1777.5,1170.75,3422.75,4653.5,3422.75,1279,2047,1279,1143.5,1739.5,1143.5,2173.39285714286,3085.28571428571,2173.39285714286,5419,5419,5360,11247,4639,4639,4914,4980,,,,,,,,,,,,,41270,41270,41252,45669,41187,41187,41423,45840,32388,32388,37000,42946,4465,4465,4689,8641,4593,4593,4868,4934,618,646,1576,2569,555,573,2176,1379,,,,,,,,,,,,,2158,2552,3414,4287,2180,2537,3572,4445,1806,1919,5956,6247,498,524,1743,2351,539,556,2138,1341,23781092.5,28779931,23781092.5,16612538,17146302,16612538,139743343.333333,146802430,139743343.333333,19288290,23100890,19288290,16453102,16986866,16453102,70766436.0714286,75203039.8571429,70766436.0714286,4686898.5,7183285,4686898.5,4057819.5,6160815,4057819.5,11863251.5,16129031,11863251.5,4433014,7094902,4433014,3963371,6029107,3963371,7532979.64285714,10693600.2857143,7532979.64285714
195,"048","01","01","0480101",Corpa,Corpa,Corpa Núcleo,794,"794",15591.5,15246,15591.5,24624,24044,24624,,,,22763.5,21850,22763.5,16622,16609,16622,20845,20358.6,20845,2393.5,3542,2393.5,3440.5,5389,3440.5,,,,3713.25,6121,3713.25,2654.25,3981,2654.25,3128.4,4884.4,3128.4,15937,15937,15246,15246,28045,28045,21232,21232,22363,22363,26856,26856,,,,,,,,,,,,,,,,,,,,,23677,23677,21850,21850,16635,16635,16609,16609,1230,1260,3542,3542,1559,1595,5057,5057,1398,1416,5721,5721,,,,,,,,,,,,,,,,,,,,,1304,1307,6121,6121,1307,1348,3981,3981,12379651,12105324,12379651,19551456,19090936,19551456,,,,18074219,17348900,18074219,13197868,13187546,13197868,16550930,16164728.4,16550930,1900439,2812348,1900439,2731757,4278866,2731757,,,,2948320.5,4860074,2948320.5,2107474.5,3160914,2107474.5,2483949.6,3878213.6,2483949.6
196,"110","01","01","1100101",Perales de Tajuña,Perales de Tajuña,Perales de Tajuña Núcleo,2806,"2806",10903,11206,10903,34903.25,34597.5,34903.25,40856.5,42143,40856.5,17306,16547,17306,11632,11919,11632,23120.15,23282.5,23120.15,1035.25,1361,1035.25,3065,4285,3065,3207,4595.5,3207,1337.5,1829,1337.5,955.5,1033,955.5,1920.05,2620.7,1920.05,10600,10600,11163,11249,35209,35209,34596,34599,,,,,,,,,,,,,39570,39570,44542,39744,,,,,,,,,18065,18065,16547,16547,11345,11345,11919,11919,719,700,1473,1249,1791,1899,4632,3938,,,,,,,,,,,,,1761,1876,4654,4537,,,,,,,,,845,847,1812,1846,887,869,1033,1033,30593818,31444036,30593818,97938519.5,97080585,97938519.5,114643339,118253258,114643339,48560636,46430882,48560636,32639392,33444714,32639392,64875140.9,65330695,64875140.9,2904911.5,3818966,2904911.5,8600390,12023710,8600390,8998842,12894973,8998842,3753025,5132174,3753025,2681133,2898598,2681133,5387660.3,7353684.2,5387660.3
197,"110","03","01","1100301",Prado de Arriba,Prado de Arriba,Prado de Arriba Núcleo,53,"53",11185,11780,11185,35185.25,35171.5,35185.25,41647,43735,41647,17588,17121,17588,11823.75,12312.5,11823.75,23485.8,24024,23485.8,1496.75,2272.5,1496.75,3520,5174.5,3520,3588,5357.5,3588,1816.25,2775,1816.25,1452.25,2015.5,1452.25,2374.65,3519,2374.65,10590,10590,11737,11823,35199,35199,35170,35173,,,,,,,,,,,,,39559,39559,45116,42354,,,,,,,,,18055,18055,17121,17121,11335,11335,12493,12132,725,717,2420,2125,1807,1924,5579,4770,,,,,,,,,,,,,1754,1883,5601,5114,,,,,,,,,850,865,2759,2791,897,881,1994,2037,592805,624340,592805,1864818.25,1864089.5,1864818.25,2207291,2317955,2207291,932164,907413,932164,626658.75,652562.5,626658.75,1244747.4,1273272,1244747.4,79327.75,120442.5,79327.75,186560,274248.5,186560,190164,283947.5,190164,96261.25,147075,96261.25,76969.25,106821.5,76969.25,125856.45,186507,125856.45
198,"110","04","01","1100401",Valdeperales,Valdeperales,Valdeperales Núcleo,208,"208",15366,14780,15366,39119.25,37677.5,39119.25,46519,48116,46519,21769,20121,21769,16155.5,15614,16155.5,27785.75,27261.7,27785.75,2475.5,3677,2475.5,4498,6608,4498,4516.5,6646,4516.5,2755.25,4100.5,2755.25,2548.5,3651.5,2548.5,3358.75,4936.6,3358.75,15952,15952,14823,14737,40561,40561,37676,37679,,,,,,,,,,,,,44922,44922,48116,48116,,,,,,,,,23417,23417,20121,20121,16697,16697,15132,16096,1290,1258,3587,3767,2367,2409,6902,6314,,,,,,,,,,,,,2342,2432,6995,6297,,,,,,,,,1420,1400,4083,4118,1467,1424,3439,3864,3196128,3074240,3196128,8136804,7836920,8136804,9675952,10008128,9675952,4527952,4185168,4527952,3360344,3247712,3360344,5779436,5670433.6,5779436,514904,764816,514904,935584,1374464,935584,939432,1382368,939432,573092,852904,573092,530088,759512,530088,698620,1026812.8,698620
199,"054","08","01","0540801",Pinosol,Pinosol,Pinosol Núcleo,447,"447",8851,10418,8851,28263.75,28971.5,28263.75,45454.5,48760,45454.5,3631.5,4020,3631.5,9024.5,11975,9024.5,26590.6071428571,28809.2142857143,26590.6071428571,1519.25,2357,1519.25,3766.75,5607.5,3766.75,3975.16666666667,5499.16666666667,3975.16666666667,1066.5,1841,1066.5,1699.5,2649,1699.5,2853.92857142857,4136,2853.92857142857,7284,7284,10418,10418,27556,27556,29230,28713,,,,,,,,,,,,,47638,48321,59147,47402,47555,48238,58950,47559,30571,30571,39751,39751,3243,3243,5257,2783,6074,6074,11975,11975,690,673,2357,2357,1941,1911,6603,4612,,,,,,,,,,,,,2501,3097,5052,5516,2521,3082,5235,5671,1701,1805,5957,5564,289,295,1481,2201,779,721,2649,2649,3956397,4656846,3956397,12633896.25,12950260.5,12633896.25,20318161.5,21795720,20318161.5,1623280.5,1796940,1623280.5,4033951.5,5352825,4033951.5,11886001.3928571,12877718.7857143,11886001.3928571,679104.75,1053579,679104.75,1683737.25,2506552.5,1683737.25,1776899.5,2458127.5,1776899.5,476725.5,822927,476725.5,759676.5,1184103,759676.5,1275706.07142857,1848792,1275706.07142857
200,"152","14","01","1521401",Torrelodones,Torrelodones,Torrelodones Núcleo,8565,"8565",10690.5,10315,10690.5,16300.25,18830.5,16300.25,24448.4166666667,24973.1666666667,24448.4166666667,9965.25,11548.5,9965.25,16254.25,18784.5,16254.25,18079.3571428571,19199.7142857143,18079.3571428571,1398,1981,1398,2237,3498.5,2237,2055.16666666667,2618.33333333333,2055.16666666667,1400.75,2225.5,1400.75,2210,3460.5,2210,1915.89285714286,2717.21428571429,1915.89285714286,11066,11066,10315,10315,13770,13770,21570,16091,,,,,,,,,,,,,26912,26912,26903,26694,26829,26829,27074,26865,18030,18030,21861,20442,8382,8382,8396,14701,13724,13724,21524,16045,818,812,1981,1981,989,962,3842,3155,,,,,,,,,,,,,1405,1929,2378,2186,1450,1909,2536,2344,1041,1218,3230,3036,555,597,2029,2422,973,946,3804,3117,91564132.5,88347975,91564132.5,139611641.25,161283232.5,139611641.25,209400688.75,213895172.5,209400688.75,85352366.25,98912902.5,85352366.25,139217651.25,160889242.5,139217651.25,154849693.928571,164445552.857143,154849693.928571,11973870,16967265,11973870,19159905,29964652.5,19159905,17602502.5,22426025,17602502.5,11997423.75,19061407.5,11997423.75,18928650,29639182.5,18928650,16409622.3214286,23272940.3571429,16409622.3214286
201,"023","11","01","0231101",San Muriel,San Muriel,San Muriel Núcleo,82,"82",19179,21658,19179,56968,64985,56968,44256.375,46685.25,44256.375,23838.25,37146.5,23838.25,20818.5,22735,20818.5,34886.0833333333,39982.5,34886.0833333333,1711.5,2426.5,1711.5,4279,6199.5,4279,3008.125,3923.5,3008.125,2944.75,5136.5,2944.75,1809.25,2637,1809.25,2793.45833333333,4041.08333333333,2793.45833333333,16700,16700,21650,21666,48951,48951,64658,65312,,,,,,,,,,,,,42087,42087,47255,47267,41568,41568,46100,46119,,,,,10530,10530,42457,31836,18902,18902,22723,22747,993,1000,2181,2672,2253,2464,6603,5796,,,,,,,,,,,,,1897,2081,4269,3543,2165,2228,4294,3588,,,,,757,749,5525,4748,976,987,2392,2882,1572678,1775956,1572678,4671376,5328770,4671376,3629022.75,3828190.5,3629022.75,1954736.5,3046013,1954736.5,1707117,1864270,1707117,2860658.83333333,3278565,2860658.83333333,140343,198973,140343,350878,508359,350878,246666.25,321727,246666.25,241469.5,421193,241469.5,148358.5,216234,148358.5,229063.583333333,331368.833333333,229063.583333333
202,"152","15","01","1521501","Bomberos, Los",Los Bomberos,Los Bomberos Núcleo,1261,"1261",10929.5,10691,10929.5,15402.25,16932.5,15402.25,24157.3333333333,25059.6666666667,24157.3333333333,11412,15111,11412,15356.75,16886.5,15356.75,17938.9285714286,19257.1428571429,17938.9285714286,1505.75,2203,1505.75,2338.25,3708,2338.25,2079,2751,2079,1404.75,2333,1404.75,2311.75,3670,2311.75,1971.07142857143,2881,1971.07142857143,11168,11168,10646,10736,13872,13872,17353,16512,,,,,,,,,,,,,26243,26243,27053,27034,26161,26161,27224,27205,17361,17361,20996,20846,7713,7713,15111,15111,13827,13827,17307,16466,818,799,2226,2180,984,953,4062,3354,,,,,,,,,,,,,1316,1863,2512,2512,1354,1844,2670,2670,946,1119,3227,2915,462,491,2303,2363,971,936,4024,3316,13782099.5,13481351,13782099.5,19422237.25,21351882.5,19422237.25,30462397.3333333,31600239.6666667,30462397.3333333,14390532,19054971,14390532,19364861.75,21293876.5,19364861.75,22620988.9285714,24283257.1428571,22620988.9285714,1898750.75,2777983,1898750.75,2948533.25,4675788,2948533.25,2621619,3469011,2621619,1771389.75,2941913,1771389.75,2915116.75,4627870,2915116.75,2485521.07142857,3632941,2485521.07142857
203,"062","06","01","0620601","Verdugal, El",El Verdugal,El Verdugal Núcleo,21,"21",53626.75,63873.5,53626.75,67811,70032,67811,75072.875,69327.25,75072.875,15374.5,13121,15374.5,71229.5,95140,71229.5,59697.9166666667,63470.1666666667,59697.9166666667,5992.25,9776,5992.25,5251.25,7514,5251.25,5490.875,7309.25,5490.875,1538.75,1933,1538.75,6450.25,9742,6450.25,5035.70833333333,7263.91666666667,5035.70833333333,43380,43380,29398,98349,65590,65590,76580,63484,,,,,,,,,,,,,81983,81983,62156,74534,79654,79654,64120,76499,,,,,17628,17628,13121,13121,47319,47319,90515,99765,2237,2180,10112,9440,2972,3005,8623,6405,,,,,,,,,,,,,3509,3669,6673,7272,3649,3863,7343,7949,,,,,1154,1135,1933,1933,3187,3130,9454,10030,1126161.75,1341343.5,1126161.75,1424031,1470672,1424031,1576530.375,1455872.25,1576530.375,322864.5,275541,322864.5,1495819.5,1997940,1495819.5,1253656.25,1332873.5,1253656.25,125837.25,205296,125837.25,110276.25,157794,110276.25,115308.375,153494.25,115308.375,32313.75,40593,32313.75,135455.25,204582,135455.25,105749.875,152542.25,105749.875
204,"008","01","01","0080101",Aldea del Fresno,Aldea del Fresno,Aldea del Fresno Núcleo,2587,"2587",19335,19118,19335,37575.0625,38206.875,37575.0625,,,,8036,1603,8036,18831,18095,18831,28071.75,27377.6428571429,28071.75,1783,2345,1783,2821.625,3630.75,2821.625,,,,563.5,355.5,563.5,1596.5,1939,1596.5,2175.64285714286,2737.5,2175.64285714286,19552,19552,19316,18920,31915,31915,32962,32962,37891,37891,39734,38646,35344,35344,37263,37582,42995,42251,43253,43253,,,,,,,,,,,,,14469,14469,1603,1603,19567,19567,18095,18095,1238,1204,2087,2603,1854,1857,2817,2904,2124,2109,3645,4008,1921,1919,3422,3416,2206,2110,4402,4432,,,,,,,,,,,,,772,771,354,357,1269,1239,1909,1969,50019645,49458266,50019645,97206686.6875,98841185.625,97206686.6875,,,,20789132,4146961,20789132,48715797,46811765,48715797,72621617.25,70825962.0714286,72621617.25,4612621,6066515,4612621,7299543.875,9392750.25,7299543.875,,,,1457774.5,919678.5,1457774.5,4130145.5,5016193,4130145.5,5628388.07142857,7081912.5,5628388.07142857
205,"008","01","02","0080102","Monteros, Los",Los Monteros,Los Monteros Núcleo,238,"238",19969,18771,19969,38204.0625,37849.5,38204.0625,,,,8691,1298,8691,19529,17876,19529,28715.0357142857,27049,28715.0357142857,2342.25,3302.5,2342.25,3199.0625,4218.125,3199.0625,,,,976.75,1012,976.75,1964.5,2508.5,1964.5,2582.82142857143,3385.07142857143,2582.82142857143,21167,21167,18701,18841,33530,33530,32742,32742,39507,39507,38427,38427,36959,36959,37195,37195,44611,43866,43034,43034,,,,,,,,,,,,,16084,16084,1298,1298,21182,21182,17876,17876,1405,1359,3236,3369,2030,2007,3527,3144,2293,2278,4915,4533,2095,2077,4134,3729,2377,2283,5114,4649,,,,,,,,,,,,,949,934,1012,1012,1441,1400,2602,2415,4752622,4467498,4752622,9092566.875,9008181,9092566.875,,,,2068458,308924,2068458,4647902,4254488,4647902,6834178.5,6437662,6834178.5,557455.5,785995,557455.5,761376.875,1003913.75,761376.875,,,,232466.5,240856,232466.5,467551,597023,467551,614711.5,805647,614711.5
206,"155","01","01","1550101",Valdaracete,Valdaracete,Valdaracete Núcleo,613,"613",31516.25,31372.5,31516.25,57420.5,59352,57420.5,60389,60929,60389,37534.5,36724,37534.5,32305.5,32206,32305.5,43833.15,44116.7,43833.15,2618.25,3487,2618.25,4786.75,6735,4786.75,4690,6548.5,4690,3031.75,4221,3031.75,2721.25,3516.5,2721.25,3569.6,4901.6,3569.6,31660,31660,31415,31330,55489,55489,63941,54763,,,,,,,,,,,,,59849,59849,59911,61947,,,,,,,,,38345,38345,36734,36714,32405,32405,31724,32688,1784,1715,4147,2827,2853,2824,7987,5483,,,,,,,,,,,,,2832,2831,7819,5278,,,,,,,,,1864,1821,5143,3299,1957,1895,4103,2930,19319461.25,19231342.5,19319461.25,35198766.5,36382776,35198766.5,37018457,37349477,37018457,23008648.5,22511812,23008648.5,19803271.5,19742278,19803271.5,26869720.95,27043537.1,26869720.95,1604987.25,2137531,1604987.25,2934277.75,4128555,2934277.75,2874970,4014230.5,2874970,1858462.75,2587473,1858462.75,1668126.25,2155614.5,1668126.25,2188164.8,3004680.8,2188164.8
207,"028","09","01","0280901","Pedregal, El",El Pedregal,El Pedregal Núcleo,253,"253",48262.75,73643.5,48262.75,52273.25,59233.5,52273.25,58169,55797.5,58169,21738.25,22549.5,21738.25,34504.5,31842,34504.5,45519.4583333333,49810.5833333333,45519.4583333333,5599.25,9640.5,5599.25,4918,7434.5,4918,4389.375,5711.5,4389.375,2687.25,4092.5,2687.25,3031,3865,3031,4169.04166666667,6075.91666666667,4169.04166666667,22882,22882,111367,35920,45313,45313,73778,44689,,,,,,,,,,,,,61705,61705,56375,56375,59376,59376,55220,55220,,,,,20927,20927,19857,25242,37167,37167,31842,31842,1608,1508,12049,7232,2416,2387,8032,6837,,,,,,,,,,,,,2923,3084,5698,5698,3062,3200,5725,5725,,,,,1305,1259,4620,3565,2268,2126,3865,3865,12210475.75,18631805.5,12210475.75,13225132.25,14986075.5,13225132.25,14716757,14116767.5,14716757,5499777.25,5705023.5,5499777.25,8729638.5,8056026,8729638.5,11516422.9583333,12602077.5833333,11516422.9583333,1416610.25,2439046.5,1416610.25,1244254,1880928.5,1244254,1110511.875,1445009.5,1110511.875,679874.25,1035402.5,679874.25,766843,977845,766843,1054767.54166667,1537206.91666667,1054767.54166667
208,"028","13","01","0281301",Cuesta Eusebia,Cuesta Eusebia,Cuesta Eusebia Núcleo,55,"55",46171.5,71805,46171.5,51088.75,59209.5,51088.75,57037.375,55879.25,57037.375,22412.75,22140.5,22412.75,33632.75,32443.5,33632.75,44563.4166666667,49559.5,44563.4166666667,5503,9679,5503,4920.75,7683,4920.75,4635.625,6439,4635.625,2714.5,4183.5,2714.5,2955.25,3959,2955.25,4227.45833333333,6397.08333333333,4227.45833333333,20538,20538,108099,35511,42968,42968,74139,44280,,,,,,,,,,,,,59360,59360,56736,55139,57031,57031,55581,56061,,,,,22685,22685,19448,24833,34822,34822,32203,32684,1345,1309,12033,7325,2137,2180,8436,6930,,,,,,,,,,,,,2643,2861,6102,7797,2807,3018,6129,5728,,,,,1276,1215,4709,3658,1985,1918,4269,3649,2539432.5,3949275,2539432.5,2809881.25,3256522.5,2809881.25,3137055.625,3073358.75,3137055.625,1232701.25,1217727.5,1232701.25,1849801.25,1784392.5,1849801.25,2450987.91666667,2725772.5,2450987.91666667,302665,532345,302665,270641.25,422565,270641.25,254959.375,354145,254959.375,149297.5,230092.5,149297.5,162538.75,217745,162538.75,232510.208333333,351839.583333333,232510.208333333
209,"028","13","02","0281302","Pesquera, La",La Pesquera,La Pesquera Núcleo,36,"36",25623.5,29033,25623.5,52429,57709,52429,59182,55986.5,59182,20373.25,21186.5,20373.25,35453,32825,35453,42040.4583333333,42121.0833333333,42040.4583333333,3625,5694,3625,4566,6882.5,4566,4305.125,5677,4305.125,2441.75,3701.5,2441.75,2717.5,3175,2717.5,3660.08333333333,5134.5,3660.08333333333,22214,22214,23509,34557,47149,47149,72092,43326,,,,,,,,,,,,,63542,63542,57357,54185,61213,61213,56202,56202,,,,,19560,19560,18494,23879,38081,38081,32825,32825,1577,1535,4542,6846,2220,2279,7314,6451,,,,,,,,,,,,,2735,2967,5015,7318,2905,3126,5037,5338,,,,,1194,1170,4224,3179,2324,2196,3091,3259,922446,1045188,922446,1887444,2077524,1887444,2130552,2015514,2130552,733437,762714,733437,1276308,1181700,1276308,1513456.5,1516359,1513456.5,130500,204984,130500,164376,247770,164376,154984.5,204372,154984.5,87903,133254,87903,97830,114300,97830,131763,184842,131763
210,"063","01","01","0630101",Gargantilla del Lozoya,Gargantilla del Lozoya,Gargantilla del Lozoya Núcleo,226,"226",57937.75,77685.5,57937.75,72122,83844,72122,79383.375,83139.25,79383.375,19672.5,26908,19672.5,84826.5,108952,84826.5,65554.25,77278,65554.25,6203.75,10623.5,6203.75,5488,8361.5,5488,5711.5,8156.75,5711.5,1872.25,3033,1872.25,6670,10589.5,6670,5276.16666666667,8153.5,5276.16666666667,38190,38190,43212,112159,60400,60400,90394,77294,,,,,,,,,,,,,76792,76792,75970,88344,74463,74463,77934,90309,,,,,12437,12437,26884,26932,60701,60701,104329,113575,1806,1762,10809,10438,2599,2630,9320,7403,,,,,,,,,,,,,3106,3307,7370,8270,3242,3410,8040,8947,,,,,716,707,3135,2931,2751,2750,10151,11028,13093931.5,17556923,13093931.5,16299572,18948744,16299572,17940642.75,18789470.5,17940642.75,4445985,6081208,4445985,19170789,24623152,19170789,14815260.5,17464828,14815260.5,1402047.5,2400911,1402047.5,1240288,1889699,1240288,1290799,1843425.5,1290799,423128.5,685458,423128.5,1507420,2393227,1507420,1192413.66666667,1842691,1192413.66666667
211,"063","02","01","0630201",Pinilla de Buitrago,Pinilla de Buitrago,Pinilla de Buitrago Núcleo,101,"101",61929.75,80774.5,61929.75,76114,86933,76114,83375.375,86228.25,83375.375,23664,29996,23664,88818.5,112041,88818.5,69546.1666666667,80366.8333333333,69546.1666666667,6449.75,10823.5,6449.75,5727.25,8561.5,5727.25,5961.625,8356.75,5961.625,2125.5,3233,2125.5,6923.75,10789.5,6923.75,5524.91666666667,8353.5,5524.91666666667,43085,43085,46301,115248,65295,65295,93483,80383,,,,,,,,,,,,,81687,81687,79059,91433,79358,79358,81023,93398,,,,,17332,17332,29972,30020,65596,65596,107418,116664,2096,2056,11009,10638,2873,2913,9520,7603,,,,,,,,,,,,,3397,3590,7570,8470,3547,3732,8240,9147,,,,,1029,1007,3335,3131,3062,3054,10351,11228,6254904.75,8158224.5,6254904.75,7687514,8780233,7687514,8420912.875,8709053.25,8420912.875,2390064,3029596,2390064,8970668.5,11316141,8970668.5,7024162.83333333,8117050.16666667,7024162.83333333,651424.75,1093173.5,651424.75,578452.25,864711.5,578452.25,602124.125,844031.75,602124.125,214675.5,326533,214675.5,699298.75,1089739.5,699298.75,558016.583333333,843703.5,558016.583333333
212,"152","16","01","1521601",Los Prados,Los Prados,Los Prados Núcleo,2503,"2503",11851.25,11714.5,11851.25,15397.5,16103,15397.5,23733.6666666667,24342,23733.6666666667,7511,7439,7511,15405.5,16283,15405.5,17338.0357142857,17795.0714285714,17338.0357142857,1888.5,3004,1888.5,2379,3823.5,2379,2146.5,2883.66666666667,2146.5,1242.25,1997.5,1242.25,1705,2579,1705,1950.60714285714,2865,1950.60714285714,11988,11988,11632,11797,14692,14692,16185,16021,,,,,,,,,,,,,26114,26114,26018,26018,26031,26031,26189,26189,17231,17231,20894,20744,7583,7583,7430,7448,14528,14528,16283,16283,770,776,3235,2773,940,929,4437,3210,,,,,,,,,,,,,1331,1847,2702,2702,1367,1824,2860,2860,959,1128,3245,2933,475,499,2044,1951,802,860,2579,2579,29663678.75,29321393.5,29663678.75,38539942.5,40305809,38539942.5,59405367.6666667,60928026,59405367.6666667,18800033,18619817,18800033,38559966.5,40756349,38559966.5,43397103.3928571,44541063.7857143,43397103.3928571,4726915.5,7519012,4726915.5,5954637,9570220.5,5954637,5372689.5,7217817.66666667,5372689.5,3109351.75,4999742.5,3109351.75,4267615,6455237,4267615,4882369.67857143,7171095,4882369.67857143
213,"173","03","01","1730301",Villamanrique de Tajo,Villamanrique de Tajo,Villamanrique de Tajo Núcleo,805,"805",40027,44064,40027,64655,69491,64655,71009.25,77839.5,71009.25,63171.5,65105,63171.5,40816.25,44897.5,40816.25,55935.8,60279.4,55935.8,2913.5,4194.5,2913.5,5417.5,8095.5,5417.5,5414.75,8100.5,5414.75,5255.5,7784,5255.5,3008.5,4204,3008.5,4401.95,6475.7,4401.95,35990,35990,45833,42295,59819,59819,69713,69269,,,,,,,,,,,,,64179,64179,76464,79215,,,,,,,,,61238,61238,65105,65105,36735,36735,47191,42604,1645,1620,4958,3431,2720,2759,8239,7952,,,,,,,,,,,,,2699,2759,8287,7914,,,,,,,,,2770,2684,7784,7784,1826,1800,5065,3343,32221735,35471520,32221735,52047275,55940255,52047275,57162446.25,62660797.5,57162446.25,50853057.5,52409525,50853057.5,32857081.25,36142487.5,32857081.25,45028319,48524917,45028319,2345367.5,3376572.5,2345367.5,4361087.5,6516877.5,4361087.5,4358873.75,6520902.5,4358873.75,4230677.5,6266120,4230677.5,2421842.5,3384220,2421842.5,3543569.75,5212938.5,3543569.75
214,"025","01","01","0250101",Brea de Tajo,Brea de Tajo,Brea de Tajo Núcleo,434,"434",38495.5,39918,38495.5,64370.5,67851,64370.5,67339,69428,67339,44484.5,45223,44484.5,39110,40414,39110,50759.9,52566.8,50759.9,3782.5,5584,3782.5,5300.5,7532.5,5300.5,5163.25,7286,5163.25,3519.75,4958.5,3519.75,3806.25,5459,3806.25,4314.45,6164,4314.45,37073,37073,39908,39928,60890,60890,72440,63262,,,,,,,,,,,,,65250,65250,68410,70446,,,,,,,,,43746,43746,45233,45213,37806,37806,40223,40605,2007,1955,5193,5975,3065,3072,9039,6026,,,,,,,,,,,,,3010,3071,8871,5701,,,,,,,,,2091,2071,6195,3722,2175,2132,5155,5763,16707047,17324412,16707047,27936797,29447334,27936797,29225126,30131752,29225126,19306273,19626782,19306273,16973740,17539676,16973740,22029796.6,22813991.2,22029796.6,1641605,2423456,1641605,2300417,3269105,2300417,2240850.5,3162124,2240850.5,1527571.5,2151989,1527571.5,1651912.5,2369206,1651912.5,1872471.3,2675176,1872471.3
215,"025","02","01","0250201","Alameda y El Quejigal, La",La Alameda y El Quejigal,La Alameda y El Quejigal Núcleo,92,"92",39906,41087,39906,65807.5,69073,65807.5,68776.5,70650,68776.5,45921.5,46445,45921.5,40692.75,41927.5,40692.75,52220.85,53836.5,52220.85,3734,5337.5,3734,5925.75,8651.5,5925.75,5805.25,8405,5805.25,4160.75,6077.5,4160.75,3848,5373,3848,4694.75,6768.9,4694.75,38725,38725,41130,41044,62542,62542,73662,64484,,,,,,,,,,,,,66903,66903,69632,71668,,,,,,,,,45398,45398,46455,46435,39458,39458,41445,42410,2152,2109,6312,4363,3187,3213,10158,7145,,,,,,,,,,,,,3170,3241,9990,6820,,,,,,,,,2249,2239,7314,4841,2346,2300,6274,4472,3671352,3780004,3671352,6054290,6354716,6054290,6327438,6499800,6327438,4224778,4272940,4224778,3743733,3857330,3743733,4804318.2,4952958,4804318.2,343528,491050,343528,545169,795938,545169,534083,773260,534083,382789,559130,382789,354016,494316,354016,431917,622738.8,431917
216,"008","03","01","0080301",Carbajo - Palomeque - Carretera de Ocaña,Carbajo - Palomeque - Carretera de Ocaña,Carbajo - Palomeque - Carretera de Ocaña Núcleo,30,"30",21757.25,21359.5,21757.25,40785.1875,40468.625,40785.1875,,,,10414.75,3757.5,10414.75,21218.25,20266.5,21218.25,30933,29608.2857142857,30933,2433.5,3463.5,2433.5,3405.75,4615.5,3405.75,,,,1197.5,1423.5,1197.5,2163,2894.5,2163,2773.85714285714,3749.07142857143,2773.85714285714,22155,22155,21609,21110,34518,34518,35255,35012,40495,40495,42916,40696,37947,37947,39556,39465,51447,51447,45546,45303,,,,,,,,,,,,,17072,17072,3896,3619,22170,22170,20388,20145,1423,1384,3177,3750,2027,2030,3901,3525,2241,2246,5452,4914,2103,2100,4506,4110,2436,2385,5486,5030,,,,,,,,,,,,,981,962,1438,1409,1447,1416,2993,2796,652717.5,640785,652717.5,1223555.625,1214058.75,1223555.625,,,,312442.5,112725,312442.5,636547.5,607995,636547.5,927990,888248.571428571,927990,73005,103905,73005,102172.5,138465,102172.5,,,,35925,42705,35925,64890,86835,64890,83215.7142857143,112472.142857143,83215.7142857143
217,"008","03","03","0080303","Fresno - Los Rodríguez-Vivero Comunidad, El",El Fresno - Los Rodríguez-Vivero Comunidad,El Fresno - Los Rodríguez-Vivero Comunidad Núcleo,32,"32",23042,22776,23042,41494.0625,41491,41494.0625,,,,12706,7187,12706,22439,21555,22439,32023.3214285714,31068.8571428571,32023.3214285714,2594.75,3595.5,2594.75,3642.3125,4888.875,3642.3125,,,,2037.75,2928,2037.75,2367.5,3105,2367.5,3081.32142857143,4169.14285714286,3081.32142857143,23308,23308,22781,22771,35671,35671,36427,36417,41648,41648,42111,42101,39100,39100,40728,40718,46752,52387,46718,46708,,,,,,,,,,,,,18225,18225,5068,9306,23323,23323,21560,21550,1622,1566,3472,3719,2247,2199,4207,3821,2508,2463,5574,5221,2304,2279,4812,4278,2584,2582,5792,5406,,,,,,,,,,,,,1160,1135,1744,4112,1654,1606,3299,2911,737344,728832,737344,1327810,1327712,1327810,,,,406592,229984,406592,718048,689760,718048,1024746.28571429,994203.428571429,1024746.28571429,83032,115056,83032,116554,156444,116554,,,,65208,93696,65208,75760,99360,75760,98602.2857142857,133412.571428571,98602.2857142857
218,"166","01","01","1660101",Valverde de Alcalá,Valverde de Alcalá,Valverde de Alcalá Núcleo,550,"550",14147,16244,14147,22779.125,24439.25,22779.125,,,,20619.5,21647,20619.5,15970,19192,15970,19258.95,21192.3,19258.95,1616,2185,1616,2434.375,3593.75,2434.375,,,,2501.25,3913,2501.25,2044.75,2961,2044.75,2206.15,3249.3,2206.15,12050,12050,16244,16244,23960,23960,22233,21653,18278,18278,26439,27432,,,,,,,,,,,,,,,,,,,,,19592,19592,21434,21860,12748,12748,20506,17878,1030,1064,2185,2185,1335,1377,3370,2822,1179,1209,3790,4393,,,,,,,,,,,,,,,,,,,,,1083,1096,3598,4228,1105,1152,2780,3142,7780850,8934200,7780850,12528518.75,13441587.5,12528518.75,,,,11340725,11905850,11340725,8783500,10555600,8783500,10592422.5,11655765,10592422.5,888800,1201750,888800,1338906.25,1976562.5,1338906.25,,,,1375687.5,2152150,1375687.5,1124612.5,1628550,1124612.5,1213382.5,1787115,1213382.5
219,"029","01","01","0290101",Cabanillas de la Sierra,Cabanillas de la Sierra,Cabanillas de la Sierra Núcleo,888,"888",14203.25,18460.5,14203.25,39605,44144,39605,46235.5,42177.5,46235.5,14967,15441,14967,32852.75,33413.5,32852.75,32349.8333333333,32635.6666666667,32349.8333333333,2221.25,3643,2221.25,2805.25,3864,2805.25,3130.25,3838.25,3130.25,1556.75,2335.5,1556.75,3303,4788,3303,2691.125,3717.83333333333,2691.125,9946,9946,15716,21205,35066,35066,53451,34837,,,,,,,,,,,,,51458,51458,39027,41798,49129,49129,40992,46893,,,,,14493,14493,14748,16134,32292,32292,33708,33119,797,802,3246,4040,1723,1770,4640,3088,,,,,,,,,,,,,2243,2428,2690,3982,2380,2638,3669,5012,,,,,784,772,1791,2880,1849,1787,4497,5079,12612486,16392924,12612486,35169240,39199872,35169240,41057124,37453620,41057124,13290696,13711608,13290696,29173242,29671188,29173242,28726652,28980472,28726652,1972470,3234984,1972470,2491062,3431232,2491062,2779662,3408366,2779662,1382394,2073924,1382394,2933064,4251744,2933064,2389719,3301436,2389719
220,"031","01","01","0310101",Cadalso de los Vidrios,Cadalso de los Vidrios,Cadalso de los Vidrios Núcleo,2875,"2875",45711.5,45593,45711.5,64748.375,65098.25,64748.375,,,,21439.5,28137,21439.5,45236.5,44628,45236.5,53054.4285714286,54107.2857142857,53054.4285714286,3990.25,5167.5,3990.25,4969.375,6486.5,4969.375,,,,1920,2914,1920,3748,4652.5,3748,4219.39285714286,5525.71428571429,4219.39285714286,45830,45830,45593,45593,60984,60984,59495,59495,67602,67602,67156,67156,60582,60582,64115,63797,68426,68426,69786,69786,,,,,,,,,,,,,14742,14742,28137,28137,45845,45845,44628,44628,2850,2776,5188,5147,3438,3407,5548,5653,3489,3504,7013,6972,3395,3364,6060,6265,3522,3499,7136,7245,,,,,,,,,,,,,916,936,2914,2914,2890,2797,4613,4692,131420562.5,131079875,131420562.5,186151578.125,187157468.75,186151578.125,,,,61638562.5,80893875,61638562.5,130054937.5,128305500,130054937.5,152531482.142857,155558446.428571,152531482.142857,11471968.75,14856562.5,11471968.75,14286953.125,18648687.5,14286953.125,,,,5520000,8377750,5520000,10775500,13375937.5,10775500,12130754.4642857,15886428.5714286,12130754.4642857
221,"136","02","01","1360201",Santorcaz,Santorcaz,Santorcaz Núcleo,949,"949",21537.5,27346,21537.5,24805.5,29529.5,24805.5,,,,25781.5,29087,25781.5,25571.5,29985,25571.5,24500.3,29095.4,24500.3,1988.5,2789,1988.5,2559.25,3789,2559.25,,,,2507.5,3662,2507.5,2495.5,3671,2495.5,2422,3540,2422,15729,15729,27346,27346,18727,18727,25388,25388,21436,21436,33671,33671,,,,,,,,,,,,,,,,,,,,,22476,22476,29296,28878,21158,21158,29961,30009,1186,1190,2789,2789,1202,1210,3191,3191,1442,1464,4447,4327,,,,,,,,,,,,,,,,,,,,,1352,1354,3783,3541,1308,1332,3583,3759,20439087.5,25951354,20439087.5,23540419.5,28023495.5,23540419.5,,,,24466643.5,27603563,24466643.5,24267353.5,28455765,24267353.5,23250784.7,27611534.6,23250784.7,1887086.5,2646761,1887086.5,2428728.25,3595761,2428728.25,,,,2379617.5,3475238,2379617.5,2368229.5,3483779,2368229.5,2298478,3359460,2298478
222,"124","01","01","1240101",Robledillo de la Jara,Robledillo de la Jara,Robledillo de la Jara Núcleo,123,"123",37011,46995,37011,77711.5,94176,77711.5,78604.75,80735,78604.75,22391.5,27759,22391.5,84829.5,108111,84829.5,63192.1666666667,73085.1666666667,63192.1666666667,5891.5,9992,5891.5,5708.5,8503,5708.5,5232.75,6888,5232.75,2377.75,3494,2377.75,6199,9334,6199,5107.04166666667,7516.5,5107.04166666667,27027,27027,46995,46995,61247,61247,94176,94176,,,,,,,,,,,,,77639,77639,79753,79753,75310,75310,81717,81717,,,,,17024,17024,27759,27759,61548,61548,108111,108111,1782,1800,9992,9992,2890,2938,8503,8503,,,,,,,,,,,,,3418,3604,6553,6553,3513,3775,7223,7223,,,,,1224,1299,3494,3494,3057,3071,9334,9334,4552353,5780385,4552353,9558514.5,11583648,9558514.5,9668384.25,9930405,9668384.25,2754154.5,3414357,2754154.5,10434028.5,13297653,10434028.5,7772636.5,8989475.5,7772636.5,724654.5,1229016,724654.5,702145.5,1045869,702145.5,643628.25,847224,643628.25,292463.25,429762,292463.25,762477,1148082,762477,628166.125,924529.5,628166.125
223,"007","04","01","0070401",Ventorro del Cano,Ventorro del Cano,Ventorro del Cano Núcleo,180,"180",10675.5,12794,10675.5,19351,22639.75,19351,,,,8477.5,10503,8477.5,10630.5,13273,10630.5,15312.5,18161.2857142857,15312.5,1597.5,2536.5,1597.5,2475.6875,4012.75,2475.6875,,,,1490,2367.5,1490,1610.75,2706,1610.75,2085.85714285714,3380.14285714286,2085.85714285714,8557,8557,12808,12780,21102,21102,22495,23049,9756,9756,19809,15867,13305,13305,18459,17624,20086,20086,34323,29492,,,,,,,,,,,,,6452,6452,10433,10573,7988,7988,12959,13587,660,657,2597,2476,1145,1159,4263,4050,728,736,3012,3098,850,840,4136,4037,1025,1026,5020,4486,,,,,,,,,,,,,612,613,2338,2397,521,510,2605,2807,1921590,2302920,1921590,3483180,4075155,3483180,,,,1525950,1890540,1525950,1913490,2389140,1913490,2756250,3269031.42857143,2756250,287550,456570,287550,445623.75,722295,445623.75,,,,268200,426150,268200,289935,487080,289935,375454.285714286,608425.714285714,375454.285714286
224,"007","06","01","0070601",Fuente Cisneros,Fuente Cisneros,Fuente Cisneros Núcleo,2905,"2905",7181.5,7824,7181.5,5472.75,5399.5,5472.75,,,,3396,2452,3396,4762,3956,4762,5318.64285714286,5118.57142857143,5318.64285714286,1602.25,2379,1602.25,1171.5,1683.125,1171.5,,,,911.75,1271.5,911.75,1009.5,1350,1009.5,1172.78571428571,1676.14285714286,1172.78571428571,6539,6539,7824,7824,4898,4898,4517,4517,4737,3655,3920,3920,5113,5113,2848,2848,7977,7977,10313,10313,,,,,,,,,,,,,4340,4340,2452,2452,5568,5568,3956,3956,849,802,2379,2379,852,827,1537,1537,598,553,1262,1262,628,612,1110,1107,603,606,2855,2795,,,,,,,,,,,,,546,558,1265,1278,656,682,1347,1353,20862257.5,22728720,20862257.5,15898338.75,15685547.5,15898338.75,,,,9865380,7123060,9865380,13833610,11492180,13833610,15450657.5,14869450,15450657.5,4654536.25,6910995,4654536.25,3403207.5,4889478.125,3403207.5,,,,2648633.75,3693707.5,2648633.75,2932597.5,3921750,2932597.5,3406942.5,4869195,3406942.5
225,"007","07","01","0070701",Montepríncipe,Montepríncipe,Montepríncipe Núcleo,125,"125",11280.5,13660,11280.5,19242.5,22143.25,19242.5,,,,9317,11468,9317,11071.5,13811,11071.5,15519.8571428571,18216,15519.8571428571,1598.25,2465,1598.25,2494.8125,3977.75,2494.8125,,,,1503.5,2397.5,1503.5,1646.75,2698,1646.75,2103.96428571429,3353.07142857143,2103.96428571429,8901,8901,13660,13660,21446,21446,23347,23929,10100,10100,15247,15257,13649,13649,19311,19311,20172,20172,30372,30372,,,,,,,,,,,,,7166,7166,11483,11453,8332,8332,13811,13811,721,742,2510,2420,1215,1257,4176,3994,788,824,3390,3034,918,927,4049,4169,1076,1090,4580,4430,,,,,,,,,,,,,602,617,2454,2341,588,603,2518,2878,1410062.5,1707500,1410062.5,2405312.5,2767906.25,2405312.5,,,,1164625,1433500,1164625,1383937.5,1726375,1383937.5,1939982.14285714,2277000,1939982.14285714,199781.25,308125,199781.25,311851.5625,497218.75,311851.5625,,,,187937.5,299687.5,187937.5,205843.75,337250,205843.75,262995.535714286,419133.928571429,262995.535714286
226,"164","05","01","1640501","Mirador, El",El Mirador,El Mirador Núcleo,171,"171",37424.25,37484.5,37424.25,19767.75,20088.5,19767.75,33885.75,32903,33885.75,23418,23791,23418,23408,22897,23408,28631.5833333333,28344.5,28631.5833333333,4564.25,7195,4564.25,1947.75,2627,1947.75,3112.75,4220.75,3112.75,2653,3997,2653,2340.5,3251,2340.5,2955.16666666667,4251.91666666667,2955.16666666667,37364,37364,44523,30446,19447,19447,20015,20162,,,,,,,,,,,,,36033,36033,31065,31211,33704,33704,36160,33176,,,,,23045,23045,23718,23864,23919,23919,22824,22970,1935,1932,7888,6502,1152,1385,2930,2324,,,,,,,,,,,,,1707,2125,4097,3311,1845,2342,5127,4348,,,,,1156,1462,4270,3724,1244,1616,3524,2978,6399546.75,6409849.5,6399546.75,3380285.25,3435133.5,3380285.25,5794463.25,5626413,5794463.25,4004478,4068261,4004478,4002768,3915387,4002768,4896000.75,4846909.5,4896000.75,780486.75,1230345,780486.75,333065.25,449217,333065.25,532280.25,721748.25,532280.25,453663,683487,453663,400225.5,555921,400225.5,505333.5,727077.75,505333.5
227,"125","02","01","1250201",Robledo de Chavela,Robledo de Chavela,Robledo de Chavela Núcleo,4697,"4697",36615.5,52205,36615.5,38335,35371,38335,58303.25,58957.8333333333,58303.25,17057.5,17748,17057.5,32071.5,48901,32071.5,42712.75,47299.7857142857,42712.75,3669.75,5692.5,3669.75,3600.75,4317,3600.75,4171.41666666667,4828.66666666667,4171.41666666667,2183,3178,2183,3282.75,5285,3282.75,3607.21428571429,4708.35714285714,3607.21428571429,21026,21026,21315,83095,41299,41299,37860,32882,,,,,,,,,,,,,62064,62064,61749,61698,61981,61981,61906,61855,48901,48901,53401,53138,16367,16367,18365,17131,15242,15242,20355,77447,1667,1627,4186,7199,2923,2846,4817,3817,,,,,,,,,,,,,3680,3922,4721,4420,3692,3952,4876,4575,2906,2933,5527,4853,1198,1178,3560,2796,1299,1262,3981,6589,171983003.5,245206885,171983003.5,180059495,166137587,180059495,273850365.25,276924943.166667,273850365.25,80119077.5,83362356,80119077.5,150639835.5,229687997,150639835.5,200621786.75,222167093.5,200621786.75,17236815.75,26737672.5,17236815.75,16912722.75,20276949,16912722.75,19593144.0833333,22680247.3333333,19593144.0833333,10253551,14927066,10253551,15419076.75,24823645,15419076.75,16943085.5,22115153.5,16943085.5
228,"094","07","01","0940701","Viñas I, Las",Las Viñas I,Las Viñas I Núcleo,42,"42",20969,25917,20969,40674.75,42980.5,40674.75,53142.5,52688,53142.5,21715.5,25345,21715.5,29099.25,29552.5,29099.25,36457.25,38195.1666666667,36457.25,2377.75,3670,2377.75,3565.5,5200.5,3565.5,4021.5,5447,4021.5,3258.75,5512,3258.75,2462,3312.5,2462,3284.5,4764.83333333333,3284.5,16021,16021,25917,25917,38369,38369,39740,46221,,,,,,,,,,,,,54762,54762,50790,54101,52432,52432,52915,52946,,,,,18086,18086,19581,31109,28646,28646,29537,29568,1104,1067,3670,3670,1906,1955,5724,4677,,,,,,,,,,,,,2406,2618,6591,4787,2564,2796,5596,4814,,,,,1025,986,3532,7492,1638,1585,3678,2947,880698,1088514,880698,1708339.5,1805181,1708339.5,2231985,2212896,2231985,912051,1064490,912051,1222168.5,1241205,1222168.5,1531204.5,1604197,1531204.5,99865.5,154140,99865.5,149751,218421,149751,168903,228774,168903,136867.5,231504,136867.5,103404,139125,103404,137949,200123,137949
229,"094","07","02","0940702","Viñas II, Las",Las Viñas II,Las Viñas II Núcleo,10,"10",21378,27127,21378,46416.25,54772.5,46416.25,53380.875,53474.25,53380.875,18627.25,19477.5,18627.25,30277.5,30641,30277.5,37243.4583333333,39827.75,37243.4583333333,3446.75,5846,3446.75,4274.75,6651.5,4274.75,4186.375,5806.25,4186.375,3238.75,5503.5,3238.75,2685.5,3691.5,2685.5,3669.75,5550.83333333333,3669.75,15629,15629,27634,26620,38060,38060,38907,70638,,,,,,,,,,,,,54452,54452,49957,55903,52123,52123,53289,54748,,,,,17777,17777,18748,20207,29914,29914,29911,31371,1065,1030,4059,7633,1881,1915,5933,7370,,,,,,,,,,,,,2382,2574,6800,5257,2539,2771,5884,5284,,,,,992,956,3741,7266,1705,1654,3966,3417,213780,271270,213780,464162.5,547725,464162.5,533808.75,534742.5,533808.75,186272.5,194775,186272.5,302775,306410,302775,372434.583333333,398277.5,372434.583333333,34467.5,58460,34467.5,42747.5,66515,42747.5,41863.75,58062.5,41863.75,32387.5,55035,32387.5,26855,36915,26855,36697.5,55508.3333333333,36697.5
230,"134","04","01","1340401",R.A.C.E.,R.A.C.E.,R.A.C.E. Núcleo,131,"131",16632.75,16075.5,16632.75,11471.5,11558,11471.5,25101,23589.5,25101,15025,15261,15025,15016,14369,15016,18057.875,17407.0833333333,18057.875,2117.75,3028.5,2117.75,1366.5,1902,1366.5,2341.125,3126,2341.125,2017.5,3182,2017.5,1624.75,2278,1624.75,1968.125,2773.75,1968.125,17190,17190,16393,15758,11385,11385,11558,11558,,,,,,,,,,,,,27777,27777,22607,22607,25448,25448,24572,24572,,,,,14789,14789,15261,15261,15663,15663,14369,14369,1114,1300,3202,2855,809,853,1992,1812,,,,,,,,,,,,,1335,1585,2799,2679,1486,1819,3670,3356,,,,,785,921,3212,3152,868,1075,2278,2278,2178890.25,2105890.5,2178890.25,1502766.5,1514098,1502766.5,3288231,3090224.5,3288231,1968275,1999191,1968275,1967096,1882339,1967096,2365581.625,2280327.91666667,2365581.625,277425.25,396733.5,277425.25,179011.5,249162,179011.5,306687.375,409506,306687.375,264292.5,416842,264292.5,212842.25,298418,212842.25,257824.375,363361.25,257824.375
231,"094","06","01","0940601",Sococar,Sococar,Sococar Núcleo,16,"16",20452,22829,20452,41635.5,42847,41635.5,50177.875,50309.5,50177.875,23118.5,25211,23118.5,25954.5,26355,25954.5,35252.7083333333,36310.1666666667,35252.7083333333,2173.25,3296,2173.25,3506.5,5126.5,3506.5,3529.625,4593.75,3529.625,3332.5,5438,3332.5,2035.25,2714,2035.25,3017.79166666667,4293.66666666667,3017.79166666667,18075,18075,22829,22829,40424,40424,42561,43133,,,,,,,,,,,,,48739,48739,50887,50887,54487,48220,49732,49732,,,,,21026,21026,22402,28020,25554,25554,26355,26355,1072,1029,3296,3296,1867,1906,5950,4303,,,,,,,,,,,,,2298,2439,4658,4504,2540,2585,4682,4531,,,,,1258,1196,3758,7118,1366,1347,2764,2664,327232,365264,327232,666168,685552,666168,802846,804952,802846,369896,403376,369896,415272,421680,415272,564043.333333333,580962.666666667,564043.333333333,34772,52736,34772,56104,82024,56104,56474,73500,56474,53320,87008,53320,32564,43424,32564,48284.6666666667,68698.6666666667,48284.6666666667
232,"134","05","01","1340501",San Sebastián de los Reyes,San Sebastián de los Reyes,San Sebastián de los Reyes Núcleo,85812,"85812",3036,2852,3036,2240,2162,2240,15552.75,12552,15552.75,4308,3910,4308,2901,2650,2901,7265.08333333333,6113,7265.08333333333,761.5,1026,761.5,772.25,1168,772.25,2046.625,2679.5,2046.625,1315.75,2006.5,1315.75,855.5,1141,855.5,1299.70833333333,1783.41666666667,1299.70833333333,3220,3220,2298,3406,2318,2318,2323,2001,,,,,,,,,,,,,19718,19718,11582,11557,17389,17389,13547,13522,,,,,4706,4706,4024,3796,3152,3152,3132,2168,495,499,1005,1047,379,374,1336,1000,,,,,,,,,,,,,1215,1424,1998,2683,1367,1649,2675,3362,,,,,635,615,2179,1834,595,545,1235,1047,260525232,244735824,260525232,192218880,185525544,192218880,1334612583,1077112224,1334612583,369678096,335524920,369678096,248940612,227401800,248940612,623431331,524568756,623431331,65345838,88043112,65345838,66268317,100228416,66268317,175624984.5,229933254,175624984.5,112907139,172181778,112907139,73412166,97911492,73412166,111530571.5,153038551,111530571.5
233,"011","01","01","0110101",Ambite,Ambite,Ambite Núcleo,423,"423",32823,33761,32823,58342.75,62787.5,58342.75,57567.5,63313,57567.5,55818.5,75374,55818.5,33432,34110,33432,47596.75,53869.1,47596.75,3521.25,5280,3521.25,5824.5,8685,5824.5,5645.5,8607,5645.5,6086.75,10134,6086.75,3561.5,5157,3561.5,4927.9,7572.6,4927.9,31885,31885,33761,33761,53898,53898,66307,59268,,,,,,,,,,,,,51822,51822,64329,62297,,,,,,,,,36263,36263,75372,75376,32754,32754,34110,34110,1763,1762,5280,5280,2961,2967,8434,8936,,,,,,,,,,,,,2644,2724,8349,8865,,,,,,,,,2037,2042,9943,10325,1963,1969,5157,5157,13884129,14280903,13884129,24678983.25,26559112.5,24678983.25,24351052.5,26781399,24351052.5,23611225.5,31883202,23611225.5,14141736,14428530,14141736,20133425.25,22786629.3,20133425.25,1489488.75,2233440,1489488.75,2463763.5,3673755,2463763.5,2388046.5,3640761,2388046.5,2574695.25,4286682,2574695.25,1506514.5,2181411,1506514.5,2084501.7,3203209.8,2084501.7
234,"017","03","01","0170301",Cotorredondo,Cotorredondo,Cotorredondo Núcleo,1072,"1072",19969,24799,19969,26980.5,30544.5,26980.5,,,,20200.5,19676,20200.5,30162.25,40379.5,30162.25,24858.55,29188.7,24858.55,2571.5,3932,2571.5,3383,5223.25,3383,,,,2500,3562.5,2500,4016.25,6595,4016.25,3170.75,4907.2,3170.75,15139,15139,24799,24799,22074,22074,33063,25359,24759,24759,34708,29048,,,,,,,,,,,,,,,,,,,,,20725,20725,19672,19680,19945,19945,43534,37225,1229,1193,3932,3932,1402,1438,4992,4174,1668,1663,5978,5749,,,,,,,,,,,,,,,,,,,,,1430,1445,3536,3589,1434,1441,6956,6234,21406768,26584528,21406768,28923096,32743704,28923096,,,,21654936,21092672,21654936,32333932,43286824,32333932,26648365.6,31290286.4,26648365.6,2756648,4215104,2756648,3626576,5599324,3626576,,,,2680000,3819000,2680000,4305420,7069840,4305420,3399044,5260518.4,3399044
235,"017","04","01","0170401","Olivos, Los",Los Olivos,Los Olivos Núcleo,28,"28",32551.5,50878,32551.5,30454,35345.75,30454,,,,19911.25,20856.5,19911.25,22990.5,26365,22990.5,27272.25,33758.2,27272.25,3625.75,6218.5,3625.75,3128.625,4838.5,3128.625,,,,3226.75,5426.5,3226.75,2254,3320,2254,3072.75,4928.4,3072.75,14225,14225,86170,15586,23787,25096,24336,40923,26683,26683,38062,38062,,,,,,,,,,,,,,,,,,,,,18966,18966,21112,20601,19616,19616,26365,26365,1040,1026,9337,3100,1284,1332,4467,5305,1479,1580,4791,4791,,,,,,,,,,,,,,,,,,,,,1019,1035,4654,6199,1172,1204,3320,3320,911442,1424584,911442,852712,989681,852712,,,,557515,583982,557515,643734,738220,643734,763623,945229.6,763623,101521,174118,101521,87601.5,135478,87601.5,,,,90349,151942,90349,63112,92960,63112,86037,137995.2,86037
236,"164","01","01","1640101",Silillos,Silillos,Silillos Núcleo,821,"821",50500,61870,50500,22400,23587,22400,36909.25,37184,36909.25,50006.5,56326,50006.5,27093,27373,27093,37303,40587.3333333333,37303,5360.75,8632,5360.75,2596.25,3752,2596.25,3711.625,5254,3711.625,4811,7339,4811,3312,4850,3312,3917.20833333333,5846.83333333333,3917.20833333333,39130,39130,55497,68243,21213,21213,22160,25014,,,,,,,,,,,,,37799,37799,33209,36063,35470,35470,38305,41159,,,,,43687,43687,54899,57753,26813,26813,25715,29031,2104,2075,7169,10095,1328,1553,2612,4892,,,,,,,,,,,,,1871,2285,3599,5939,2023,2498,4449,7029,,,,,2090,2476,6049,8629,1587,1961,3768,5932,41460500,50795270,41460500,18390400,19364927,18390400,30302494.25,30528064,30302494.25,41055336.5,46243646,41055336.5,22243353,22473233,22243353,30625763,33322200.6666667,30625763,4401175.75,7086872,4401175.75,2131521.25,3080392,2131521.25,3047244.125,4313534,3047244.125,3949831,6025319,3949831,2719152,3981850,2719152,3216028.04166667,4800250.16666667,3216028.04166667
237,"164","02","01","1640201",Valdetorres de Jarama,Valdetorres de Jarama,Valdetorres de Jarama Núcleo,3871,"3871",39209.5,38942,39209.5,21553.5,21546,21553.5,36062.75,35143,36062.75,49349,54663,49349,25194,24355,25194,34571.9166666667,34965.3333333333,34571.9166666667,4372,6670,4372,1945.75,2462,1945.75,3147.625,4144,3147.625,3921.5,5578,3921.5,2322.5,3056,2322.5,3142.83333333333,4342.33333333333,3142.83333333333,39477,39477,46054,31830,21561,21561,21546,21546,,,,,,,,,,,,,38147,38147,32595,32595,35818,35818,37691,37691,,,,,44035,44035,54663,54663,26033,26033,24355,24355,2083,2065,7420,5920,1313,1546,2462,2462,,,,,,,,,,,,,1854,2285,3629,3629,1977,2489,4659,4659,,,,,2070,2460,5578,5578,1399,1779,3056,3056,151779974.5,150744482,151779974.5,83433598.5,83404566,83433598.5,139598905.25,136038553,139598905.25,191029979,211600473,191029979,97525974,94278205,97525974,133827889.416667,135350805.333333,133827889.416667,16924012,25819570,16924012,7531998.25,9530402,7531998.25,12184456.375,16041424,12184456.375,15180126.5,21592438,15180126.5,8990397.5,11829776,8990397.5,12165907.8333333,16809172.3333333,12165907.8333333
238,"164","03","01","1640301","Cueva, La",La Cueva,La Cueva Núcleo,79,"79",44266.75,48131.5,44266.75,22039.75,21634.5,22039.75,38369.375,35985,38369.375,29209.5,32377,29209.5,25701.75,24487.5,25701.75,32992.75,33100.0833333333,32992.75,4755,7430.5,4755,2724.25,4036,2724.25,3582.75,5096.75,3582.75,3489.75,5537,3489.75,3153.75,4749,3153.75,3548.04166666667,5324.33333333333,3548.04166666667,40402,40402,66869,29394,22445,22445,21767,21502,,,,,,,,,,,,,39031,45221,34223,34171,36702,42061,39410,36136,,,,,26042,26042,32403,32351,26916,26916,24381,24594,2093,2066,10541,4320,1308,1517,5766,2306,,,,,,,,,,,,,1854,2159,6511,2868,2005,2257,7267,3741,,,,,1308,1577,7283,3791,1388,1729,6609,2889,3497073.25,3802388.5,3497073.25,1741140.25,1709125.5,1741140.25,3031180.625,2842815,3031180.625,2307550.5,2557783,2307550.5,2030438.25,1934512.5,2030438.25,2606427.25,2614906.58333333,2606427.25,375645,587009.5,375645,215215.75,318844,215215.75,283037.25,402643.25,283037.25,275690.25,437423,275690.25,249146.25,375171,249146.25,280295.291666667,420622.333333333,280295.291666667
239,"164","04","01","1640401","Escarabajosa, La",La Escarabajosa,La Escarabajosa Núcleo,68,"68",37552.25,37321.5,37552.25,20082.5,20339,20082.5,34592,33936.5,34592,23732.5,24042,23732.5,23723,23148,23723,29045.7083333333,28787.25,29045.7083333333,4491.75,7010.5,4491.75,2238.75,3168,2238.75,3445.625,4850,3445.625,2924.25,4508,2924.25,2613.75,3762,2613.75,3193.29166666667,4691.41666666667,3193.29166666667,37783,37783,44840,29803,19826,19826,20339,20339,,,,,,,,,,,,,36412,36412,31389,31389,34083,34083,36484,36484,,,,,23423,23423,24042,24042,24298,24298,23148,23148,1971,1975,8121,5900,1187,1432,3168,3168,,,,,,,,,,,,,1741,2155,4335,4335,1881,2388,5365,5365,,,,,1191,1490,4508,4508,1270,1661,3762,3762,2553553,2537862,2553553,1365610,1383052,1365610,2352256,2307682,2352256,1613810,1634856,1613810,1613164,1574064,1613164,1975108.16666667,1957533,1975108.16666667,305439,476714,305439,152235,215424,152235,234302.5,329800,234302.5,198849,306544,198849,177735,255816,177735,217143.833333333,319016.333333333,217143.833333333
240,"123","07","01","1230701",Rivas - Vaciamadrid,Rivas - Vaciamadrid,Rivas - Vaciamadrid Núcleo,16031,"16031",13438.5,13581,13438.5,14789.5,14847,14789.5,18809.25,17877,18809.25,7427,6955,7427,3871.5,4946,3871.5,11667.15,11641.2,11667.15,1764,2601,1764,2049.25,2934.5,2049.25,2133,2991,2133,1192.5,1843.5,1192.5,697,1004,697,1567.15,2274.8,1567.15,13296,13296,13581,13581,14732,14732,14847,14847,,,,,,,,,,,,,18383,21100,17877,17877,,,,,,,,,7899,7899,7908,6002,2797,2797,4946,4946,924,930,2631,2571,1112,1216,2939,2930,,,,,,,,,,,,,1136,1414,3021,2961,,,,,,,,,541,542,1718,1969,388,392,929,1079,215432593.5,217717011,215432593.5,237090474.5,238012257,237090474.5,301531086.75,286586187,301531086.75,119062237,111495605,119062237,62064016.5,79289326,62064016.5,187036081.65,186620077.2,187036081.65,28278684,41696631,28278684,32851526.75,47042969.5,32851526.75,34194123,47948721,34194123,19116967.5,29553148.5,19116967.5,11173607,16095124,11173607,25122981.65,36467318.8,25122981.65
241,"127","15","01","1271501","Matas-Pinar-Monte Rozas, Las",Las Matas-Pinar-Monte Rozas,Las Matas-Pinar-Monte Rozas Núcleo,46324,"46324",6833.5,8182,6833.5,25532.5,29311,25532.5,23521.6666666667,25006.6666666667,23521.6666666667,9034,10277,9034,13684.75,15068.5,13684.75,17949.9642857143,19694.0714285714,17949.9642857143,1611.75,2543.5,1611.75,3937,6421.5,3937,3013.41666666667,4402.16666666667,3013.41666666667,2094.5,3474.5,2094.5,2254,3606.5,2254,2705.35714285714,4178.92857142857,2705.35714285714,5485,5485,8182,8182,21754,21754,27807,30815,,,,,,,,,,,,,25999,25999,28600,27621,25916,25916,28757,27778,14195,14195,18084,19200,7791,7791,10277,10277,12301,12301,15379,14758,672,688,2982,2105,1467,1438,6363,6480,,,,,,,,,,,,,1537,2066,4297,4536,1578,2052,4452,4691,1175,1340,4248,4189,705,724,3911,3038,860,943,3712,3501,316555054,379022968,316555054,1182767530,1357802764,1182767530,1089617686.66667,1158408826.66667,1089617686.66667,418491016,476071748,418491016,633932359,698033194,633932359,831514145.571429,912308164.857143,831514145.571429,74662707,117825094,74662707,182377588,297469566,182377588,139593513.666667,203925968.666667,139593513.666667,97025618,160952738,97025618,104414296,167067506,104414296,125322964.285714,193584687.142857,125322964.285714
242,"117","01","01","1170101",Prádena del Rincón,Prádena del Rincón,Prádena del Rincón Núcleo,137,"137",37659.5,42369,37659.5,74220.75,78279.5,74220.75,81482,77574.5,81482,18240.5,19644,18240.5,87091.75,103720.5,87091.75,63362.75,66527,63362.75,6629.75,10910,6629.75,6479,9812.5,6479,6757.875,9703,6757.875,2689.75,4082,2689.75,7880.5,12429,7880.5,6199.125,9439.91666666667,6199.125,32950,32950,38937,45801,70162,70162,71689,84870,,,,,,,,,,,,,86554,86554,82738,70446,84225,84225,84703,72411,,,,,16837,16837,18389,20899,70463,70463,107969,99472,2370,2329,8960,12860,3120,3171,7654,11971,,,,,,,,,,,,,3659,3828,8521,10021,3798,3966,9270,11000,,,,,1312,1283,3602,4562,3355,3309,11179,13679,5159351.5,5804553,5159351.5,10168242.75,10724291.5,10168242.75,11163034,10627706.5,11163034,2498948.5,2691228,2498948.5,11931569.75,14209708.5,11931569.75,8680696.75,9114199,8680696.75,908275.75,1494670,908275.75,887623,1344312.5,887623,925828.875,1329311,925828.875,368495.75,559234,368495.75,1079628.5,1702773,1079628.5,849280.125,1293268.58333333,849280.125
243,"055","02","01","0550201",Cuatro Caminos,Cuatro Caminos,Cuatro Caminos Núcleo,26,"26",45792.5,46630,45792.5,71696.75,74609.5,71696.75,74665.75,76186.5,74665.75,51810.5,51981,51810.5,46582,47464,46582,58109.5,59374.2,58109.5,3750.25,5475.5,3750.25,5953.75,8783.5,5953.75,5827.5,8537,5827.5,4165.5,6209.5,4165.5,3854.75,5505,3854.75,4710.35,6902.1,4710.35,44955,44955,46673,46587,68784,68784,79198,70021,,,,,,,,,,,,,73145,73145,75169,77204,,,,,,,,,51640,51640,51991,51971,45700,45700,46982,47946,2026,2024,6590,4361,3096,3152,10430,7137,,,,,,,,,,,,,3063,3173,10262,6812,,,,,,,,,2104,2139,7586,4833,2206,2203,6546,4464,1190605,1212380,1190605,1864115.5,1939847,1864115.5,1941309.5,1980849,1941309.5,1347073,1351506,1347073,1211132,1234064,1211132,1510847,1543729.2,1510847,97506.5,142363,97506.5,154797.5,228371,154797.5,151515,221962,151515,108303,161447,108303,100223.5,143130,100223.5,122469.1,179454.6,122469.1
244,"123","18","01","1231801","Partija - Santa Mónica, La",La Partija - Santa Mónica,La Partija - Santa Mónica Núcleo,83779,"83779",15722.5,16240,15722.5,12932.25,13411.5,12932.25,18406,19373,18406,9457.75,9150.5,9457.75,1706,1904,1706,11644.9,12015.8,11644.9,2356.5,3657.5,2356.5,2075.75,3081.5,2075.75,2170.25,3180.5,2170.25,2069.75,3416.5,2069.75,372.5,526,372.5,1808.95,2772.4,1808.95,15205,15205,16291,16189,12453,12453,12946,13877,,,,,,,,,,,,,16104,18774,21058,17688,,,,,,,,,9765,9765,8982,9319,1508,1508,1904,1904,1041,1070,4016,3299,1009,1131,2966,3197,,,,,,,,,,,,,1033,1287,3061,3300,,,,,,,,,687,759,3541,3292,214,224,511,541,1317215327.5,1360570960,1317215327.5,1083450972.75,1123602058.5,1083450972.75,1542036274,1623050567,1542036274,792360837.25,766619739.5,792360837.25,142926974,159515216,142926974,975598077.1,1006671708.2,975598077.1,197425213.5,306421692.5,197425213.5,173904259.25,258164988.5,173904259.25,181821374.75,266459109.5,181821374.75,173401585.25,286230953.5,173401585.25,31207677.5,44067754,31207677.5,151552022.05,232268899.6,151552022.05
245,"055","02","02","0550202",Estremera,Estremera,Estremera Núcleo,1113,"1113",45058,45783,45058,70962.5,73763,70962.5,73930.75,75339.5,73930.75,51075.75,51134.5,51075.75,45847.5,46617,45847.5,57374.9,58527.4,57374.9,3399.75,4906.5,3399.75,5600.5,8214.5,5600.5,5477.25,7968,5477.25,3820.25,5640.5,3820.25,3504.75,4936,3504.75,4360.5,6333.1,4360.5,44333,44333,45664,45902,68162,68162,78190,69336,,,,,,,,,,,,,72522,72522,74160,76519,,,,,,,,,51017,51017,50983,51286,45078,45078,45973,47261,1889,1897,5973,3840,2957,3016,9813,6616,,,,,,,,,,,,,2937,3036,9645,6291,,,,,,,,,1987,2013,6969,4312,2071,2076,5929,3943,50149554,50956479,50149554,78981262.5,82098219,78981262.5,82284924.75,83852863.5,82284924.75,56847309.75,56912698.5,56847309.75,51028267.5,51884721,51028267.5,63858263.7,65140996.2,63858263.7,3783921.75,5460934.5,3783921.75,6233356.5,9142738.5,6233356.5,6096179.25,8868384,6096179.25,4251938.25,6277876.5,4251938.25,3900786.75,5493768,3900786.75,4853236.5,7048740.3,4853236.5
246,"055","04","01","0550401",Peña Rubia,Peña Rubia,Peña Rubia Núcleo,162,"162",43803,46035,43803,67439.75,69479.5,67439.75,73211.5,76663,73211.5,49939,51622,49939,44956.5,47597,44956.5,55869.95,58279.3,55869.95,4957,8200,4957,7198,11573,7198,7009.75,11188,7009.75,5405,8983.5,5405,5111.5,8331,5111.5,5936.25,9655.1,5936.25,41571,41571,50340,41730,65400,65400,73774,65185,,,,,,,,,,,,,69760,69760,80957,72369,,,,,,,,,48256,48256,55724,47520,42316,42316,51699,43495,1703,1725,10837,5563,2793,2853,13853,9293,,,,,,,,,,,,,2775,2888,13408,8968,,,,,,,,,1803,1850,11309,6658,1881,1903,10940,5722,7096086,7457670,7096086,10925239.5,11255679,10925239.5,11860263,12419406,11860263,8090118,8362764,8090118,7282953,7710714,7282953,9050931.9,9441246.6,9050931.9,803034,1328400,803034,1166076,1874826,1166076,1135579.5,1812456,1135579.5,875610,1455327,875610,828063,1349622,828063,961672.5,1564126.2,961672.5
247,"092","03","01","0920301",Pinares Llanos,Pinares Llanos,Pinares Llanos Núcleo,208,"208",3990,3633,3990,8301,8522.875,8301,,,,1605.5,1445,1605.5,6350.5,6774,6350.5,6450,6563.35714285714,6450,735.75,953,735.75,1301.9375,1886.125,1301.9375,,,,453.5,696.5,453.5,1331.75,1840,1331.75,1104.10714285714,1576.28571428571,1104.10714285714,4347,4347,3633,3633,4941,4941,4767,4767,8046,8046,8567,12428,5824,5499,4651,5635,13668,13668,13684,13684,,,,,,,,,,,,,1766,1766,1445,1445,5927,5927,6774,6774,525,512,953,953,669,659,1209,1209,797,781,2059,2420,643,587,1041,1679,780,826,2766,2706,,,,,,,,,,,,,187,234,700,693,844,803,1840,1840,829920,755664,829920,1726608,1772758,1726608,,,,333944,300560,333944,1320904,1408992,1320904,1341600,1365178.28571429,1341600,153036,198224,153036,270803,392314,270803,,,,94328,144872,94328,277004,382720,277004,229654.285714286,327867.428571429,229654.285714286
248,"092","04","01","0920401",Parque Guadarrama,Parque Guadarrama,Parque Guadarrama Núcleo,1495,"1495",8872.5,9783,8872.5,12793.3125,12602.875,12793.3125,,,,11984.5,13787,11984.5,11551,12172,11551,11940.1785714286,12307.6428571429,11940.1785714286,1709.25,2399,1709.25,2174.9375,3214.875,2174.9375,,,,2545,3956.5,2545,1776.25,2500,1776.25,2104.32142857143,3102.14285714286,2104.32142857143,7962,7962,9783,9783,7862,7862,7871,7871,13839,13839,15532,14679,11291,11291,12496,12496,18943,18943,14939,14939,,,,,,,,,,,,,10182,10182,14605,12969,10930,10930,12172,12172,1051,988,2470,2328,930,970,2305,2197,1201,1235,3271,3883,1025,1051,3218,3291,1317,1351,3861,3693,,,,,,,,,,,,,1128,1139,4370,3543,1052,1053,2475,2525,13264387.5,14625585,13264387.5,19126002.1875,18841298.125,19126002.1875,,,,17916827.5,20611565,17916827.5,17268745,18197140,17268745,17850566.9642857,18399926.0714286,17850566.9642857,2555328.75,3586505,2555328.75,3251531.5625,4806238.125,3251531.5625,,,,3804775,5914967.5,3804775,2655493.75,3737500,2655493.75,3145960.53571429,4637703.57142857,3145960.53571429
249,"153","04","01","1530401","Cerrada, La",La Cerrada,La Cerrada Núcleo,22,"22",8859,10797,8859,46798.25,47530.5,46798.25,60428.375,59562.25,60428.375,34939.75,37623.5,34939.75,61214,76061,61214,45444.625,48522.75,45444.625,1499,2448,1499,4442.25,6542,4442.25,5557.75,8123.25,5557.75,5280,8820,5280,6401,10303,6401,4789.625,7393.25,4789.625,6921,6921,10797,10797,46066,46066,47530,47531,,,,,,,,,,,,,62459,62459,58579,58581,60130,60130,60543,60546,,,,,32256,32256,29674,45573,46367,46367,65183,86939,557,543,2448,2448,2341,2344,7502,5582,,,,,,,,,,,,,2838,2984,8549,6749,2993,3154,9519,7676,,,,,1826,1654,8250,9390,2527,2471,11016,9590,194898,237534,194898,1029561.5,1045671,1029561.5,1329424.25,1310369.5,1329424.25,768674.5,827717,768674.5,1346708,1673342,1346708,999781.75,1067500.5,999781.75,32978,53856,32978,97729.5,143924,97729.5,122270.5,178711.5,122270.5,116160,194040,116160,140822,226666,140822,105371.75,162651.5,105371.75
250,"009","06","01","0090601",Prado Norte,Prado Norte,Prado Norte Núcleo,2208,"2208",41217.5,54493,41217.5,10644.5,11264,10644.5,24370.875,23295.25,24370.875,14295,14967,14295,14285,14073,14285,21530.625,23564.5833333333,21530.625,4563,7492,4563,1474,2019,1474,2546.125,3402.75,2546.125,2185.5,3389,2185.5,1871,2643,1871,2530.95833333333,3724.75,2530.95833333333,27942,27942,54493,54493,10025,10025,11264,11264,,,,,,,,,,,,,26611,26611,22313,22313,24282,24282,24277,24278,,,,,13623,13623,14967,14967,14497,14497,14073,14073,1631,1637,7552,7432,846,1012,1989,2049,,,,,,,,,,,,,1411,1776,2916,3036,1562,2009,3586,4073,,,,,855,1109,3329,3449,939,1259,2583,2703,91008240,120320544,91008240,23503056,24870912,23503056,53810892,51435912,53810892,31563360,33047136,31563360,31541280,31073184,31541280,47539620,52030600,47539620,10075104,16542336,10075104,3254592,4457952,3254592,5621844,7513272,5621844,4825584,7482912,4825584,4131168,5835744,4131168,5588356,8224248,5588356
251,"009","08","01","0090801",Santo Domingo,Santo Domingo,Santo Domingo Núcleo,3211,"3211",43319,54358,43319,9969.5,9894,9969.5,23812.125,22351.75,23812.125,13522.5,13597,13522.5,15170,14890,15170,21600.875,22907.0833333333,21600.875,4211,6778,4211,1045.25,1335,1045.25,2273.875,3076.25,2273.875,1662.75,2555,1662.75,1705.25,2339,1705.25,2195.33333333333,3193.25,2195.33333333333,32280,32280,54511,54205,10045,10045,9894,9894,,,,,,,,,,,,,26437,26437,20957,20951,24108,24108,24673,22826,,,,,13448,13448,13597,13597,15450,15450,14890,14890,1631,1657,6778,6778,736,775,1335,1335,,,,,,,,,,,,,1250,1507,2862,2442,1402,1727,3791,3210,,,,,701,840,2555,2555,975,1168,2489,2189,139097309,174543538,139097309,32012064.5,31769634,32012064.5,76460733.375,71771469.25,76460733.375,43420747.5,43659967,43420747.5,48710870,47811790,48710870,69360409.625,73554644.5833333,69360409.625,13521521,21764158,13521521,3356297.75,4286685,3356297.75,7301412.625,9877838.75,7301412.625,5339090.25,8204105,5339090.25,5475557.75,7510529,5475557.75,7049215.33333333,10253525.75,7049215.33333333
252,"009","11","01","0091101",Dehesa Nueva,Dehesa Nueva,Dehesa Nueva Núcleo,10,"10",23067.5,22052,23067.5,14786.75,16174.5,14786.75,31472,31235.25,31472,16980.5,16964,16980.5,17116.5,16362,17116.5,22482.5416666667,22337.1666666667,22482.5416666667,3798,5687,3798,2203.25,3028.5,2203.25,3206.125,4370.5,3206.125,2957,4504,2957,2512.25,3492,2512.25,2980.45833333333,4242.08333333333,2980.45833333333,24083,24083,22910,21194,13399,13399,19083,13266,,,,,,,,,,,,,29986,36176,32594,26034,27657,33016,38314,27999,,,,,16997,16997,16964,16964,17871,17871,16362,16362,1926,1892,6437,4937,1261,1495,2923,3134,,,,,,,,,,,,,1820,2142,4073,3754,1951,2254,4974,4681,,,,,1269,1551,4504,4504,1352,1713,3492,3492,230675,220520,230675,147867.5,161745,147867.5,314720,312352.5,314720,169805,169640,169805,171165,163620,171165,224825.416666667,223371.666666667,224825.416666667,37980,56870,37980,22032.5,30285,22032.5,32061.25,43705,32061.25,29570,45040,29570,25122.5,34920,25122.5,29804.5833333333,42420.8333333333,29804.5833333333
253,"180","01","01","1800101",Villarejo de Salvanés,Villarejo de Salvanés,Villarejo de Salvanés Núcleo,7710,"7710",22117.75,21979.5,22117.75,45728.25,45371.5,45728.25,52239,54033,52239,28131,27321,28131,22756.5,22512,22756.5,34194.5,34243.4,34194.5,1756.5,2419,1756.5,3751.5,5321,3751.5,3684.25,5189,3684.25,2087.5,2968.5,2087.5,1681.75,2093.5,1681.75,2592.3,3598.2,2592.3,22256,22256,21937,22022,46085,46085,45370,45373,,,,,,,,,,,,,50445,50445,55316,52750,,,,,,,,,28941,28941,27321,27321,23001,23001,22693,22331,1101,1087,2602,2236,2156,2208,5761,4881,,,,,,,,,,,,,2115,2244,5783,4595,,,,,,,,,1197,1216,2941,2996,1278,1262,2039,2148,170527852.5,169461945,170527852.5,352564807.5,349814265,352564807.5,402762690,416594430,402762690,216890010,210644910,216890010,175452615,173567520,175452615,263639595,264016614,263639595,13542615,18650490,13542615,28924065,41024910,28924065,28405567.5,40007190,28405567.5,16094625,22887135,16094625,12966292.5,16140885,12966292.5,19986633,27742122,19986633
254,"180","02","01","1800201","Hijosas, Las",Las Hijosas,Las Hijosas Núcleo,114,"114",43703.5,55472,43703.5,67088,78411,67088,74488,88851,74488,49738,60856,49738,44755,56830,44755,55954.5,68084,55954.5,4744.5,7911,4744.5,6864,11069,6864,6737,10792,6737,4964,8250,4964,4883,8005,4883,5638.5,9205.4,5638.5,31935,31935,55472,55472,55765,55765,78411,78411,,,,,,,,,,,,,60125,60125,88851,88851,,,,,,,,,38620,38620,60856,60856,32680,32680,56830,56830,1578,1578,7911,7911,2616,2702,11069,11069,,,,,,,,,,,,,2629,2735,10792,10792,,,,,,,,,1663,1693,8250,8250,1754,1768,8005,8005,4982199,6323808,4982199,7648032,8938854,7648032,8491632,10129014,8491632,5670132,6937584,5670132,5102070,6478620,5102070,6378813,7761576,6378813,540873,901854,540873,782496,1261866,782496,768018,1230288,768018,565896,940500,565896,556662,912570,556662,642789,1049415.6,642789
255,"134","03","01","1340301",Club de Campo,Club de Campo,Club de Campo Núcleo,3012,"3012",13391.25,13230.5,13391.25,7605.5,7473,7605.5,21803.875,20180.5,21803.875,11171.5,11192,11171.5,11588.5,11152,11588.5,14560.75,13901.4166666667,14560.75,1965,2912.5,1965,1215.5,1766.5,1215.5,2260.75,3170.5,2260.75,1876,3080.5,1876,1569.75,2350.5,1569.75,1857.95833333333,2741.83333333333,1857.95833333333,13552,13552,15072,11389,7738,7738,7757,7189,,,,,,,,,,,,,24139,24139,18817,19580,21810,23621,20781,21544,,,,,11151,11151,11492,10892,12025,12025,12304,10000,914,1121,2869,2956,641,688,1440,2093,,,,,,,,,,,,,1142,1425,2719,2832,1292,1545,3389,3742,,,,,587,756,2848,3313,671,907,2322,2379,40334445,39850266,40334445,22907766,22508676,22907766,65673271.5,60783666,65673271.5,33648558,33710304,33648558,34904562,33589824,34904562,43856979,41871067,43856979,5918580,8772450,5918580,3661086,5320698,3661086,6809379,9549546,6809379,5650512,9278466,5650512,4728087,7079706,4728087,5596170.5,8258402,5596170.5
256,"148","01","01","1480101",Torrejón de Ardoz,Torrejón de Ardoz,Torrejón de Ardoz Núcleo,139715,"139715",1207,1031,1207,9177.25,10179.5,9177.25,,,,3523.25,3848.5,3523.25,2007.75,2373.5,2007.75,5018.5,5522.4,5018.5,545.25,835,545.25,1789.125,2889.5,1789.125,,,,913.25,1376,913.25,839,1373,839,1175.15,1872.6,1175.15,1383,1383,1031,1031,13377,13377,16078,15641,2973,2973,3287,5712,,,,,,,,,,,,,,,,,,,,,3198,3198,3725,3972,1642,1642,3127,1620,246,265,835,835,904,914,3959,3822,482,455,1581,2196,,,,,,,,,,,,,,,,,,,,,436,465,1394,1358,316,294,1379,1367,168636005,144046165,168636005,1282199483.75,1422228842.5,1282199483.75,,,,492250873.75,537693177.5,492250873.75,280512791.25,331613552.5,280512791.25,701159727.5,771562116,701159727.5,76179603.75,116662025,76179603.75,249967599.375,403706492.5,249967599.375,,,,127594723.75,192247840,127594723.75,117220885,191828695,117220885,164186082.25,261630309,164186082.25
257,"168","02","01","1680201","Vellón, El",El Vellón,El Vellón Núcleo,1776,"1776",12916.5,15217,12916.5,30316,32793,30316,44337.375,45607.25,44337.375,23559.25,24093.5,23559.25,32581.25,37021.5,32581.25,31341.2916666667,33389.9166666667,31341.2916666667,2307.5,3734.5,2307.5,2814,4188,2814,3902.875,5676.25,3902.875,2826.25,4504,2826.25,4123,6651.5,4123,3312.75,5071.75,3312.75,10616,10616,19108,11326,27839,27839,32793,32793,,,,,,,,,,,,,44232,44232,43842,43842,41903,41903,45807,48938,,,,,23025,23025,24254,23933,28141,28141,41407,32636,927,834,6078,1391,1415,1465,4188,4188,,,,,,,,,,,,,1903,2159,5235,5235,2066,2390,6090,6145,,,,,1221,1076,4594,4414,1597,1592,7991,5312,22939704,27025392,22939704,53841216,58240368,53841216,78743178,80998476,78743178,41841228,42790056,41841228,57864300,65750184,57864300,55662134,59300492,55662134,4098120,6632472,4098120,4997664,7437888,4997664,6931506,10081020,6931506,5019420,7999104,5019420,7322448,11813064,7322448,5883444,9007428,5883444
258,"148","04","01","1480401","Castillo, El",El Castillo,El Castillo Núcleo,779,"779",2723.75,2618.5,2723.75,12858.125,13675.25,12858.125,,,,4561.5,4624,4561.5,5723.25,6598.5,5723.25,7744.95,8238.3,7744.95,685.75,953.5,685.75,2301.25,3677.5,2301.25,,,,1075.75,1569,1075.75,1497.25,2181.5,1497.25,1572.25,2411.8,1572.25,2829,2829,2532,2705,17869,17869,18421,17737,6213,6213,10631,7912,,,,,,,,,,,,,,,,,,,,,4499,4499,5496,3752,4848,4848,6262,6935,417,419,823,1084,1129,1153,4393,4561,716,702,2851,2905,,,,,,,,,,,,,,,,,,,,,574,591,1389,1749,826,800,2002,2361,2121801.25,2039811.5,2121801.25,10016479.375,10653019.75,10016479.375,,,,3553408.5,3602096,3553408.5,4458411.75,5140231.5,4458411.75,6033316.05,6417635.7,6033316.05,534199.25,742776.5,534199.25,1792673.75,2864772.5,1792673.75,,,,838009.25,1222251,838009.25,1166357.75,1699388.5,1166357.75,1224782.75,1878792.2,1224782.75
259,"161","01","01","1610101",Valdemoro,Valdemoro,Valdemoro Núcleo,83423,"83423",3269.5,3864,3269.5,24545.75,26180.25,24545.75,,,,2899.75,3040.5,2899.75,3988.5,5317,3988.5,11849.85,12916.4,11849.85,618.5,797.5,618.5,2503.25,3639.5,2503.25,,,,747.5,1062.5,747.5,841,1236,841,1442.7,2075,1442.7,2675,2675,4944,2784,23048,25273,28448,23756,20549,22775,25328,27189,,,,,,,,,,,,,,,,,,,,,2759,2759,2776,3305,2660,2660,5317,5317,467,412,800,795,1378,1435,3062,3434,1323,1332,3966,4096,,,,,,,,,,,,,,,,,,,,,458,407,987,1138,462,430,1236,1236,272751498.5,322346472,272751498.5,2047680102.25,2184034995.75,2047680102.25,,,,241905844.25,253647631.5,241905844.25,332732635.5,443560091,332732635.5,988550036.55,1077524837.2,988550036.55,51597125.5,66529842.5,51597125.5,208828624.75,303618008.5,208828624.75,,,,62358692.5,88636937.5,62358692.5,70158743,103110828,70158743,120354362.1,173102725,120354362.1
260,"074","01","01","0740101",Fortuna,Fortuna,Fortuna Núcleo,13961,"13961",7191.75,9247.5,7191.75,10331.75,12032,10331.75,,,,3801.75,4255.5,3801.75,6101.5,7323,6101.5,7551.7,8978,7551.7,1020.75,1411.5,1020.75,1445.125,2127,1445.125,,,,696.25,1018.5,696.25,880.5,1211,880.5,1097.55,1579,1097.55,5136,5136,9235,9260,6416,6416,9954,9954,10847,10847,12114,16106,,,,,,,,,,,,,,,,,,,,,3348,3348,4750,3761,4880,4880,7323,7323,632,628,1387,1436,739,787,1285,1285,745,782,3037,2901,,,,,,,,,,,,,,,,,,,,,374,374,721,1316,538,562,1211,1211,100404021.75,129104347.5,100404021.75,144241561.75,167978752,144241561.75,,,,53076231.75,59411035.5,53076231.75,85183041.5,102236403,85183041.5,105429283.7,125341858,105429283.7,14250690.75,19705951.5,14250690.75,20175390.125,29695047,20175390.125,,,,9720346.25,14219278.5,9720346.25,12292660.5,16906771,12292660.5,15322895.55,22044419,15322895.55
261,"065","09","01","0650901",Adaro,Adaro,Adaro Núcleo,260,"260",10141,11837,10141,17640,20695.5,17640,13543.75,14340,13543.75,7320.25,8383.5,7320.25,5840,5696,5840,11338.125,12548.6666666667,11338.125,2295.5,3680,2295.5,3080.5,4743,3080.5,2447.125,3684,2447.125,1767.5,2922,1767.5,1436.5,2199.5,1436.5,2245.70833333333,3485.41666666667,2245.70833333333,8445,8445,11837,11837,14772,14397,26331,15060,,,,,,,,,,,,,16125,16125,22656,17866,9370,9370,8419,8419,,,,,6257,6257,10399,6368,5984,5984,5696,5696,905,917,3770,3590,1359,1477,5212,4274,,,,,,,,,,,,,1316,1917,5396,4373,727,881,2562,2405,,,,,606,620,3445,2399,661,686,2244,2155,2636660,3077620,2636660,4586400,5380830,4586400,3521375,3728400,3521375,1903265,2179710,1903265,1518400,1480960,1518400,2947912.5,3262653.33333333,2947912.5,596830,956800,596830,800930,1233180,800930,636252.5,957840,636252.5,459550,759720,459550,373490,571870,373490,583884.166666667,906208.333333333,583884.166666667
262,"165","01","01","1650101",Valdilecha,Valdilecha,Valdilecha Núcleo,3163,"3163",18676,23555,18676,43875,45895,43875,47569.5,48924,47569.5,25691.5,26673,25691.5,18139,21612,18139,30790.2,33331.8,30790.2,2640.5,4346,2640.5,4475,6755,4475,4325,6459,4325,2958.75,4704,2958.75,2200.75,3285,2200.75,3320,5109.8,3320,13797,13797,23555,23555,41855,41855,45895,45895,,,,,,,,,,,,,46215,46215,48924,48924,,,,,,,,,24710,24710,26673,26673,14666,14666,21612,21612,943,927,3897,4795,2163,2227,6785,6725,,,,,,,,,,,,,2138,2244,6459,6459,,,,,,,,,1209,1218,4704,4704,1123,1110,3285,3285,59072188,74504465,59072188,138776625,145165885,138776625,150462328.5,154746612,150462328.5,81262214.5,84366699,81262214.5,57373657,68358756,57373657,97389402.6,105428483.4,97389402.6,8351901.5,13746398,8351901.5,14154425,21366065,14154425,13679975,20429817,13679975,9358526.25,14878752,9358526.25,6960972.25,10390455,6960972.25,10501160,16162297.4,10501160
263,"074","02","01","0740201",Leganés,Leganés,Leganés Núcleo,179739,"179739",2034.5,2395,2034.5,2801.5,3218.5,2801.5,,,,3218,2968,3218,331,341,331,2237.3,2428.2,2237.3,521.75,767,521.75,803.25,1244.75,803.25,,,,518,632,518,176.5,299,176.5,564.55,837.5,564.55,1674,1674,1778,3012,849,849,553,553,3920,3920,7659,4109,,,,,,,,,,,,,,,,,,,,,3468,3468,2968,2968,321,321,341,341,281,272,851,683,165,160,449,449,568,554,2584,1497,,,,,,,,,,,,,,,,,,,,,412,396,632,632,51,57,299,299,365678995.5,430474905,365678995.5,503538808.5,578489971.5,503538808.5,,,,578400102,533465352,578400102,59493609,61290999,59493609,402130064.7,436442239.8,402130064.7,93778823.25,137859813,93778823.25,144375351.75,223730120.25,144375351.75,,,,93104802,113595048,93104802,31723933.5,53741961,31723933.5,101471652.45,150531412.5,101471652.45
264,"141","06","01","1410601",Sevilla la Nueva,Sevilla la Nueva,Sevilla la Nueva Núcleo,8108,"8108",7513.5,7583,7513.5,29005.1875,33838.375,29005.1875,,,,23724.75,31483.5,23724.75,7529.5,7600,7529.5,22112.6428571429,26002.8571428571,22112.6428571429,806,1059,806,2446.375,3468.375,2446.375,,,,2711,4579,2711,970,1355,970,2038.92857142857,2980.92857142857,2038.92857142857,7444,7444,7583,7583,19271,19271,20177,20177,27871,27871,58750,38230,20851,20851,24780,24780,28695,28695,30468,53345,,,,,,,,,,,,,15966,15966,25787,37180,7459,7459,7600,7600,569,537,1059,1059,1304,1332,2603,2603,1499,1523,3552,3622,1369,1365,2899,2899,1503,1500,4256,5313,,,,,,,,,,,,,834,852,4651,4507,596,574,1355,1355,60919458,61482964,60919458,235174060.25,274361544.5,235174060.25,,,,192360273,255268218,192360273,61049186,61620800,61049186,179289308.285714,210831165.714286,179289308.285714,6535048,8586372,6535048,19835208.5,28121584.5,19835208.5,,,,21980788,37126532,21980788,7864760,10986340,7864760,16531632.8571429,24169368.8571429,16531632.8571429
265,"141","07","01","1410701",Valdelagua,Valdelagua,Valdelagua Núcleo,43,"43",10789.25,12184.5,10789.25,27809.1875,30973.125,27809.1875,,,,20467,24990,20467,10464.75,11632.5,10464.75,21851.1071428571,24671.3571428571,21851.1071428571,2038.5,3354,2038.5,3548.125,5620.75,3548.125,,,,3386.75,5904,3386.75,1959.25,3181.5,1959.25,3082.42857142857,4988.92857142857,3082.42857142857,9394,9394,13170,11199,21231,21231,25506,27027,27849,27849,25093,37473,20828,20828,30109,29462,28673,28673,35797,37318,,,,,,,,,,,,,15944,15944,17343,32637,9297,9297,12094,11171,733,713,3819,2889,1431,1451,5296,4311,1526,1558,6846,5013,1393,1395,5573,5114,1521,1529,6937,5876,,,,,,,,,,,,,860,879,6148,5660,742,732,3738,2625,463937.75,523933.5,463937.75,1195795.0625,1331844.375,1195795.0625,,,,880081,1074570,880081,449984.25,500197.5,449984.25,939597.607142857,1060868.35714286,939597.607142857,87655.5,144222,87655.5,152569.375,241692.25,152569.375,,,,145630.25,253872,145630.25,84247.75,136804.5,84247.75,132544.428571429,214523.928571429,132544.428571429
266,"158","01","01","1580101",Valdemanco,Valdemanco,Valdemanco Núcleo,676,"676",20494.5,20993,20494.5,50195.75,55459.5,50195.75,58954.5,57749.5,58954.5,17354.5,17367,17354.5,38923,35403,38923,40812.7916666667,40786.9166666667,40812.7916666667,2296.75,3191,2296.75,4045,5980,4045,4212.75,5633,4212.75,1906,2787,1906,2871.25,3455,2871.25,3257.41666666667,4446.5,3257.41666666667,19996,19996,20993,20993,44932,44932,64286,46633,,,,,,,,,,,,,61324,61324,59935,53594,58995,58995,58780,58689,,,,,17342,17342,17367,17367,45233,39653,35403,35403,1414,1391,3191,3191,2076,2144,7402,4558,,,,,,,,,,,,,2578,2844,5288,5452,2755,2993,5310,6482,,,,,1038,1012,2787,2787,2285,2290,3364,3546,13854282,14191268,13854282,33932327,37490622,33932327,39853242,39038662,39853242,11731642,11740092,11731642,26311948,23932428,26311948,27589447.1666667,27571955.6666667,27589447.1666667,1552603,2157116,1552603,2734420,4042480,2734420,2847819,3807908,2847819,1288456,1884012,1288456,1940965,2335580,1940965,2202013.66666667,3005834,2202013.66666667
267,"015","01","01","0150101",Arroyomolinos,Arroyomolinos,Arroyomolinos Núcleo,15689,"15689",15126,18594,15126,14641.25,15389.5,14641.25,,,,15035,13132,15035,15520.25,15886.5,15520.25,14892.3214285714,15595.7857142857,14892.3214285714,1889,2965,1889,1617.9375,2300.875,1617.9375,,,,1692.5,2398.5,1692.5,1889.75,2755,1889.75,1706.14285714286,2474.57142857143,1706.14285714286,11658,11658,18594,18594,8600,8600,11013,11013,18732,18732,19217,18674,14073,14073,15631,15638,14167,14167,17262,14668,,,,,,,,,,,,,16938,16938,13132,13132,15154,15154,15883,15890,825,801,2965,2965,866,938,1636,1636,1052,1105,2974,2735,963,984,2382,2382,791,781,2557,2105,,,,,,,,,,,,,961,1012,2502,2295,992,1057,2759,2751,237311814,291721266,237311814,229706571.25,241445865.5,229706571.25,,,,235884115,206027948,235884115,243497202.25,249243298.5,243497202.25,233645630.892857,244682282.071429,233645630.892857,29636521,46517885,29636521,25383821.4375,36098427.875,25383821.4375,,,,26553632.5,37630066.5,26553632.5,29648287.75,43223195,29648287.75,26767675.2857143,38823551.1428571,26767675.2857143
268,"054","01","01","0540101","Alcor, El",El Alcor,El Alcor Núcleo,321,"321",10090.5,12035,10090.5,29504,30589,29504,45386,50377.6666666667,45386,5490,6875,5490,10264,13592,10264,27358.0714285714,30603.4285714286,27358.0714285714,1569,2449,1569,3815.25,5699.5,3815.25,3987.75,5591.16666666667,3987.75,936,1573,936,1748.75,2741,1748.75,2861.75,4176.57142857143,2861.75,8146,8146,12035,12035,28419,28419,30848,30330,,,,,,,,,,,,,46111,46111,60764,49020,46028,46028,60567,49177,29044,29044,41369,41369,4105,4105,6875,6875,6936,6936,13592,13592,697,681,2449,2449,1944,1918,6695,4704,,,,,,,,,,,,,2402,3083,5144,5608,2423,3061,5327,5763,1620,1717,6049,5656,297,301,1573,1573,785,728,2741,2741,3239050.5,3863235,3239050.5,9470784,9819069,9470784,14568906,16171231,14568906,1762290,2206875,1762290,3294744,4363032,3294744,8781940.92857143,9823700.57142857,8781940.92857143,503649,786129,503649,1224695.25,1829539.5,1224695.25,1280067.75,1794764.5,1280067.75,300456,504933,300456,561348.75,879861,561348.75,918621.75,1340679.42857143,918621.75
269,"168","01","01","1680101","Espartal, El",El Espartal,El Espartal Núcleo,158,"158",7325.5,6436,7325.5,33351.5,34855,33351.5,47325,47573.5,47325,28484.75,29079.5,28484.75,53491.75,74833.5,53491.75,36217.25,40058.5,36217.25,697,858,697,3507,5275,3507,4329.25,6242.25,4329.25,3462.75,5363,3462.75,5412.75,8928,5412.75,3623,5484.75,3623,8215,8215,6436,6436,31848,31848,34855,34855,,,,,,,,,,,,,48241,48241,45713,45904,45912,45912,50808,47869,,,,,27890,27890,29240,28919,32150,32150,74738,74929,545,527,858,858,1756,1722,5875,4675,,,,,,,,,,,,,2256,2387,5722,5722,2406,2616,6872,6653,,,,,1693,1432,4643,6083,1956,1839,8596,9260,1157429,1016888,1157429,5269537,5507090,5269537,7477350,7516613,7477350,4500590.5,4594561,4500590.5,8451696.5,11823693,8451696.5,5722325.5,6329243,5722325.5,110126,135564,110126,554106,833450,554106,684021.5,986275.5,684021.5,547114.5,847354,547114.5,855214.5,1410624,855214.5,572434,866590.5,572434
270,"015","02","01","0150201","Castañeras, Las",Las Castañeras,Las Castañeras Núcleo,21303,"21303",12977.25,14012.5,12977.25,11137.75,11564,11137.75,,,,8082,8808,8082,9452.25,10139.5,9452.25,10723.2142857143,11316.5714285714,10723.2142857143,1744.25,2666,1744.25,1685.9375,2545.875,1685.9375,,,,1747.25,2493,1747.25,1866.25,2741,1866.25,1728.78571428571,2583.35714285714,1728.78571428571,11942,11942,13906,14119,5453,5453,6779,6538,11612,11612,14983,14199,9065,9065,11397,11163,16716,16716,13847,13606,,,,,,,,,,,,,7356,7356,8898,8718,8765,8765,11649,8630,810,835,2332,3000,559,630,1772,1478,903,958,3110,2770,709,780,2518,2417,998,1071,3328,2974,,,,,,,,,,,,,997,1006,2638,2348,955,1028,2895,2587,276454356.75,298508287.5,276454356.75,237267488.25,246347892,237267488.25,,,,172170846,187636824,172170846,201361281.75,216001768.5,201361281.75,228436633.928571,241076921.142857,228436633.928571,37157757.75,56793798,37157757.75,35915526.5625,54234775.125,35915526.5625,,,,37221666.75,53108379,37221666.75,39756723.75,58391523,39756723.75,36828322.0714286,55033257.2142857,36828322.0714286
271,"015","03","01","0150301",Río Guadarrama,Río Guadarrama,Río Guadarrama Núcleo,284,"284",16020.25,17884.5,16020.25,16767.625,16297.25,16767.625,,,,16520,15763,16520,16806.25,18736.5,16806.25,16631,16796.1428571429,16631,3263,5077,3263,3005.4375,4325.25,3005.4375,,,,3196.25,4746,3196.25,3400,5196,3400,3125.85714285714,4617.14285714286,3125.85714285714,14156,14156,18010,17759,13142,13142,10429,10429,19119,19119,18634,18634,16571,16571,15174,15604,20120,20120,20737,20737,,,,,,,,,,,,,17277,17277,15763,15763,14876,14876,18487,18986,1448,1450,4777,5377,1499,1576,3448,3448,1783,1833,4786,4786,1587,1653,4494,4406,1796,1758,4617,4617,,,,,,,,,,,,,1583,1710,4746,4746,1608,1600,5205,5187,4549751,5079198,4549751,4762005.5,4628419,4762005.5,,,,4691680,4476692,4691680,4772975,5321166,4772975,4723204,4770104.57142857,4723204,926692,1441868,926692,853544.25,1228371,853544.25,,,,907735,1347864,907735,965600,1475664,965600,887743.428571429,1311268.57142857,887743.428571429
272,"057","02","02","0570202",Valle del Río,Valle del Río,Valle del Río Núcleo,12,"12",27240.75,28048.5,27240.75,41216.75,50662.5,41216.75,49311.5,51433.5,49311.5,25412,26974,25412,40573,45759,40573,38844.25,42385.1666666667,38844.25,3775.75,5458.5,3775.75,5828.25,9322.5,5828.25,5799.875,8682.25,5799.875,3882.75,6035,3882.75,5853.75,9305.5,5853.75,5156.70833333333,7914.33333333333,5156.70833333333,26433,26433,29904,26193,31771,31771,58531,42794,,,,,,,,,,,,,48358,48766,50505,47910,46029,45605,47657,59662,,,,,23850,23850,28555,25393,35387,35387,45915,45603,2099,2087,5603,5314,2233,2435,9868,8777,,,,,,,,,,,,,2791,2908,8362,8405,2962,3009,8931,9031,,,,,1746,1715,5645,6425,2308,2496,9240,9371,326889,336582,326889,494601,607950,494601,591738,617202,591738,304944,323688,304944,486876,549108,486876,466131,508622,466131,45309,65502,45309,69939,111870,69939,69598.5,104187,69598.5,46593,72420,46593,70245,111666,70245,61880.5,94972,61880.5
273,"902","04","01","9020401",Manjirón,Manjirón,Manjirón Núcleo,433,"433",75062,98074,75062,57535,60203,57535,71165.25,72235.5,71165.25,7040.5,7164,7040.5,75826,96484,75826,59632.3333333333,67732.6666666667,59632.3333333333,6712,10802,6712,4727.5,7017,4727.5,5674.375,8258.5,5674.375,920.75,1277,920.75,6560.5,10542,6560.5,5044.91666666667,7692.5,5044.91666666667,52050,52050,98074,98074,54867,54867,60203,60203,,,,,,,,,,,,,71260,71260,71253,71253,68930,68930,73218,73218,,,,,6917,6917,7164,7164,55168,55168,96484,96484,2662,2582,10802,10802,2438,2438,7017,7017,,,,,,,,,,,,,2934,3120,7884,7884,3086,3221,8633,8633,,,,,569,560,1277,1277,2580,2578,10542,10542,32501846,42466042,32501846,24912655,26067899,24912655,30814553.25,31277971.5,30814553.25,3048536.5,3102012,3048536.5,32832658,41777572,32832658,25820800.3333333,29328244.6666667,25820800.3333333,2906296,4677266,2906296,2047007.5,3038361,2047007.5,2457004.375,3575930.5,2457004.375,398684.75,552941,398684.75,2840696.5,4564686,2840696.5,2184448.91666667,3330852.5,2184448.91666667
274,"152","04","01","1520401","Estación, La",La Estación,La Estación Núcleo,5773,"5773",9890.5,9370,9890.5,17045.25,17782.5,17045.25,27108.1666666667,27689.6666666667,27108.1666666667,12240.75,10043.5,12240.75,16999.25,17736.5,16999.25,19642.8928571429,19714.5,19642.8928571429,1402.5,1882,1402.5,2393.25,3701,2393.25,2336.16666666667,3111.83333333333,2336.16666666667,1716.25,2583,1716.25,2366,3663,2366,2126.64285714286,3023.5,2126.64285714286,10411,10411,9370,9370,16308,16308,18126,17439,,,,,,,,,,,,,29515,29515,29207,29216,29432,29432,29364,29373,20633,20633,25148,23830,14438,14438,10035,10052,16262,16262,18080,17393,893,953,1882,1882,1091,1080,4200,3202,,,,,,,,,,,,,1465,2012,3126,2582,1504,1992,3281,2737,1104,1286,3805,3140,853,846,2561,2605,1073,1065,4162,3164,57097856.5,54093010,57097856.5,98402228.25,102658372.5,98402228.25,156495446.166667,159852445.666667,156495446.166667,70665849.75,57981125.5,70665849.75,98136670.25,102392814.5,98136670.25,113398420.464286,113811808.5,113398420.464286,8096632.5,10864786,8096632.5,13816232.25,21365873,13816232.25,13486690.1666667,17964613.8333333,13486690.1666667,9907911.25,14911659,9907911.25,13658918,21146499,13658918,12277109.2142857,17454665.5,12277109.2142857
275,"086","01","01","0860101","Molar, El",El Molar,El Molar Núcleo,9435,"9435",29637.5,27145,29637.5,24500,22675,24500,38082.375,34612.25,38082.375,43473.5,53753,43473.5,39095,51564,39095,35478.4583333333,37393.5833333333,35478.4583333333,2800.5,3940,2800.5,1883.75,2457,1883.75,2903.625,3799.25,2903.625,3958.25,6104,3958.25,3813.75,6176.5,3813.75,3043.91666666667,4379.33333333333,3043.91666666667,32130,32130,27145,27145,26325,26325,22675,22675,,,,,,,,,,,,,42717,42717,33724,33536,40388,40388,35689,35500,,,,,33194,33194,55413,52093,26626,26626,40379,62749,1565,1757,4063,3817,1279,1342,2607,2307,,,,,,,,,,,,,1783,2055,3654,3054,1922,2272,4525,3964,,,,,1791,1834,6644,5564,1445,1457,6281,6072,279629812.5,256113075,279629812.5,231157500,213938625,231157500,359307208.125,326566578.75,359307208.125,410172472.5,507159555,410172472.5,368861325,486506340,368861325,334739254.375,352808458.75,334739254.375,26422717.5,37173900,26422717.5,17773181.25,23181795,17773181.25,27395701.875,35845923.75,27395701.875,37346088.75,57591240,37346088.75,35982731.25,58275277.5,35982731.25,28719353.75,41319010,28719353.75
276,"074","06","02","0740602",Cerro del Castañar,Cerro del Castañar,Cerro del Castañar Núcleo,53,"53",7872,10130,7872,7965.375,8114.75,7965.375,,,,5544.75,6668.5,5544.75,9281.5,10663,9281.5,7725.8,8738.2,7725.8,1831.5,3044,1831.5,1541.875,2402.75,1541.875,,,,1748.25,2970.5,1748.25,1987.75,3131.5,1987.75,1730.25,2790.3,1730.25,5614,5614,10006,10254,9657,9657,11007,9058,5975,5975,6197,6197,,,,,,,,,,,,,,,,,,,,,4421,4421,8858,4479,8743,7057,12507,8819,630,608,2965,3123,831,829,3089,2646,534,530,1938,1938,,,,,,,,,,,,,,,,,,,,,527,525,3472,2469,855,833,3400,2863,417216,536890,417216,422164.875,430081.75,422164.875,,,,293871.75,353430.5,293871.75,491919.5,565139,491919.5,409467.4,463124.6,409467.4,97069.5,161332,97069.5,81719.375,127345.75,81719.375,,,,92657.25,157436.5,92657.25,105350.75,165969.5,105350.75,91703.25,147885.9,91703.25
277,"038","03","01","0380301",Puerto de Navacerrada,Puerto de Navacerrada,Puerto de Navacerrada Núcleo,113,"113",26198.25,31100.5,26198.25,26670.25,34101.5,26670.25,59627.6666666667,65648.3333333333,59627.6666666667,20628.25,30789.5,20628.25,26624.25,34055.5,26624.25,39857.7142857143,46713.1428571429,39857.7142857143,2805.25,4114,2805.25,3329.25,5356.5,3329.25,4772.66666666667,6664.33333333333,4772.66666666667,2904.25,5059,2904.25,3301,5318.5,3301,3808.25,5691.57142857143,3808.25,21296,21296,30477,31724,19239,19239,33574,34629,,,,,,,,,,,,,56595,56595,66438,67078,56513,56513,66609,67249,47713,47713,61922,64594,10467,10467,11245,50334,19193,19193,33528,34583,1487,1506,2961,5267,1321,1283,4099,6614,,,,,,,,,,,,,2862,3212,4876,7181,2882,3191,5034,7339,2544,2595,6818,8738,764,735,2403,7715,1303,1264,4061,6576,2960402.25,3514356.5,2960402.25,3013738.25,3853469.5,3013738.25,6737926.33333333,7418261.66666667,6737926.33333333,2330992.25,3479213.5,2330992.25,3008540.25,3848271.5,3008540.25,4503921.71428571,5278585.14285714,4503921.71428571,316993.25,464882,316993.25,376205.25,605284.5,376205.25,539311.333333333,753069.666666667,539311.333333333,328180.25,571667,328180.25,373013,600990.5,373013,430332.25,643147.571428571,430332.25
278,"052","02","01","0520201",Nuevo Chinchón,Nuevo Chinchón,Nuevo Chinchón Núcleo,496,"496",55145.25,84215.5,55145.25,59220.25,71985.5,59220.25,,,,36727,44027,36727,36091,45783,36091,49280.75,63599.3,49280.75,5055.75,8455,5055.75,5103,7691.75,5103,,,,4153.75,6418,4153.75,3572,5582.5,3572,4597.5,7167.8,4597.5,26075,26075,86409,82022,47704,47704,73367,73367,45206,45206,71437,69771,,,,,,,,,,,,,,,,,,,,,29427,29427,44064,43990,26399,26399,45820,45746,1698,1615,8305,8605,2572,2571,7533,7173,2467,2447,8064,7997,,,,,,,,,,,,,,,,,,,,,1919,1860,6879,5957,1574,1549,6108,5057,27352044,41770888,27352044,29373244,35704808,29373244,,,,18216592,21837392,18216592,17901136,22708368,17901136,24443252,31545252.8,24443252,2507652,4193680,2507652,2531088,3815108,2531088,,,,2060260,3183328,2060260,1771712,2768920,1771712,2280360,3555228.8,2280360
279,"052","01","01","0520101",Chinchón,Chinchón,Chinchón Núcleo,4460,"4460",52308.75,76662.5,52308.75,61292.25,74249,61292.25,,,,36326.5,42200,36326.5,34103.5,42492,34103.5,49064.65,61970.5,49064.65,4945.25,8075.5,4945.25,5073.375,7473.75,5073.375,,,,3035.25,4460.5,3035.25,2686,3792,2686,4162.65,6255.1,4162.65,27955,27955,88646,64679,49585,49585,75604,75696,47086,47086,73674,72022,,,,,,,,,,,,,,,,,,,,,34432,26474,46072,38328,25715,25715,42492,42492,1876,1754,8102,8049,2737,2705,7330,6910,2637,2613,7861,7794,,,,,,,,,,,,,,,,,,,,,1627,1593,4714,4207,1590,1570,3792,3792,233297025,341914750,233297025,273363435,331150540,273363435,,,,162016190,188212000,162016190,152101610,189514320,152101610,218828339,276388430,218828339,22055815,36016730,22055815,22627252.5,33332925,22627252.5,,,,13537215,19893830,13537215,11979560,16912320,11979560,18565419,27897746,18565419
280,"132","05","01","1320501",Poblado de Abajo,Poblado de Abajo,Poblado de Abajo Núcleo,36,"36",26735,31452,26735,29303.75,34781,29303.75,,,,41789,62355,41789,25100.75,30520.5,25100.75,30446.45,38777.9,30446.45,2369.5,3569,2369.5,2824.875,4373.25,2824.875,,,,4169.75,7150,4169.75,2563.5,3896,2563.5,2950.5,4672.3,2950.5,22018,22018,25463,37441,25076,25076,43334,29969,22577,22577,41243,24578,,,,,,,,,,,,,,,,,,,,,21223,21223,72292,52418,19681,19681,35964,25077,1212,1128,3749,3389,1336,1304,4351,4150,1274,1192,4567,4425,,,,,,,,,,,,,,,,,,,,,1197,1182,8071,6229,1260,1202,3869,3923,962460,1132272,962460,1054935,1252116,1054935,,,,1504404,2244780,1504404,903627,1098738,903627,1096072.2,1396004.4,1096072.2,85302,128484,85302,101695.5,157437,101695.5,,,,150111,257400,150111,92286,140256,92286,106218,168202.8,106218
281,"132","05","02","1320502",Poblado de Arriba,Poblado de Arriba,Poblado de Arriba Núcleo,122,"122",26379.25,31885.5,26379.25,28947.75,35214.5,28947.75,,,,42602.75,62788.5,42602.75,24745,30954,24745,30324.5,39211.4,30324.5,2518.75,3923,2518.75,2972.125,4727.25,2972.125,,,,4418.75,7504,4418.75,2715.25,4250,2715.25,3119.4,5026.3,3119.4,20873,20873,26657,37114,23930,23930,44528,29642,21432,21432,42437,24251,,,,,,,,,,,,,,,,,,,,,22417,22417,73486,52091,18536,18536,37158,24750,1143,1086,4163,3683,1260,1263,4765,4444,1191,1154,4981,4719,,,,,,,,,,,,,,,,,,,,,1333,1334,8485,6523,1191,1170,4283,4217,3218268.5,3890031,3218268.5,3531625.5,4296169,3531625.5,,,,5197535.5,7660197,5197535.5,3018890,3776388,3018890,3699589,4783790.8,3699589,307287.5,478606,307287.5,362599.25,576724.5,362599.25,,,,539087.5,915488,539087.5,331260.5,518500,331260.5,380566.8,613208.6,380566.8
282,"099","03","01","0990301",San Juan,San Juan,San Juan Núcleo,84,"84",53898,65019,53898,49519.6875,50560.375,49519.6875,,,,9175,9984,9175,48859.5,54927,48859.5,44287.3214285714,47453.0714285714,44287.3214285714,4052,6002,4052,3577.5625,4782.875,3577.5625,,,,1255,1988,1255,4178.25,6227.5,4178.25,3399.35714285714,4764.14285714286,3399.35714285714,42777,42777,69144,60894,45064,45064,49065,45109,51683,51683,51452,47005,44662,44662,48950,43567,52507,52507,65096,54239,,,,,,,,,,,,,8366,8366,9984,9984,42792,42792,48174,61680,2120,2084,6252,5752,2381,2323,5066,4548,2404,2405,4348,3918,2319,2280,5324,3271,2445,2421,6260,5528,,,,,,,,,,,,,512,532,1585,2391,2152,2106,6327,6128,4527432,5461596,4527432,4159653.75,4247071.5,4159653.75,,,,770700,838656,770700,4104198,4613868,4104198,3720135,3986058,3720135,340368,504168,340368,300515.25,401761.5,300515.25,,,,105420,166992,105420,350973,523110,350973,285546,400188,285546
283,"079","01","01","0790101",Madrid,Madrid,Madrid Núcleo,3422416,"3422416",1686.25,1739.5,1686.25,13472.5,12782,13472.5,4885.375,4684.25,4885.375,1038.25,1033.5,1038.25,1437.5,1293,1437.5,4567.54166666667,4369.41666666667,4567.54166666667,769,1109,769,2335.5,3193,2335.5,1196.25,1750.5,1196.25,497.5,728,497.5,568,706,568,1093.75,1539.5,1093.75,1633,1633,1652,1827,14163,14163,12782,12782,,,,,,,,,,,,,1929,1929,2213,2174,8244,8244,7175,7175,,,,,1043,1043,825,1242,1582,1582,1293,1293,455,403,1166,1052,1489,1467,3223,3163,,,,,,,,,,,,,476,464,1317,1063,835,793,2341,2281,,,,,281,253,754,702,458,402,700,712,5771048980,5953292632,5771048980,46108499560,43745321312,46108499560,16719785566,16031452148,16719785566,3553323412,3537066936,3553323412,4919723000,4425183888,4919723000,15632027680.6667,14953961510.6667,15632027680.6667,2631837904,3795459344,2631837904,7993052568,10927774288,7993052568,4094065140,5990939208,4094065140,1702651960,2491518848,1702651960,1943932288,2416225696,1943932288,3743267500,5268809432,3743267500
284,"099","04","01","0990401","Rocha, La",La Rocha,La Rocha Núcleo,55,"55",56158.5,71371,56158.5,48849.3125,51050.375,48849.3125,,,,10786.75,11682.5,10786.75,52690,64419,52690,45004.6428571429,50239.1428571429,45004.6428571429,4760.25,7434,4760.25,4196.75,6046.75,4196.75,,,,2094.75,3452.5,2094.75,4706.25,7289.5,4706.25,4049.75,6051.85714285714,4049.75,40946,40946,80328,62414,43234,43234,50584,46629,49852,49852,48780,48525,42831,42831,50469,45087,50676,50676,62570,55759,,,,,,,,,,,,,9891,9891,11862,11503,40961,40961,65638,63200,2115,2058,7712,7156,2369,2308,6246,5952,2417,2404,5325,5322,2277,2235,6804,4675,2407,2357,7118,6932,,,,,,,,,,,,,721,753,3110,3795,2150,2096,7047,7532,3088717.5,3925405,3088717.5,2686712.1875,2807770.625,2686712.1875,,,,593271.25,642537.5,593271.25,2897950,3543045,2897950,2475255.35714286,2763152.85714286,2475255.35714286,261813.75,408870,261813.75,230821.25,332571.25,230821.25,,,,115211.25,189887.5,115211.25,258843.75,400922.5,258843.75,222736.25,332852.142857143,222736.25
285,"099","05","01","0990501",Santa Ana,Santa Ana,Santa Ana Núcleo,48,"48",56584,72448,56584,50164.5,53906.75,50164.5,,,,57616.75,84455.5,57616.75,57003,73271,57003,53123.1071428571,63685.9285714286,53123.1071428571,5911.25,9812,5911.25,5186.6875,8109.5,5186.6875,,,,5830,9908.5,5830,6001.25,9961,6001.25,5498.46428571429,8874.21428571429,5498.46428571429,40720,40720,72448,72448,43008,43008,52530,52530,49626,49626,45183,45183,42605,42605,58941,58941,50450,50450,58973,58973,,,,,,,,,,,,,30778,30778,78061,90850,40735,40735,73271,73271,2034,1987,9812,9812,2286,2233,8236,8236,2330,2327,6879,6879,2181,2158,8651,8651,2318,2278,8672,8672,,,,,,,,,,,,,1758,1745,8932,10885,2063,2020,9961,9961,2716032,3477504,2716032,2407896,2587524,2407896,,,,2765604,4053864,2765604,2736144,3517008,2736144,2549909.14285714,3056924.57142857,2549909.14285714,283740,470976,283740,248961,389256,248961,,,,279840,475608,279840,288060,478128,288060,263926.285714286,425962.285714286,263926.285714286
286,"132","07","01","1320701",San Martín de la Vega,San Martín de la Vega,San Martín de la Vega Núcleo,19928,"19928",17935,20336,17935,30449.75,34536,30449.75,,,,17562,21214,17562,16228,16608,16228,22524.9,25446,22524.9,1870.25,2725.5,1870.25,3472.5,5384.5,3472.5,,,,2066.5,3004,2066.5,1267.75,1469,1267.75,2429.9,3593.5,2429.9,15534,15534,22031,18641,28634,28634,38456,38456,24093,24093,30616,30616,,,,,,,,,,,,,,,,,,,,,13910,13910,21370,21058,15848,15848,16608,16608,1027,1003,3215,2236,1577,1695,5182,5002,1468,1502,5677,5677,,,,,,,,,,,,,,,,,,,,,1106,1152,3023,2985,1061,1072,1469,1469,357408680,405255808,357408680,606802618,688233408,606802618,,,,349975536,422752592,349975536,323391584,330964224,323391584,448876207.2,507087888,448876207.2,37270342,54313764,37270342,69199980,107302316,69199980,,,,41181212,59863712,41181212,25263722,29274232,25263722,48423047.2,71611268,48423047.2
287,"167","01","01","1670101",Velilla de San Antonio,Velilla de San Antonio,Velilla de San Antonio Núcleo,14008,"14008",14771,13915,14771,23110.5,25584,23110.5,23982,29402,23982,10143,10522,10143,23762,36197,23762,19153.7,23124,19153.7,1790.75,2365.5,1790.75,2791,4178.5,2791,2924,4696.5,2924,1555.25,2325,1555.25,2797.75,4487,2797.75,2371.75,3610.5,2371.75,15627,15627,12256,15574,20637,20637,25584,25584,,,,,,,,,,,,,18562,18562,29743,29061,,,,,,,,,9764,9764,10522,10522,11327,11327,36197,36197,1167,1265,2379,2352,1372,1435,4153,4204,,,,,,,,,,,,,1061,1242,4810,4583,,,,,,,,,796,775,2325,2325,1053,1164,4718,4256,206912168,194921320,206912168,323731884,358380672,323731884,335939856,411863216,335939856,142083144,147392176,142083144,332858096,507047576,332858096,268305029.6,323920992,268305029.6,25084826,33135924,25084826,39096328,58532428,39096328,40959392,65788572,40959392,21785942,32568600,21785942,39190882,62853896,39190882,33223474,50575884,33223474
288,"176","04","01","1760401",Villanueva de la Cañada,Villanueva de la Cañada,Villanueva de la Cañada Núcleo,18138,"18138",27506.75,33911.5,27506.75,61429,77353,61429,30930.75,32672.1666666667,30930.75,27443.25,29484.5,27443.25,21260.75,22642.5,21260.75,32918.8571428571,37344,32918.8571428571,2896.75,4327.5,2896.75,4210.75,6073,4210.75,2605.91666666667,3264.5,2605.91666666667,2439.75,3413,2439.75,2144.5,2821,2144.5,2787.07142857143,3775.42857142857,2787.07142857143,21102,21102,27285,40538,45505,45505,79862,74844,,,,,,,,,,,,,34906,34906,38887,35341,34823,34823,39044,35498,17839,17839,25789,21474,25402,25402,29172,29797,19879,19879,25608,19677,1480,1452,4383,4272,2325,2372,7121,5025,,,,,,,,,,,,,1944,2636,3318,3273,1975,2717,3473,3428,1155,1257,3458,2637,1423,1510,3653,3173,1412,1524,2842,2800,498917431.5,615086787,498917431.5,1114199202,1403028714,1114199202,561021943.5,592607759,561021943.5,497765668.5,534789861,497765668.5,385627483.5,410689665,385627483.5,597082230.857143,677345472,597082230.857143,52541251.5,78492195,52541251.5,76374583.5,110152074,76374583.5,47266116.5,59211501,47266116.5,44252185.5,61904994,44252185.5,38896941,51167298,38896941,50551901.5714286,68478723.4285714,50551901.5714286
289,"052","03","01","0520301","Cohonares, Los",Los Cohonares,Los Cohonares Núcleo,101,"101",19305,19926,19305,41051.5,43039,41051.5,,,,28384,27802,28384,28413.75,30889.5,28413.75,31641.15,32939.1,31641.15,2933,4315,2933,4432.125,6455,4432.125,,,,3337,4846,3337,4026,6553,4026,3832.05,5724.8,3832.05,18684,18684,19926,19926,40313,40313,38191,38191,37815,37815,47887,47887,,,,,,,,,,,,,,,,,,,,,28966,28966,27875,27729,25938,25938,29492,32287,1582,1520,4315,4315,2441,2469,6013,6013,2367,2360,7047,6747,,,,,,,,,,,,,,,,,,,,,1864,1792,5134,4558,1511,1487,8548,4558,1949805,2012526,1949805,4146201.5,4346939,4146201.5,,,,2866784,2808002,2866784,2869788.75,3119839.5,2869788.75,3195756.15,3326849.1,3195756.15,296233,435815,296233,447644.625,651955,447644.625,,,,337037,489446,337037,406626,661853,406626,387037.05,578204.8,387037.05
290,"083","02","01","0830201",Meco,Meco,Meco Núcleo,15806,"15806",12068.5,14695,12068.5,13529.25,15695,13529.25,,,,13464.75,16361.5,13464.75,12144,16038,12144,12947.15,15696.9,12947.15,1730.25,2390,1730.25,1585.125,2337.5,1585.125,,,,2064,3319.5,2064,1873,3026,1873,1767.5,2682.1,1767.5,9442,9442,14695,14695,6759,6759,10312,10312,15968,15968,21078,21078,,,,,,,,,,,,,,,,,,,,,10568,10568,17349,15374,8250,8250,16038,16038,1086,1055,2390,2390,628,630,1325,1325,1007,1066,3200,3500,,,,,,,,,,,,,,,,,,,,,808,809,3563,3076,722,718,3176,2876,190754711,232269170,190754711,213843325.5,248075170,213843325.5,,,,212823838.5,258609869,212823838.5,191948064,253496628,191948064,204642652.9,248105201.4,204642652.9,27348331.5,37776340,27348331.5,25054485.75,36946525,25054485.75,,,,32623584,52468017,32623584,29604638,47828956,29604638,27937105,42393272.6,27937105
291,"127","01","01","1270101","Chopera, La",La Chopera,La Chopera Núcleo,739,"739",7195,9206,7195,43105.75,60618.5,43105.75,16272.25,16485.8333333333,16272.25,7376,9260,7376,6115,6326,6115,16086.9285714286,19266.8571428571,16086.9285714286,1352.75,2283,1352.75,3257.25,5206.5,3257.25,1842.16666666667,2486.66666666667,1842.16666666667,1560.25,2706.5,1560.25,1066.75,1640.5,1066.75,1823.35714285714,2756.64285714286,1823.35714285714,5184,5184,9206,9206,25593,25593,62198,59039,,,,,,,,,,,,,19602,19602,19536,19536,19520,19520,19693,19693,9054,9054,10948,9509,5492,5492,10046,8474,5904,5904,6336,6316,415,430,2299,2267,1324,1292,6216,4197,,,,,,,,,,,,,1143,1703,2666,2401,1173,1673,2821,2556,685,809,2355,2121,417,411,2737,2676,471,515,1632,1649,5317105,6803234,5317105,31855149.25,44797071.5,31855149.25,12025192.75,12183030.8333333,12025192.75,5450864,6843140,5450864,4518985,4674914,4518985,11888240.2142857,14238207.4285714,11888240.2142857,999682.25,1687137,999682.25,2407107.75,3847603.5,2407107.75,1361361.16666667,1837646.66666667,1361361.16666667,1153024.75,2000103.5,1153024.75,788328.25,1212329.5,788328.25,1347460.92857143,2037159.07142857,1347460.92857143
292,"127","04","01","1270401","Rozas de Madrid, Las",Las Rozas de Madrid,Las Rozas de Madrid Núcleo,51817,"51817",5270,5202,5270,32703.75,41225.5,32703.75,14767.6666666667,14693.6666666667,14767.6666666667,4256.5,4604,4256.5,3639,3994,3639,12881.75,14158.0714285714,12881.75,875.75,1177,875.75,2783.75,4255.5,2783.75,1662.83333333333,2116.66666666667,1662.83333333333,897.5,1412,897.5,815.25,1116,815.25,1480.10714285714,2044.35714285714,1480.10714285714,6392,4284,5202,5202,24182,24182,26254,56197,,,,,,,,,,,,,17194,17194,17883,16694,17111,17111,18040,16851,10220,10220,9347,9347,3909,3909,4604,4604,3284,3284,3994,3994,533,616,1177,1177,1322,1302,4371,4140,,,,,,,,,,,,,1080,1660,2479,2224,1118,1652,2634,2379,817,927,1492,1492,384,382,1412,1412,520,509,1116,1116,273075590,269552034,273075590,1694610213.75,2136181733.5,1694610213.75,765216183.666667,761381725.666667,765216183.666667,220559060.5,238565468,220559060.5,188562063,206957098,188562063,667493639.75,733628787.214286,667493639.75,45378737.75,60988609,45378737.75,144245573.75,220507243.5,144245573.75,86163034.8333333,109679316.666667,86163034.8333333,46505757.5,73165604,46505757.5,42243809.25,57827772,42243809.25,76694711.8214286,105932454.071429,76694711.8214286
293,"076","01","01","0760101",Lozoya,Lozoya,Lozoya Núcleo,600,"600",63073.75,81727.5,63073.75,77258,87886,77258,84519.875,87181.25,84519.875,24820,30972,24820,89962.5,112994,89962.5,70692.3333333333,81323.6666666667,70692.3333333333,6806.25,11474.5,6806.25,6075.5,9212.5,6075.5,6306,9007.75,6306,2195.75,3302,2195.75,7274,11440.5,7274,5827.25,8907.5,5827.25,44420,44420,47254,116201,66630,66630,94436,81336,,,,,,,,,,,,,83023,83023,80012,92386,80694,80694,81976,94351,,,,,18668,18668,30972,30972,66931,66931,108371,117617,2179,2097,12140,10809,2940,2937,10651,7774,,,,,,,,,,,,,3450,3616,8701,8641,3585,3766,9371,9318,,,,,1111,1068,3302,3302,3127,3088,11482,11399,37844250,49036500,37844250,46354800,52731600,46354800,50711925,52308750,50711925,14892000,18583200,14892000,53977500,67796400,53977500,42415400,48794200,42415400,4083750,6884700,4083750,3645300,5527500,3645300,3783600,5404650,3783600,1317450,1981200,1317450,4364400,6864300,4364400,3496350,5344500,3496350
294,"070","01","01","0700101",Horcajo de la Sierra,Horcajo de la Sierra,Horcajo de la Sierra Núcleo,104,"104",50940.75,55275.5,50940.75,80001,91186,80001,87262.25,90481,87262.25,26090,31327,26090,92872,116627,92872,70738.0416666667,79229.5833333333,70738.0416666667,5696.75,9417,5696.75,5556.75,8319.5,5556.75,5824.625,8210,5824.625,2310,3699,2310,6938.25,10936,6938.25,5358.5,8131.91666666667,5358.5,46606,46606,43052,67499,68816,68816,75804,106568,,,,,,,,,,,,,85208,85208,86853,92144,82879,82879,88818,94109,,,,,20853,20853,22504,40150,69117,69117,112084,121170,1996,1957,8457,10377,2772,2816,7151,9488,,,,,,,,,,,,,3318,3460,8018,7538,3411,3568,8767,8517,,,,,918,924,3099,4299,2936,2945,10676,11196,5297838,5748652,5297838,8320104,9483344,8320104,9075274,9410024,9075274,2713360,3258008,2713360,9658688,12129208,9658688,7356756.33333333,8239876.66666667,7356756.33333333,592462,979368,592462,577902,865228,577902,605761,853840,605761,240240,384696,240240,721578,1137344,721578,557284,845719.333333333,557284
295,"070","02","01","0700201",Aoslos,Aoslos,Aoslos Núcleo,94,"94",49640,55677,49640,78539.25,91264.5,78539.25,85800.5,90559.5,85800.5,24628.25,31405.5,24628.25,82821.75,99528.5,82821.75,67871.7083333333,76499.0833333333,67871.7083333333,5690,9501,5690,5541.25,8403.5,5541.25,5821.25,8294,5821.25,2304.25,3783,2304.25,6571.75,10294.5,6571.75,5291.625,8095,5291.625,43603,43603,46731,64623,65814,65814,79483,103046,,,,,,,,,,,,,82206,82206,90532,88622,79877,79877,92497,90587,,,,,17851,17851,26183,36628,66115,66115,81409,117648,1891,1867,8841,10161,2641,2717,7535,9272,,,,,,,,,,,,,3183,3376,8402,7322,3317,3518,9151,8301,,,,,821,830,3483,4083,2814,2884,9609,10980,4666160,5233638,4666160,7382689.5,8578863,7382689.5,8065247,8512593,8065247,2315055.5,2952117,2315055.5,7785244.5,9355679,7785244.5,6379940.58333333,7190913.83333333,6379940.58333333,534860,893094,534860,520877.5,789929,520877.5,547197.5,779636,547197.5,216599.5,355602,216599.5,617744.5,967683,617744.5,497412.75,760930,497412.75
296,"122","02","01","1220201",Paraje del Arzobispo,Paraje del Arzobispo,Paraje del Arzobispo Núcleo,219,"219",27366.25,28251.5,27366.25,41341,50863,41341,49435.625,51634.5,49435.625,25537.5,27177,25537.5,40696.75,45959.5,40696.75,38968.7916666667,42586.6666666667,38968.7916666667,2872.75,3887,2872.75,4936.75,7767.5,4936.75,4905,7127.25,4905,2979.75,4463.5,2979.75,4959.5,7750.5,4959.5,4259.79166666667,6353.83333333333,4259.79166666667,26481,26481,30035,26468,31819,31819,58658,43068,,,,,,,,,,,,,48405,48813,50632,48185,46076,45653,47784,59937,,,,,23898,23898,28687,25667,35434,35434,46042,45877,1878,1839,4444,3330,2019,2193,8742,6793,,,,,,,,,,,,,2575,2660,7236,6421,2718,2778,7805,7047,,,,,1510,1482,4486,4441,2086,2251,8114,7387,5993208.75,6187078.5,5993208.75,9053679,11138997,9053679,10826401.875,11307955.5,10826401.875,5592712.5,5951763,5592712.5,8912588.25,10065130.5,8912588.25,8534165.375,9326480,8534165.375,629132.25,851253,629132.25,1081148.25,1701082.5,1081148.25,1074195,1560867.75,1074195,652565.25,977506.5,652565.25,1086130.5,1697359.5,1086130.5,932894.375,1391489.5,932894.375
297,"058","01","02","0580102",Fuenlabrada,Fuenlabrada,Fuenlabrada Núcleo,162782,"162782",3038,3086,3038,12272.25,11467.5,12272.25,,,,7443,8189,7443,1677,1175,1677,8749.57142857143,8331.42857142857,8749.57142857143,757.5,1064,757.5,1986.3125,3002.125,1986.3125,,,,1622.75,2834,1622.75,655,983,655,1568.64285714286,2412.78571428571,1568.64285714286,2990,2990,3086,3086,13831,13831,10068,10068,15070,15070,17543,17543,16593,16593,13638,13638,6814,6814,5475,3767,,,,,,,,,,,,,6697,6697,8189,8189,2179,2179,1175,1175,458,444,1064,1064,1259,1255,2872,2812,961,991,3544,3484,1033,1018,3619,3559,615,632,2647,1480,,,,,,,,,,,,,414,409,2834,2834,333,321,983,983,494531716,502345252,494531716,1997701399.5,1866702585,1997701399.5,,,,1211586426,1333021798,1211586426,272985414,191268850,272985414,1424272736.28571,1356206605.71429,1424272736.28571,123307365,173200048,123307365,323335921.375,488691911.75,323335921.375,,,,264154490.5,461324188,264154490.5,106622210,160014706,106622210,255346821.571429,392758084.142857,255346821.571429
298,"058","05","01","0580501",Loranca,Loranca,Loranca Núcleo,25546,"25546",5176,4925,5176,7297.375,7552.5,7297.375,,,,3807.5,3605,3807.5,5313,5898,5313,6212.28571428571,6376.85714285714,6212.28571428571,1163.5,1709,1163.5,1350.9375,2017.25,1350.9375,,,,974.25,1569,974.25,1331.25,2081,1331.25,1267.53571428571,1918.28571428571,1267.53571428571,5427,5427,4925,4925,6809,6809,5358,5358,8048,8048,12833,12833,9571,9571,8927,8927,3741,3741,3092,3092,,,,,,,,,,,,,4010,4010,3605,3605,4728,4728,4716,7080,631,605,1739,1679,930,956,1776,1716,663,747,2448,2388,729,762,2523,2463,350,340,1442,1382,,,,,,,,,,,,,384,375,1569,1569,537,626,1781,2381,132226096,125814050,132226096,186418741.75,192936165,186418741.75,,,,97266395,92093330,97266395,135725898,150670308,135725898,158699050.857143,162903192.571429,158699050.857143,29722771,43658114,29722771,34511049.375,51532668.5,34511049.375,,,,24888190.5,40081674,24888190.5,34008112.5,53161226,34008112.5,32380467.3571429,49004526.8571429,32380467.3571429
299,"178","01","01","1780101",Villanueva de Perales,Villanueva de Perales,Villanueva de Perales Núcleo,1642,"1642",15997.75,16459.5,15997.75,33392.9375,34444.875,33392.9375,,,,28950,43657,28950,15804.75,16058.5,15804.75,27760.6071428571,30564.9285714286,27760.6071428571,1571.75,2025.5,1571.75,2974.9375,4308.5,2974.9375,,,,2688.75,4506.5,2688.75,1642.5,2135,1642.5,2543.25,3700.14285714286,2543.25,15536,15536,17373,15546,28926,28926,29967,28140,35545,35545,35651,35801,28524,28524,34569,32742,36369,36369,40258,38431,,,,,,,,,,,,,14243,14243,34519,52795,15551,15551,16555,15562,1148,1088,2079,1972,1628,1612,3560,3516,1687,1691,4909,4464,1581,1551,3837,3812,1702,1679,5201,5169,,,,,,,,,,,,,864,878,3709,5304,1177,1123,2002,2268,26268305.5,27026499,26268305.5,54831203.375,56558484.75,54831203.375,,,,47535900,71684794,47535900,25951399.5,26368057,25951399.5,45582916.9285714,50187612.7142857,45582916.9285714,2580813.5,3325871,2580813.5,4884847.375,7074557,4884847.375,,,,4414927.5,7399673,4414927.5,2696985,3505670,2696985,4176016.5,6075634.57142857,4176016.5
300,"176","06","03","1760603","Raya del Palancar - Guadamonte, La",La Raya del Palancar - Guadamonte,La Raya del Palancar - Guadamonte Núcleo,1316,"1316",29729.75,39581.5,29729.75,52947.25,64039.5,52947.25,28951.1666666667,32215.6666666667,28951.1666666667,16016.75,16848.5,16016.75,21136,22911,21136,29526.1785714286,34289.6428571429,29526.1785714286,3126.25,4923,3126.25,4908.75,7594,4908.75,2929,3967.66666666667,2929,3099.25,5299.5,3099.25,2823.5,4136,2823.5,3249.25,4836.5,3249.25,19878,19878,40080,39083,41855,41855,49958,78121,,,,,,,,,,,,,31749,31749,39517,38572,31666,31666,39674,38743,13645,13645,14728,22060,15185,15185,17997,15700,19361,19361,19534,26288,1331,1328,5119,4727,2166,2281,8432,6756,,,,,,,,,,,,,1874,2712,4420,4351,1903,2660,4575,4509,1008,1185,3298,2653,888,910,6169,4430,1437,1585,4239,4033,39124351,52089254,39124351,69678581,84275982,69678581,38099735.3333333,42395817.3333333,38099735.3333333,21078043,22172626,21078043,27814976,30150876,27814976,38856451,45125170,38856451,4114145,6478668,4114145,6459915,9993704,6459915,3854564,5221449.33333333,3854564,4078613,6974142,4078613,3715726,5442976,3715726,4276013,6364834,4276013
301,"074","06","04","0740604",Prado Overa,Prado Overa,Prado Overa Núcleo,64,"64",6075.75,6812.5,6075.75,7668,7795.5,7668,,,,3630,3114,3630,7218.25,7654.5,7218.25,6452,6634.4,6452,1622,2669,1622,1636.875,2637,1636.875,,,,1320.75,2165,1320.75,1750.75,2689,1750.75,1593.45,2559.4,1593.45,5339,5339,7673,5952,9382,9382,8297,7862,5699,5699,7687,7336,,,,,,,,,,,,,,,,,,,,,4146,4146,3306,2922,6782,6782,8059,7250,587,563,2642,2696,786,783,2501,2752,498,480,2903,2392,,,,,,,,,,,,,,,,,,,,,483,470,1971,2359,849,776,2759,2619,388848,436000,388848,490752,498912,490752,,,,232320,199296,232320,461968,489888,461968,412928,424601.6,412928,103808,170816,103808,104760,168768,104760,,,,84528,138560,84528,112048,172096,112048,101980.8,163801.6,101980.8
302,"061","04","01","0610401","Cuestas, Las",Las Cuestas,Las Cuestas Núcleo,372,"372",42473,52222,42473,53348.75,70789.5,53348.75,26272.4166666667,28078.5,26272.4166666667,18817.5,21828,18817.5,15446.5,17565,15446.5,29843.2857142857,35234.2857142857,29843.2857142857,5077.75,8371.5,5077.75,6057.75,10116.5,6057.75,3934.25,6067.5,3934.25,3664.25,6211,3664.25,3272.5,5313,3272.5,4267.85714285714,6887.78571428571,4267.85714285714,32724,32724,65320,39124,35908,35908,71178,70401,,,,,,,,,,,,,29157,29157,30157,31194,29074,29074,30328,31365,15168,15168,22595,22832,15807,15807,23306,20350,13328,13328,16910,18220,1803,1765,9022,7721,2014,1984,9984,10249,,,,,,,,,,,,,1835,2327,6292,5797,1865,2319,6450,5955,1203,1257,6572,5339,1121,1114,6816,5606,1243,1221,5953,4673,15799956,19426584,15799956,19845735,26333694,19845735,9773339,10445202,9773339,7000110,8120016,7000110,5746098,6534180,5746098,11101702.2857143,13107154.2857143,11101702.2857143,1888923,3114198,1888923,2253483,3763338,2253483,1463541,2257110,1463541,1363101,2310492,1363101,1217370,1976436,1217370,1587642.85714286,2562256.28571429,1587642.85714286
303,"013","02","01","0130201",Aranjuez,Aranjuez,Aranjuez Núcleo,53662,"53662",778.5,860,778.5,44799,43669.5,44799,,,,1513,1660,1513,4967,6273,4967,19371.3,19226.4,19371.3,270.75,332,270.75,2980.125,3822.25,2980.125,,,,355,502,355,621.75,762,621.75,1441.55,1848.1,1441.55,697,697,860,860,47178,47178,45057,45057,44679,44679,41769,42795,,,,,,,,,,,,,,,,,,,,,1366,1366,1660,1660,3661,3661,6273,6273,241,178,297,367,2190,2165,3733,3673,2130,2067,3950,3933,,,,,,,,,,,,,,,,,,,,,217,199,502,502,505,458,762,762,41775867,46149320,41775867,2404003938,2343392709,2404003938,,,,81190606,89078920,81190606,266539154,336621726,266539154,1039502700.6,1031727076.8,1039502700.6,14528986.5,17815784,14528986.5,159919467.75,205109579.5,159919467.75,,,,19050010,26938324,19050010,33364348.5,40890444,33364348.5,77356456.1,99172742.2,77356456.1
304,"013","02","02","0130202",Academia Especial de la Guardia Civil,Academia Especial de la Guardia Civil,Academia Especial de la Guardia Civil Núcleo,87,"87",7614,12776,7614,47431.375,54995.75,47431.375,,,,8596.5,13597,8596.5,2283.5,2578,2283.5,22671.35,27788.5,22671.35,796.5,1281,796.5,3419.5,4942,3419.5,,,,1140,1812,1140,522.75,848,522.75,1859.65,2765,1859.65,2452,2452,12776,12776,41116,41116,56956,56956,38618,38618,53616,52455,,,,,,,,,,,,,,,,,,,,,3596,3596,13597,13597,1989,1989,2578,2578,324,300,1281,1281,1885,1995,4703,4943,1813,1895,4903,5219,,,,,,,,,,,,,,,,,,,,,485,451,1812,1812,193,202,848,848,662418,1111512,662418,4126529.625,4784630.25,4126529.625,,,,747895.5,1182939,747895.5,198664.5,224286,198664.5,1972407.45,2417599.5,1972407.45,69295.5,111447,69295.5,297496.5,429954,297496.5,,,,99180,157644,99180,45479.25,73776,45479.25,161789.55,240555,161789.55
305,"013","02","03","0130203","Tejeras, Las",Las Tejeras,Las Tejeras Núcleo,20,"20",5086.5,6890,5086.5,43683.625,49109.75,43683.625,,,,6069,7711,6069,1216,1033,1216,19947.75,22770.7,19947.75,882.25,1474,882.25,3463.75,5135,3463.75,,,,1229,2005,1229,498,859,498,1907.35,2921.6,1907.35,3283,3283,6890,6890,39507,39507,51070,51070,37008,37008,47730,46569,,,,,,,,,,,,,,,,,,,,,4427,4427,7711,7711,1399,1399,1033,1033,304,277,1474,1474,1777,1898,4896,5136,1707,1788,5096,5412,,,,,,,,,,,,,,,,,,,,,473,433,2005,2005,133,141,859,859,101730,137800,101730,873672.5,982195,873672.5,,,,121380,154220,121380,24320,20660,24320,398955,455414,398955,17645,29480,17645,69275,102700,69275,,,,24580,40100,24580,9960,17180,9960,38147,58432,38147
306,"127","10","01","1271001",Residencia de Ancianos,Residencia de Ancianos,Residencia de Ancianos Núcleo,258,"258",1988,1101,1988,23767.25,23797.5,23767.25,17527.25,18658.5,17527.25,2590,1715,2590,8449.5,8352,8449.5,12768.0714285714,12991.5714285714,12768.0714285714,460.25,641,460.25,2781,4336.5,2781,1870,2560.83333333333,1870,870.75,1444,870.75,1135.25,1661,1135.25,1551.03571428571,2252.14285714286,1551.03571428571,2875,2875,1213,989,23737,23737,23962,23633,,,,,,,,,,,,,19008,19008,21242,21242,18925,18925,21399,21399,11255,11255,13954,12715,3465,3465,1715,1715,8547,8547,9342,7362,286,273,470,812,1250,1201,4767,3906,,,,,,,,,,,,,1051,1604,2643,2643,1087,1564,2798,2798,806,963,2398,2085,312,283,1444,1444,573,646,1675,1647,512904,284058,512904,6131950.5,6139755,6131950.5,4522030.5,4813893,4522030.5,668220,442470,668220,2179971,2154816,2179971,3294162.42857143,3351825.42857143,3294162.42857143,118744.5,165378,118744.5,717498,1118817,717498,482460,660695,482460,224653.5,372552,224653.5,292894.5,428538,292894.5,400167.214285714,581052.857142857,400167.214285714
307,"902","01","01","9020101",Paredes de Buitrago,Paredes de Buitrago,Paredes de Buitrago Núcleo,67,"67",79407,101106,79407,73053,85581,73053,73946.5,72140,73946.5,15869.5,19164,15869.5,80171,99516,80171,66065.5833333333,74941.1666666667,66065.5833333333,6034.75,8990,6034.75,5394.75,7913,5394.75,4931.875,6298,4931.875,1960.75,2904,1960.75,5900.5,8744,5900.5,4859.08333333333,6857.83333333333,4859.08333333333,57708,57708,101106,101106,60525,60525,85581,85581,,,,,,,,,,,,,76918,76918,71158,71158,74588,74588,73122,73122,,,,,12575,12575,19164,19164,60826,60826,99516,99516,3125,3034,8990,8990,2868,2885,7913,7913,,,,,,,,,,,,,3409,3569,5963,5963,3547,3738,6633,6633,,,,,1016,1019,2904,2904,3078,3036,8744,8744,5320269,6774102,5320269,4894551,5733927,4894551,4954415.5,4833380,4954415.5,1063256.5,1283988,1063256.5,5371457,6667572,5371457,4426394.08333333,5021058.16666667,4426394.08333333,404328.25,602330,404328.25,361448.25,530171,361448.25,330435.625,421966,330435.625,131370.25,194568,131370.25,395333.5,585848,395333.5,325558.583333333,459474.833333333,325558.583333333
308,"084","02","01","0840201",Huertos Familiares,Huertos Familiares,Huertos Familiares Núcleo,188,"188",12364,9317,12364,21532.5,22644,21532.5,21078.25,23810.5,21078.25,14598.5,16246,14598.5,20545.5,29980,20545.5,18023.75,20399.5,18023.75,2358,3543,2358,3305.25,5255.5,3305.25,3173.5,5244.5,3173.5,2528.25,3957.5,2528.25,3044.75,5038.5,3044.75,2881.95,4607.8,2881.95,15411,15411,9317,9317,20421,20421,22644,22644,,,,,,,,,,,,,18346,18346,24095,23526,,,,,,,,,12951,12951,15696,16796,11111,11111,29980,29980,1128,1218,3459,3627,1333,1377,5140,5371,,,,,,,,,,,,,1017,1188,5260,5229,,,,,,,,,991,1207,3901,4014,1004,1098,5088,4989,2324432,1751596,2324432,4048110,4257072,4048110,3962711,4476374,3962711,2744518,3054248,2744518,3862554,5636240,3862554,3388465,3835106,3388465,443304,666084,443304,621387,988034,621387,596618,985966,596618,475311,744010,475311,572413,947238,572413,541806.6,866266.4,541806.6
309,"176","07","04","1760704",Villafranca del Castillo - La Mocha Chica,Villafranca del Castillo - La Mocha Chica,Villafranca del Castillo - La Mocha Chica Núcleo,3898,"3898",35602.75,44901.5,35602.75,48979.75,66233.5,48979.75,20518.8333333333,21200.6666666667,20518.8333333333,13137,14648,13137,10506,11866,10506,24254.5714285714,28750.1428571429,24254.5714285714,3238.25,4903.5,3238.25,3312.75,4957.5,3312.75,1796.33333333333,2146.83333333333,1796.33333333333,1577.5,2373,1577.5,1471.25,2057,1471.25,2141.25,2961.64285714286,2141.25,26304,26304,46765,43038,31726,31726,67813,64654,,,,,,,,,,,,,24975,24975,25505,25505,24892,24892,25308,25308,9644,9644,12568,13010,11626,11626,15437,13859,9146,9146,11787,11945,1546,1600,4885,4922,1691,1645,5711,4204,,,,,,,,,,,,,1517,2020,2161,2257,1558,1990,2352,2443,757,833,1750,1918,784,780,2232,2514,899,872,2189,1925,138779519.5,175026047,138779519.5,190923065.5,258178183,190923065.5,79982412.3333333,82640198.6666667,79982412.3333333,51208026,57097904,51208026,40952388,46253668,40952388,94544319.4285714,112068056.857143,94544319.4285714,12622698.5,19113843,12622698.5,12913099.5,19324335,12913099.5,7002107.33333333,8368356.33333333,7002107.33333333,6149095,9249954,6149095,5734932.5,8018186,5734932.5,8346592.5,11544483.8571429,8346592.5
310,"106","01","02","1060102",Parla,Parla,Parla Núcleo,134851,"134851",1120.5,1102,1120.5,13845.75,14894.5,13845.75,,,,3406.5,3697,3406.5,1767,1266,1767,6797.1,7170.8,6797.1,565.5,868,565.5,1974.125,2901.25,1974.125,,,,1089.25,1773,1089.25,720.75,1022,720.75,1264.75,1893.1,1264.75,1139,1139,1102,1102,14111,14111,19260,15408,11483,11483,12519,12391,,,,,,,,,,,,,,,,,,,,,3116,3116,3697,3697,2268,2268,1266,1266,268,258,868,868,1073,1162,3041,2946,952,1001,3282,2336,,,,,,,,,,,,,,,,,,,,,407,404,1863,1683,424,415,1022,1022,151100545.5,148605802,151100545.5,1867113233.25,2008538219.5,1867113233.25,,,,459369931.5,498544147,459369931.5,238281717,170721366,238281717,916595732.1,966989550.8,916595732.1,76258240.5,117050668,76258240.5,266212730.375,391236463.75,266212730.375,,,,146886451.75,239090823,146886451.75,97193858.25,137817722,97193858.25,170552802.25,255286428.1,170552802.25
311,"046","02","01","0460201","Barrizales, Los",Los Barrizales,Los Barrizales Núcleo,45,"45",7562.5,7988,7562.5,6621.5,8047,6621.5,42531.0833333333,45497.8333333333,42531.0833333333,7345.25,8941.5,7345.25,6576,8001,6576,22242.6428571429,24210.1428571429,22242.6428571429,1136.75,1463,1136.75,1202.25,1770.5,1202.25,3308.33333333333,4359.16666666667,3308.33333333333,1362.5,2089.5,1362.5,1175.75,1732.5,1175.75,2114.60714285714,2876.14285714286,2114.60714285714,7254,7020,7988,7988,5196,5196,5582,10512,,,,,,,,,,,,,42553,42553,43110,43073,42470,42470,43281,43244,33670,33670,38849,61430,5749,5749,9729,8154,5151,5151,5536,10466,810,811,1464,1462,640,628,1302,2239,,,,,,,,,,,,,2208,2629,3618,3616,2256,2616,3776,3774,1854,1982,5202,6169,620,651,2627,1552,624,614,1264,2201,340312.5,359460,340312.5,297967.5,362115,297967.5,1913898.75,2047402.5,1913898.75,330536.25,402367.5,330536.25,295920,360045,295920,1000918.92857143,1089456.42857143,1000918.92857143,51153.75,65835,51153.75,54101.25,79672.5,54101.25,148875,196162.5,148875,61312.5,94027.5,61312.5,52908.75,77962.5,52908.75,95157.3214285714,129426.428571429,95157.3214285714
312,"046","06","01","0460601",Reajo del Roble,Reajo del Roble,Reajo del Roble Núcleo,198,"198",13893.25,16594.5,13893.25,13499.5,17864,13499.5,47335.5833333333,51168.8333333333,47335.5833333333,5753,5256,5753,13453.5,17818,13453.5,26943.7142857143,30148.4285714286,26943.7142857143,1461.25,2011.5,1461.25,1736,2747.5,1736,3547.66666666667,4767.5,3547.66666666667,1261,1992,1261,1708.25,2709.5,1708.25,2401.35714285714,3394.71428571429,2401.35714285714,11192,11192,17652,15537,9135,9135,20749,14979,,,,,,,,,,,,,46491,46491,53613,51566,46408,46408,53784,51737,37608,37608,49097,47216,6250,6250,5256,5256,9089,9089,20703,14933,874,948,2117,1906,716,733,3255,2240,,,,,,,,,,,,,2256,2730,4032,4203,2303,2707,4190,4361,1918,2053,5974,5845,531,529,1992,1992,698,716,3217,2202,2750863.5,3285711,2750863.5,2672901,3537072,2672901,9372445.5,10131429,9372445.5,1139094,1040688,1139094,2663793,3527964,2663793,5334855.42857143,5969388.85714286,5334855.42857143,289327.5,398277,289327.5,343728,544005,343728,702438,943965,702438,249678,394416,249678,338233.5,536481,338233.5,475468.714285714,672153.428571429,475468.714285714
313,"046","07","01","0460701",Serranía de la Paloma,Serranía de la Paloma,Serranía de la Paloma Núcleo,894,"894",9927,9518,9927,9785,11291,9785,45233.75,47821.1666666667,45233.75,9331.5,11510,9331.5,9739,11245,9739,24926.25,26718.2142857143,24926.25,1212.25,1548,1212.25,1432.5,2179,1432.5,3362.75,4431.83333333333,3362.75,1542.25,2495,1542.25,1404.75,2141,1404.75,2240,3094.07142857143,2240,10336,10336,9518,9518,8279,8279,12615,9967,,,,,,,,,,,,,45635,45635,45479,45547,45552,45552,45650,45718,36752,36752,40963,63570,7153,7153,11510,11510,8233,8233,12569,9921,839,914,1581,1515,677,695,2719,1639,,,,,,,,,,,,,2225,2694,3496,3734,2263,2670,3654,3892,1884,2026,5438,6377,594,585,2495,2495,659,678,2681,1601,8874738,8509092,8874738,8747790,10094154,8747790,40438972.5,42752123,40438972.5,8342361,10289940,8342361,8706666,10053030,8706666,22284067.5,23886083.5714286,22284067.5,1083751.5,1383912,1083751.5,1280655,1948026,1280655,3006298.5,3962059,3006298.5,1378771.5,2230530,1378771.5,1255846.5,1914054,1255846.5,2002560,2766099.85714286,2002560
314,"049","01","01","0490101",Coslada,Coslada,Coslada Núcleo,80688,"80688",1612.5,1549,1612.5,12954,10341,12954,12988.75,12365.5,12988.75,3134,2536,3134,1824.5,1715,1824.5,6502.75,5701.3,6502.75,712.25,1132.5,712.25,2109.5,2930.5,2109.5,2399,3703,2399,820.25,1358.5,820.25,674,1013,674,1343,2027.5,1343,1676,1676,1575,1523,15567,15567,10341,10341,,,,,,,,,,,,,13612,13612,12332,12399,,,,,,,,,3732,3732,2662,2410,1934,1934,1855,1575,297,287,1045,1220,1237,1340,2905,2956,,,,,,,,,,,,,963,1227,3600,3806,,,,,,,,,294,270,1447,1270,341,329,1027,999,130109400,124985712,130109400,1045232352,834394608,1045232352,1048036260,997747464,1048036260,252876192,204624768,252876192,147215256,138379920,147215256,524693892,460026494.4,524693892,57470028,91379160,57470028,170211336,236456184,170211336,193570512,298787664,193570512,66184332,109614648,66184332,54383712,81736944,54383712,108363984,163594920,108363984
315,"046","01","01","0460101",Collado Mediano,Collado Mediano,Collado Mediano Núcleo,6390,"6390",10921,12090,10921,9506.25,11317.5,9506.25,43988,45913.6666666667,43988,12553.75,14343.5,12553.75,9460.5,11272,9460.5,24915.0714285714,26680.5714285714,24915.0714285714,1112.5,1301,1112.5,1161,1582,1161,3297.5,4256.16666666667,3297.5,2113.25,3382,2113.25,1133.25,1544,1133.25,2201.78571428571,2939.64285714286,2201.78571428571,9752,9752,12090,12090,7695,7695,8124,14511,,,,,,,,,,,,,45051,45051,47213,47213,44968,44968,47384,47384,36168,36168,42956,43332,10764,10764,14696,13991,7649,7649,8079,14465,899,949,1301,1301,738,742,1498,1666,,,,,,,,,,,,,2293,2726,3461,3461,2325,2697,3619,3619,1931,2061,6003,5374,851,838,3838,2926,721,724,1460,1628,69785190,77255100,69785190,60744937.5,72318825,60744937.5,281083320,293388330,281083320,80218462.5,91654965,80218462.5,60452595,72028080,60452595,159207306.428571,170488851.428571,159207306.428571,7108875,8313390,7108875,7418790,10108980,7418790,21071025,27196905,21071025,13503667.5,21610980,13503667.5,7241467.5,9866160,7241467.5,14069410.7142857,18784317.8571429,14069410.7142857
316,"088","01","01","0880101",Montejo de la Sierra,Montejo de la Sierra,Montejo de la Sierra Núcleo,374,"374",39878,44666,39878,76439.25,80576.5,76439.25,83700.5,79871.5,83700.5,20459,21941,20459,89310.25,106017.5,89310.25,65581.25,68824,65581.25,6819,11098,6819,6649,10000.5,6649,6928.875,9891,6928.875,2869.75,4270,2869.75,8061.5,12617,8061.5,6376.16666666667,9627.91666666667,6376.16666666667,35090,35090,41234,48098,72302,72302,73986,87167,,,,,,,,,,,,,88694,88694,85035,72743,86365,86365,87000,74708,,,,,18977,18977,20686,23196,72603,72603,110266,101769,2573,2507,9118,13078,3288,3307,7812,12189,,,,,,,,,,,,,3847,3968,8679,10239,3945,4107,9428,11218,,,,,1492,1447,3760,4780,3524,3488,11337,13897,14914372,16705084,14914372,28588279.5,30135611,28588279.5,31303987,29871941,31303987,7651666,8205934,7651666,33402033.5,39650545,33402033.5,24527387.5,25740176,24527387.5,2550306,4150652,2550306,2486726,3740187,2486726,2591399.25,3699234,2591399.25,1073286.5,1596980,1073286.5,3015001,4718758,3015001,2384686.33333333,3600840.83333333,2384686.33333333
317,"901","01","01","9010101",Navas de Buitrago,Navas de Buitrago,Navas de Buitrago Núcleo,74,"74",33058.75,36872.5,33058.75,50863.75,50272.5,50863.75,64446.125,62209.75,64446.125,3906,4325,3906,60516,69276,60516,46206.125,47527.5833333333,46206.125,4018,6573,4018,4111.5,5932.5,4111.5,5065.5,7199.25,5065.5,1270.25,2159.5,1270.25,5528,8613.5,5528,4176.45833333333,6279.5,4176.45833333333,29245,29245,32322,41423,51455,51455,55868,44677,,,,,,,,,,,,,67847,67847,66918,55537,65518,65518,68883,57501,,,,,3487,3487,3756,4894,51756,51756,57795,80757,1481,1445,5362,7784,2272,2309,6156,5709,,,,,,,,,,,,,2756,2947,7023,6576,2907,3117,7772,7426,,,,,381,381,1288,3031,2442,2443,8230,8997,2446347.5,2728565,2446347.5,3763917.5,3720165,3763917.5,4769013.25,4603521.5,4769013.25,289044,320050,289044,4478184,5126424,4478184,3419253.25,3517041.16666667,3419253.25,297332,486402,297332,304251,439005,304251,374847,532744.5,374847,93998.5,159803,93998.5,409072,637399,409072,309057.916666667,464683,309057.916666667
318,"061","05","01","0610501",Encinar - San Alberto - Vista Nevada,Encinar - San Alberto - Vista Nevada,Encinar - San Alberto - Vista Nevada Núcleo,755,"755",10480.5,11960,10480.5,20409,26883,20409,31305.3333333333,30411,31305.3333333333,18464,24864,18464,20363,26837,20363,23376.0714285714,25968.1428571429,23376.0714285714,1830.5,2673,1830.5,2950.5,4421,2950.5,2923.25,3721.66666666667,2923.25,2778,4313.5,2778,2923.25,4383,2923.25,2750.28571428571,3850.78571428571,2750.28571428571,9001,9001,11475,12445,13935,13935,15827,37939,,,,,,,,,,,,,36704,36704,33781,33772,36621,36621,33938,33929,23274,23274,23282,23764,12064,12064,13750,35978,13889,13889,15781,37893,956,1020,2776,2570,1475,1485,4229,4613,,,,,,,,,,,,,2104,2552,4048,3669,2140,2532,4203,3824,1647,1774,3338,3248,1241,1244,4164,4463,1461,1466,4191,4575,7912777.5,9029800,7912777.5,15408795,20296665,15408795,23635526.6666667,22960305,23635526.6666667,13940320,18772320,13940320,15374065,20261935,15374065,17648933.9285714,19605947.8571429,17648933.9285714,1382027.5,2018115,1382027.5,2227627.5,3337855,2227627.5,2207053.75,2809858.33333333,2207053.75,2097390,3256692.5,2097390,2207053.75,3309165,2207053.75,2076465.71428571,2907343.21428571,2076465.71428571
319,"026","01","01","0260101",Brunete,Brunete,Brunete Núcleo,9783,"9783",16248,16424,16248,64979.5,85921,64979.5,33810.3333333333,35424,33810.3333333333,11667.5,11956,11667.5,25267.25,28989.5,25267.25,31370.4642857143,35651.7857142857,31370.4642857143,2188.75,3300,2188.75,4422.25,6515,4422.25,2548.5,3157.66666666667,2548.5,1486.25,2324,1486.25,2476.25,3341,2476.25,2602.71428571429,3564.71428571429,2602.71428571429,16072,16072,17421,15427,44038,44038,87506,84336,,,,,,,,,,,,,40422,40422,47443,41687,40339,40339,47600,41844,15829,15829,16985,16985,11379,11379,10959,12953,21545,21545,31959,26020,1097,1058,3319,3281,2270,2389,7404,5626,,,,,,,,,,,,,1977,2629,3717,3700,2028,2605,3872,3855,1114,1283,1808,1994,652,645,2212,2436,1548,1675,3455,3227,158954184,160675992,158954184,635694448.5,840565143,635694448.5,330766491,346552992,330766491,114143152.5,116965548,114143152.5,247189506.75,283604278.5,247189506.75,306897252.107143,348781419.642857,306897252.107143,21412541.25,32283900,21412541.25,43262871.75,63736245,43262871.75,24931975.5,30891453,24931975.5,14539983.75,22735692,14539983.75,24225153.75,32685003,24225153.75,25462353.8571429,34873599.8571429,25462353.8571429
320,"026","02","01","0260201","Dehesa, La",La Dehesa,La Dehesa Núcleo,84,"84",23160.25,28102.5,23160.25,65284.75,84505.5,65284.75,35023.4166666667,37757.5,35023.4166666667,13868.25,14211.5,13868.25,27501,32023,27501,33554.9285714286,38873.5714285714,33554.9285714286,2920.25,4628.5,2920.25,4701.75,6936,4701.75,3100.5,4178,3100.5,2389.25,3996,2389.25,2925.75,4319,2925.75,3176.92857142857,4630.5,3176.92857142857,18218,18218,19651,36554,46064,46064,84645,84366,,,,,,,,,,,,,38006,38006,44874,45251,37923,37923,45031,45408,20939,20939,18131,27850,13525,13525,15183,13240,22979,22979,31668,32378,1213,1211,4659,4598,2395,2540,7475,6397,,,,,,,,,,,,,2031,2743,4481,4483,2061,2751,4636,4638,1230,1322,3028,3802,775,790,3691,4301,1482,1583,4205,4433,1945461,2360610,1945461,5483919,7098462,5483919,2941967,3171630,2941967,1164933,1193766,1164933,2310084,2689932,2310084,2818614,3265380,2818614,245301,388794,245301,394947,582624,394947,260442,350952,260442,200697,335664,200697,245763,362796,245763,266862,388962,266862
321,"013","01","01","0130101",Algodor,Algodor,Algodor Núcleo,21,"21",47559.5,61104,47559.5,88924.25,115122.5,88924.25,,,,48738,62376,48738,53375.5,64351,53375.5,65504.3,83615.2,65504.3,5460.25,8856,5460.25,8255.625,13826.5,8255.625,,,,5966,10060,5966,6042,10009,6042,6795.9,11315.6,6795.9,34015,34015,61104,61104,67923,67923,122484,122484,57529,57529,107761,107761,,,,,,,,,,,,,,,,,,,,,35100,35100,62376,62376,42400,42400,64351,64351,2103,2026,8856,8856,2704,2724,13555,13555,2596,2715,14098,14098,,,,,,,,,,,,,,,,,,,,,1886,1858,10060,10060,2080,2070,10009,10009,998749.5,1283184,998749.5,1867409.25,2417572.5,1867409.25,,,,1023498,1309896,1023498,1120885.5,1351371,1120885.5,1375590.3,1755919.2,1375590.3,114665.25,185976,114665.25,173368.125,290356.5,173368.125,,,,125286,211260,125286,126882,210189,126882,142713.9,237627.6,142713.9
322,"013","04","01","0130401",Real Cortijo de San Isidro,Real Cortijo de San Isidro,Real Cortijo de San Isidro Núcleo,511,"511",5645,5672,5645,50543.125,56870.25,50543.125,,,,6952.5,7123,6952.5,7525.5,8713,7525.5,24241.85,27049.7,24241.85,880.25,1046,880.25,4698.25,7057.25,4698.25,,,,1435.75,1976.5,1435.75,904.75,1146,904.75,2523.45,3656.6,2523.45,5618,5618,5672,5672,45465,45465,60338,56068,42967,42967,58191,52884,,,,,,,,,,,,,,,,,,,,,6782,6782,7289,6957,6338,6338,8713,8713,742,687,1046,1046,2355,2418,6537,7631,2285,2299,7473,6588,,,,,,,,,,,,,,,,,,,,,921,869,1907,2046,660,667,1146,1146,2884595,2898392,2884595,25827536.875,29060697.75,25827536.875,,,,3552727.5,3639853,3552727.5,3845530.5,4452343,3845530.5,12387585.35,13822396.7,12387585.35,449807.75,534506,449807.75,2400805.75,3606254.75,2400805.75,,,,733668.25,1009991.5,733668.25,462327.25,585606,462327.25,1289482.95,1868522.6,1289482.95
323,"013","09","01","0130901","Montaña, La",La Montaña,La Montaña Núcleo,7997,"7997",6725.5,8795,6725.5,45153,51588.5,45153,,,,7708.5,9617,7708.5,2789.5,3488,2789.5,21505.9,25015.4,21505.9,660.25,823,660.25,3127.5,4334.25,3127.5,,,,1012,1354,1012,464.5,672,464.5,1678.35,2303.5,1678.35,4656,4656,8795,8795,39967,39967,52976,52976,37468,37468,49688,50714,,,,,,,,,,,,,,,,,,,,,5800,5800,9617,9617,2091,2091,3488,3488,501,494,823,823,1916,2006,4245,4185,1851,1910,4462,4445,,,,,,,,,,,,,,,,,,,,,683,657,1354,1354,257,257,672,672,53783823.5,70333615,53783823.5,361088541,412553234.5,361088541,,,,61644874.5,76907149,61644874.5,22307631.5,27893536,22307631.5,171982682.3,200048153.8,171982682.3,5280019.25,6581531,5280019.25,25010617.5,34660997.25,25010617.5,,,,8092964,10827938,8092964,3714606.5,5373984,3714606.5,13421764.95,18421089.5,13421764.95
324,"160","03","01","1600301",Navarredonda,Navarredonda,Navarredonda Núcleo,2518,"2518",20483.75,22042.5,20483.75,38940.5,52698,38940.5,36131.1666666667,40064.3333333333,36131.1666666667,15905.75,16913.5,15905.75,26289.5,29691,26289.5,30001.8571428571,34505.4285714286,30001.8571428571,2371.5,3454,2371.5,4060.75,5869,4060.75,3039.25,4096.83333333333,3039.25,1915.25,2934,1915.25,2583.5,3667,2583.5,2864.10714285714,4030.64285714286,2864.10714285714,18925,18925,22032,22053,25183,25183,28940,76456,,,,,,,,,,,,,37914,37914,43217,42863,37832,37832,43020,43020,20848,20848,34133,34133,14898,14898,16903,16924,22888,22888,29691,29691,1315,1263,3636,3272,2238,2267,6318,5420,,,,,,,,,,,,,2007,2704,3915,3862,2027,2679,4077,4017,1197,1276,4355,4355,909,884,3116,2752,1462,1538,3667,3667,51578082.5,55503015,51578082.5,98052179,132693564,98052179,90978277.6666667,100881991.333333,90978277.6666667,40050678.5,42588193,40050678.5,66196961,74761938,66196961,75544676.2857143,86884669.1428571,75544676.2857143,5971437,8697172,5971437,10224968.5,14778142,10224968.5,7652831.5,10315826.3333333,7652831.5,4822599.5,7387812,4822599.5,6505253,9233506,6505253,7211821.78571429,10149158.7142857,7211821.78571429
325,"160","02","01","1600201",Cerro Alarcón,Cerro Alarcón,Cerro Alarcón Núcleo,2974,"2974",33333.5,47323,33333.5,58950.25,89197.5,58950.25,42383.9166666667,46988.5,42383.9166666667,28872.5,42442,28872.5,32908.5,47684,32908.5,40173.7857142857,52516,40173.7857142857,3568.5,5699,3568.5,4413.75,6246,4413.75,3312.41666666667,4246,3312.41666666667,2983.5,4929.5,2983.5,3493,5479,3493,3485.14285714286,5013.07142857143,3485.14285714286,19344,19344,66853,27793,28703,28703,87744,90651,,,,,,,,,,,,,43496,43496,48195,51102,43413,43413,48366,51273,26429,26429,39663,43332,15303,15303,62251,22633,18133,18133,66018,29350,1468,1408,6584,4814,2576,2587,6096,6396,,,,,,,,,,,,,2366,2998,3991,3991,2470,3076,4149,4149,1625,1738,4433,4763,1038,1037,5603,4256,1562,1452,5989,4969,99133829,140738602,99133829,175318043.5,265273365,175318043.5,126049768.166667,139743799,126049768.166667,85866815,126222508,85866815,97869879,141812216,97869879,119476838.714286,156182584,119476838.714286,10612719,16948826,10612719,13126492.5,18575604,13126492.5,9851127.16666667,12627604,9851127.16666667,8872929,14660333,8872929,10388182,16294546,10388182,10364814.8571429,14908874.4285714,10364814.8571429
326,"150","01","01","1500101",Torrejón de Velasco,Torrejón de Velasco,Torrejón de Velasco Núcleo,4784,"4784",19760.5,28643,19760.5,19593.75,21610.5,19593.75,,,,10909,11898,10909,7502.5,8438,7502.5,15471.9,18440,15471.9,4261.25,7777,4261.25,3737.625,6403.25,3737.625,,,,2968,5301,2968,2692,4799,2692,3479.3,6136.7,3479.3,10878,10878,26869,30417,18891,18891,23041,23041,16263,16263,20180,20180,,,,,,,,,,,,,,,,,,,,,9920,9920,11898,11898,6567,6567,8438,8438,737,754,7872,7682,1065,1231,6642,6617,928,1064,6177,6177,,,,,,,,,,,,,,,,,,,,,592,678,5301,5301,565,605,4799,4799,94534232,137028112,94534232,93736500,103384632,93736500,,,,52188656,56920032,52188656,35891960,40367392,35891960,74017569.6,88216960,74017569.6,20385820,37205168,20385820,17880798,30633148,17880798,,,,14198912,25359984,14198912,12878528,22958416,12878528,16644971.2,29357972.8,16644971.2
327,"057","02","01","0570201",Serracines,Serracines,Serracines Núcleo,1787,"1787",24081.25,24673.5,24081.25,38798,47285,38798,46151.125,48056.5,46151.125,22253.25,23599.5,22253.25,37626.5,42381.5,37626.5,35843.5416666667,39008.75,35843.5416666667,2338.5,3029.5,2338.5,4373.75,6895.5,4373.75,4352.875,6255.25,4352.875,2442.25,3606,2442.25,4415,6878.5,4415,3712.54166666667,5486.66666666667,3712.54166666667,23489,23489,26529,22818,28828,31794,55151,39419,,,,,,,,,,,,,45414,45822,47125,44536,43085,42662,44277,56288,,,,,20907,20907,25181,22018,33300,32443,42535,42228,1660,1635,3174,2885,1796,1908,7443,6348,,,,,,,,,,,,,2334,2439,5937,5976,2491,2538,6506,6602,,,,,1289,1268,3216,3996,1881,2022,6815,6942,43033193.75,44091544.5,43033193.75,69332026,84498295,69332026,82472060.375,85876965.5,82472060.375,39766557.75,42172306.5,39766557.75,67238555.5,75735740.5,67238555.5,64052408.9583333,69708636.25,64052408.9583333,4178899.5,5413716.5,4178899.5,7815891.25,12322258.5,7815891.25,7778587.625,11178131.75,7778587.625,4364300.75,6443922,4364300.75,7889605,12291879.5,7889605,6634311.95833333,9804673.33333333,6634311.95833333
328,"183","01","01","1830101","Estación y Pajares, La",La Estación y Pajares,La Estación y Pajares Núcleo,1108,"1108",14834.5,16410,14834.5,32658.75,31785.5,32658.75,48835.5833333333,53016.8333333333,48835.5833333333,10233.5,11249,10233.5,15008,17967,15008,31320.2142857143,33780.2857142857,31320.2142857143,1980.25,2902,1980.25,3360.5,4404,3360.5,4062.41666666667,5488,4062.41666666667,1349,2026,1349,2162,3194,2162,3005.57142857143,4141.42857142857,3005.57142857143,13259,13259,16410,16410,33532,33532,28866,34705,,,,,,,,,,,,,50371,50371,57868,53394,50288,50288,58025,53551,33304,33304,49520,45743,9218,9218,11249,11249,12049,12049,17967,17967,1074,1043,2902,2902,2332,2302,3651,5157,,,,,,,,,,,,,2670,3273,4527,6061,2713,3315,4682,6216,1889,1961,5333,6109,672,672,2026,2026,1170,1090,3194,3194,16436626,18182280,16436626,36185895,35218334,36185895,54109826.3333333,58742651.3333333,54109826.3333333,11338718,12463892,11338718,16628864,19907436,16628864,34702797.4285714,37428556.5714286,34702797.4285714,2194117,3215416,2194117,3723434,4879632,3723434,4501157.66666667,6080704,4501157.66666667,1494692,2244808,1494692,2395496,3538952,2395496,3330173.14285714,4588702.85714286,3330173.14285714
329,"183","02","01","1830201",Peña Rosal,Peña Rosal,Peña Rosal Núcleo,27,"27",21035,25579,21035,37031.5,37299,37031.5,50299.6666666667,52713,50299.6666666667,16434.5,20419,16434.5,20366.25,25666.5,20366.25,35109.4642857143,38157.5,35109.4642857143,3015.75,4442,3015.75,4409.5,5972.5,4409.5,3855.58333333333,4564.16666666667,3855.58333333333,2369.25,3566,2369.25,3047.25,4462,3047.25,3486.92857142857,4590.71428571429,3486.92857142857,16491,16491,25579,25579,36764,36764,30724,43874,,,,,,,,,,,,,53603,53603,55507,55507,53520,53520,55664,55664,36536,36536,47159,46777,12450,12450,20419,20419,15066,15066,24197,27136,1603,1576,4442,4442,2888,2805,5248,6697,,,,,,,,,,,,,3260,3740,4296,4296,3255,3746,4451,4451,2411,2470,5102,4789,1175,1170,3566,3566,1656,1609,4190,4734,567945,690633,567945,999850.5,1007073,999850.5,1358091,1423251,1358091,443731.5,551313,443731.5,549888.75,692995.5,549888.75,947955.535714286,1030252.5,947955.535714286,81425.25,119934,81425.25,119056.5,161257.5,119056.5,104100.75,123232.5,104100.75,63969.75,96282,63969.75,82275.75,120474,82275.75,94147.0714285714,123949.285714286,94147.0714285714
330,"097","01","01","0970101",Navarredonda,Navarredonda,Navarredonda Núcleo,59,"59",63553.25,84573.5,63553.25,77737.5,90732,77737.5,84999.125,90027.25,84999.125,25287.5,33795,25287.5,90442,115840,90442,71169.75,84165.8333333333,71169.75,6609.25,11181.5,6609.25,5887.25,8919.5,5887.25,6117.875,8714.75,6117.875,2281.75,3591,2281.75,7090.75,11147.5,7090.75,5684.125,8711.5,5684.125,42533,42533,50100,119047,64743,64743,97282,84182,,,,,,,,,,,,,81136,81136,82858,95232,78806,78806,84822,97197,,,,,16780,16780,33771,33819,65044,65044,111217,120463,2061,2013,11367,10996,2839,2871,9878,7961,,,,,,,,,,,,,3339,3558,7928,8828,3500,3687,8598,9505,,,,,982,963,3693,3489,3040,3028,10709,11586,3749641.75,4989836.5,3749641.75,4586512.5,5353188,4586512.5,5014948.375,5311607.75,5014948.375,1491962.5,1993905,1491962.5,5336078,6834560,5336078,4199015.25,4965784.16666667,4199015.25,389945.75,659708.5,389945.75,347347.75,526250.5,347347.75,360954.625,514170.25,360954.625,134623.25,211869,134623.25,418354.25,657702.5,418354.25,335363.375,513978.5,335363.375
331,"901","02","01","9010201",Sieteiglesias,Sieteiglesias,Sieteiglesias Núcleo,225,"225",21203.25,26947.5,21203.25,48145.25,47328.5,48145.25,61727.75,59266,61727.75,4648.5,4516,4648.5,58748.75,68234.5,58748.75,42700.2083333333,44259.75,42700.2083333333,3355,5573.5,3355,3171.5,4243,3171.5,4145.625,5526,4145.625,661.25,911,661.25,4865.25,7462.5,4865.25,3390.70833333333,4873.66666666667,3390.70833333333,15459,15459,17372,36523,48962,48962,50123,44534,,,,,,,,,,,,,65354,65354,61173,55394,63025,63025,63138,57359,,,,,4781,4781,4516,4516,49263,49263,52050,84419,1153,1120,5609,5538,2075,2125,4303,4183,,,,,,,,,,,,,2568,2793,5170,5050,2722,2978,5919,5965,,,,,416,407,911,911,2261,2275,6377,8548,4770731.25,6063187.5,4770731.25,10832681.25,10648912.5,10832681.25,13888743.75,13334850,13888743.75,1045912.5,1016100,1045912.5,13218468.75,15352762.5,13218468.75,9607546.875,9958443.75,9607546.875,754875,1254037.5,754875,713587.5,954675,713587.5,932765.625,1243350,932765.625,148781.25,204975,148781.25,1094681.25,1679062.5,1094681.25,762909.375,1096575,762909.375
332,"097","02","01","0970201",San Mamés,San Mamés,San Mamés Núcleo,75,"75",62003.75,82939.5,62003.75,76188,89098,76188,83449.375,88393.25,83449.375,23738.5,32162,23738.5,88892.5,114206,88892.5,69620.25,82532,69620.25,6490.75,11067.5,6490.75,5774.25,8805.5,5774.25,5997.125,8600.75,5997.125,2164,3477,2164,6973.75,11033.5,6973.75,5566.16666666667,8597.5,5566.16666666667,41068,41068,48466,117413,63278,63278,95648,82548,,,,,,,,,,,,,79670,79670,81224,93598,77341,77341,83188,95563,,,,,15315,15315,32138,32186,63579,63579,109583,118829,1938,1890,11253,10882,2733,2753,9764,7847,,,,,,,,,,,,,3208,3439,7814,8714,3387,3540,8484,9391,,,,,857,845,3579,3375,2921,2907,10595,11472,4650281.25,6220462.5,4650281.25,5714100,6682350,5714100,6258703.125,6629493.75,6258703.125,1780387.5,2412150,1780387.5,6666937.5,8565450,6666937.5,5221518.75,6189900,5221518.75,486806.25,830062.5,486806.25,433068.75,660412.5,433068.75,449784.375,645056.25,449784.375,162300,260775,162300,523031.25,827512.5,523031.25,417462.5,644812.5,417462.5
333,"901","04","02","9010402",Lozoyuela,Lozoyuela,Lozoyuela Núcleo,1075,"1075",30879.25,35251.5,30879.25,53075.75,57434.5,53075.75,59706.5,55468.5,59706.5,530,530,530,56447.5,63877,56447.5,43390.9166666667,44671.6666666667,43390.9166666667,3292,5382,3292,3507,5006.5,3507,3830.375,4980.75,3830.375,259.25,453,259.25,4512,6856,4512,3205.16666666667,4609.83333333333,3205.16666666667,26507,26507,30274,40229,48717,48717,66947,47922,,,,,,,,,,,,,65109,65109,52524,54883,62780,62780,54489,59978,,,,,530,530,530,530,49018,49018,81549,46205,1216,1188,4977,5787,1981,2034,5689,4324,,,,,,,,,,,,,2506,2669,3739,5218,2639,2906,4718,6248,,,,,69,62,453,453,2165,2171,7397,6315,33195193.75,37895362.5,33195193.75,57056431.25,61742087.5,57056431.25,64184487.5,59628637.5,64184487.5,569750,569750,569750,60681062.5,68667775,60681062.5,46645235.4166667,48022041.6666667,46645235.4166667,3538900,5785650,3538900,3770025,5381987.5,3770025,4117653.125,5354306.25,4117653.125,278693.75,486975,278693.75,4850400,7370200,4850400,3445554.16666667,4955570.83333333,3445554.16666667
334,"901","05","01","9010501",Mazacorta,Mazacorta,Mazacorta Núcleo,22,"22",21886.25,27615.5,21886.25,47454.25,48393.5,47454.25,61036.75,60331,61036.75,5533,5979,5533,58057.75,69299.5,58057.75,42500.7916666667,45324.9166666667,42500.7916666667,3852.25,6370.5,3852.25,3701.25,5130,3701.25,4676.5,6413,4676.5,1245.5,1888,1245.5,5396.5,8349.5,5396.5,3924.75,5760.66666666667,3924.75,16157,16157,18040,37191,46515,46515,50791,45996,,,,,,,,,,,,,62907,62907,61841,56856,60578,60578,63806,58821,,,,,5087,5087,5979,5979,46816,46816,52718,85881,1344,1324,6406,6335,2248,2297,5100,5160,,,,,,,,,,,,,2740,2954,5967,6027,2928,3138,6716,6942,,,,,600,606,1888,1888,2442,2445,7174,9525,481497.5,607541,481497.5,1043993.5,1064657,1043993.5,1342808.5,1327282,1342808.5,121726,131538,121726,1277270.5,1524589,1277270.5,935017.416666667,997148.166666667,935017.416666667,84749.5,140151,84749.5,81427.5,112860,81427.5,102883,141086,102883,27401,41536,27401,118723,183689,118723,86344.5,126734.666666667,86344.5
335,"137","01","01","1370101","Santos de la Humosa, Los",Los Santos de la Humosa,Los Santos de la Humosa Núcleo,2793,"2793",15696,15651,15696,18431.25,17989.5,18431.25,,,,17813.5,17547,17813.5,17603.5,18445,17603.5,17595.1,17524.4,17595.1,1658,2029,1658,2134.25,3159,2134.25,,,,2046,3032,2046,2033,3041,2033,2001.1,2884,2001.1,15741,15741,15651,15651,14331,14331,13848,13848,23415,23415,22131,22131,,,,,,,,,,,,,,,,,,,,,18080,18080,17756,17338,16762,16762,18421,18469,1307,1267,2029,2029,911,935,2561,2561,1264,1328,3817,3697,,,,,,,,,,,,,,,,,,,,,1058,1062,3153,2911,1006,1044,2953,3129,43838928,43713243,43838928,51478481.25,50244673.5,51478481.25,,,,49753105.5,49008771,49753105.5,49166575.5,51516885,49166575.5,49143114.3,48945649.2,49143114.3,4630794,5666997,4630794,5960960.25,8823087,5960960.25,,,,5714478,8468376,5714478,5678169,8493513,5678169,5589072.3,8055012,5589072.3
336,"094","02","01","0940201","Arreturas, Las",Las Arreturas,Las Arreturas Núcleo,10,"10",42851.75,66665.5,42851.75,48720,56054,48720,53851.375,54477,53851.375,21626,22149,21626,29997.5,30522,29997.5,41816.3333333333,47390.75,41816.3333333333,5229.5,8948,5229.5,5030.25,7725,5030.25,4567.5,6214.25,4567.5,3222.5,5022,3222.5,3079,4334.5,3079,4282.70833333333,6409.66666666667,4282.70833333333,19038,19038,26935,106396,41386,41386,42308,69800,,,,,,,,,,,,,52657,52657,55044,55065,55450,52139,53889,53910,,,,,21103,21103,22149,22149,29473,29473,30511,30533,1542,1480,4980,12916,2325,2346,7214,8236,,,,,,,,,,,,,2775,2870,6280,6123,2994,3044,6304,6150,,,,,1448,1398,5022,5022,1845,1802,4386,4283,428517.5,666655,428517.5,487200,560540,487200,538513.75,544770,538513.75,216260,221490,216260,299975,305220,299975,418163.333333333,473907.5,418163.333333333,52295,89480,52295,50302.5,77250,50302.5,45675,62142.5,45675,32225,50220,32225,30790,43345,30790,42827.0833333333,64096.6666666667,42827.0833333333
337,"130","02","01","1300201",San Fernando de Henares,San Fernando de Henares,San Fernando de Henares Núcleo,38905,"38905",1847.25,2057,1847.25,16438,15314,16438,17713.5,19116,17713.5,3874.5,3601,3874.5,3329.75,4003.5,3329.75,8640.6,8818.3,8640.6,591,833.5,591,2286.75,3291,2286.75,2418.5,3686,2418.5,923,1325.5,923,744.75,1025,744.75,1392.8,2032.2,1392.8,1792,1483,2057,2057,17562,17562,15232,15396,,,,,,,,,,,,,16311,16311,19116,19116,,,,,,,,,4148,4148,3191,4011,2656,2656,3612,4395,374,323,859,808,1246,1319,3270,3312,,,,,,,,,,,,,1090,1212,3716,3656,,,,,,,,,518,523,1129,1522,474,455,1065,985,71867261.25,80027585,71867261.25,639520390,595791170,639520390,689143717.5,743707980,689143717.5,150737422.5,140096905,150737422.5,129543923.75,155756167.5,129543923.75,336162543,343075961.5,336162543,22992855,32427317.5,22992855,88966008.75,128036355,88966008.75,94091742.5,143403830,94091742.5,35909315,51568577.5,35909315,28974498.75,39877625,28974498.75,54186884,79062741,54186884
338,"094","01","01","0940101",Navalafuente,Navalafuente,Navalafuente Núcleo,1576,"1576",21316.25,27029.5,21316.25,46282.25,54613.5,46282.25,53249.375,53319.75,53249.375,18511.5,19355,18511.5,30361.25,30491.5,30361.25,37161.6666666667,39688.1666666667,37161.6666666667,3428,5786.5,3428,4235.25,6553.5,4235.25,4221.25,5855.25,4221.25,3210.75,5433,3210.75,2804.5,3887.5,2804.5,3686.83333333333,5561.83333333333,3686.83333333333,15603,15603,27557,26502,37951,37951,38748,70479,,,,,,,,,,,,,54344,54344,49798,55744,52014,52014,53148,54589,,,,,17668,17668,18589,20121,30231,30231,29771,31212,1088,1051,4021,7552,1895,1939,5835,7272,,,,,,,,,,,,,2400,2603,6702,5159,2561,2785,6374,5186,,,,,1008,969,3643,7223,1750,1693,4456,3319,33594410,42598492,33594410,72940826,86070876,72940826,83921015,84031926,83921015,29174124,30503480,29174124,47849330,48054604,47849330,58566786.6666667,62548550.6666667,58566786.6666667,5402528,9119524,5402528,6674754,10328316,6674754,6652690,9227874,6652690,5060142,8562408,5060142,4419892,6126700,4419892,5810449.33333333,8765449.33333333,5810449.33333333
339,"144","01","01","1440101",Soto del Real,Soto del Real,Soto del Real Núcleo,8324,"8324",11025,10946,11025,48252,52910,48252,36222.75,35974.5,36222.75,20819.25,21607.5,20819.25,12782.5,12020,12782.5,27554.0416666667,28238.75,27554.0416666667,1088.75,1358.5,1088.75,3826,5461.5,3826,2683.75,3402.75,2683.75,2487.25,3791,2487.25,1203.25,1568,1203.25,2328.79166666667,3164.08333333333,2328.79166666667,11104,11104,10946,10946,43594,43594,54533,51287,,,,,,,,,,,,,36730,36730,36552,36552,36212,36212,35397,35397,,,,,20031,20031,21598,21617,13545,13545,12020,12020,822,816,1402,1315,2099,2282,5519,5404,,,,,,,,,,,,,1790,1945,3539,3239,2045,2079,3561,3272,,,,,1160,1207,3648,3934,841,836,1615,1521,91772100,91114504,91772100,401649648,440422840,401649648,301518171,299451738,301518171,173299437,179860830,173299437,106401530,100054480,106401530,229359842.833333,235059355,229359842.833333,9062755,11308154,9062755,31847624,45461526,31847624,22339535,28324491,22339535,20703869,31556284,20703869,10015853,13052032,10015853,19384861.8333333,26337829.6666667,19384861.8333333
340,"010","17","01","0101701",Valdencina,Valdencina,Valdencina Núcleo,350,"350",5072.75,6150.5,5072.75,1892.5,1847,1892.5,37984.8333333333,39664,37984.8333333333,3849.75,5209.5,3849.75,1846.5,1801,1846.5,18088,19142.8571428571,18088,1104.25,1669.5,1104.25,722.5,1106.5,722.5,3104,4211.33333333333,3104,922.75,1496,922.75,695,1068.5,695,1822.35714285714,2567.78571428571,1822.35714285714,3995,3995,6534,5767,1938,1938,2079,1615,,,,,,,,,,,,,39294,39294,40889,40889,39211,39211,41060,41060,30412,30412,37078,37008,2490,2490,4193,6226,1892,1892,2033,1569,502,576,2055,1284,339,338,882,1331,,,,,,,,,,,,,1914,2413,3444,3444,1955,2395,3602,3602,1555,1748,5819,5357,322,377,1493,1499,320,323,844,1293,1775462.5,2152675,1775462.5,662375,646450,662375,13294691.6666667,13882400,13294691.6666667,1347412.5,1823325,1347412.5,646275,630350,646275,6330800,6700000,6330800,386487.5,584325,386487.5,252875,387275,252875,1086400,1473966.66666667,1086400,322962.5,523600,322962.5,243250,373975,243250,637825,898725,637825
341,"010","18","01","0101801","Negrales - Los Llanos, Los",Los Negrales - Los Llanos,Los Negrales - Los Llanos Núcleo,3355,"3355",3435.5,4084,3435.5,4793.25,6118.5,4793.25,36777,37891.6666666667,36777,3824.5,4199.5,3824.5,4747.25,6072.5,4747.25,18161.6428571429,19164.2142857143,18161.6428571429,748.5,1095,748.5,895.5,1351.5,895.5,2903.83333333333,3846.33333333333,2903.83333333333,865.5,1321,865.5,869.5,1313.5,869.5,1727.21428571429,2374.28571428571,1727.21428571429,2787,2787,4084,4084,3468,3468,5733,6504,,,,,,,,,,,,,38651,38651,39206,39168,38568,38568,39377,39339,29768,29768,34945,35315,4020,2879,3856,4543,3422,3422,5687,6458,418,386,1095,1095,441,438,1318,1385,,,,,,,,,,,,,1911,2362,3255,3249,1955,2326,3413,3407,1547,1667,4661,5093,432,388,1407,1235,428,423,1280,1347,11526102.5,13701820,11526102.5,16081353.75,20527567.5,16081353.75,123386835,127126541.666667,123386835,12831197.5,14089322.5,12831197.5,15927023.75,20373237.5,15927023.75,60932311.7857143,64295938.9285714,60932311.7857143,2511217.5,3673725,2511217.5,3004402.5,4534282.5,3004402.5,9742360.83333333,12904448.3333333,9742360.83333333,2903752.5,4431955,2903752.5,2917172.5,4406792.5,2917172.5,5794803.92857143,7965728.57142857,5794803.92857143
342,"042","01","01","0420101",Colmenar del Arroyo,Colmenar del Arroyo,Colmenar del Arroyo Núcleo,1644,"1644",31617.5,33674,31617.5,59242.8125,75203.875,59242.8125,,,,68611.5,109586,68611.5,53690.5,69786,53690.5,55841.5357142857,73408.7857142857,55841.5357142857,3220.25,4450,3220.25,5139.625,8250,5139.625,,,,5906.25,10308.5,5906.25,4886.5,7962,4886.5,4938.78571428571,7960.07142857143,4938.78571428571,29561,29561,33674,33674,39867,39867,77399,69815,46486,46486,71904,71922,39465,39465,78768,65287,47309,47309,83259,83277,,,,,,,,,,,,,27637,27637,110749,108423,37595,37595,90879,48693,2031,1950,3850,5050,2039,1970,8570,7466,2102,2060,7539,7239,1981,1923,8983,8255,2107,2052,9004,8944,,,,,,,,,,,,,1510,1498,10776,9841,1839,1783,9838,6086,51979170,55360056,51979170,97395183.75,123635170.5,97395183.75,,,,112797306,180159384,112797306,88267182,114728184,88267182,91803484.7142857,120684043.714286,91803484.7142857,5294091,7315800,5294091,8449543.5,13563000,8449543.5,,,,9709875,16947174,9709875,8033406,13089528,8033406,8119363.71428571,13086357.4285714,8119363.71428571
343,"037","01","02","0370102",Cenicientos,Cenicientos,Cenicientos Núcleo,2076,"2076",50914.5,50807,50914.5,69946.5625,70312.125,69946.5625,,,,26078,33350,26078,50439.5,49842,50439.5,58174.0357142857,59321.0714285714,58174.0357142857,4065.75,4962.5,4065.75,5087.1875,6281.5,5087.1875,,,,1954,2683,1954,3822.5,4447.5,3822.5,4313,5317,4313,51022,51022,50807,50807,63385,63385,64709,64709,69362,69362,72370,72370,66814,66814,69329,69010,78763,78763,75000,75000,,,,,,,,,,,,,18806,18806,33350,33350,51037,51037,49842,49842,3225,3113,4977,4948,3823,3727,5337,5454,4052,3970,6802,6773,3894,3820,5849,6066,3990,3867,6925,7046,,,,,,,,,,,,,1246,1204,2683,2683,3266,3129,4402,4493,105698502,105475332,105698502,145209063.75,145967971.5,145209063.75,,,,54137928,69234600,54137928,104712402,103471992,104712402,120769298.142857,123150544.285714,120769298.142857,8440497,10302150,8440497,10561001.25,13040394,10561001.25,,,,4056504,5569908,4056504,7935510,9233010,7935510,8953788,11038092,8953788
344,"038","06","01","0380601","Dehesas, Las",Las Dehesas,Las Dehesas Núcleo,56,"56",23512.25,23418.5,23512.25,21238.25,23054.5,21238.25,55791.9166666667,56960.5,55791.9166666667,21932.75,33517.5,21932.75,21192.75,23008.5,21192.75,36464.5357142857,39125.7857142857,36464.5357142857,3247.75,4787.5,3247.75,3373.75,5206.5,3373.75,5280.25,7485.5,5280.25,4199.5,7453.5,4199.5,3345.5,5168.5,3345.5,4286.75,6438.92857142857,4286.75,23606,23606,22575,24262,19422,19422,22211,23898,,,,,,,,,,,,,57612,57612,57962,59616,57529,57529,58133,59787,48729,48729,53440,52825,10348,10348,41185,25850,19377,19377,22165,23852,1750,1666,5386,4189,1588,1494,5205,5208,,,,,,,,,,,,,3091,3373,7480,6103,3111,3368,7638,6261,2756,2751,10142,7289,991,900,8277,6630,1569,1476,5167,5170,1316686,1311436,1316686,1189342,1291052,1189342,3124347.33333333,3189788,3124347.33333333,1228234,1876980,1228234,1186794,1288476,1186794,2042014,2191044,2042014,181874,268100,181874,188930,291564,188930,295694,419188,295694,235172,417396,235172,187348,289436,187348,240058,360580,240058
345,"038","06","03","0380603",Valle de Fuenfría,Valle de Fuenfría,Valle de Fuenfría Núcleo,159,"159",20809.75,19374.5,20809.75,19399.75,20738.5,19399.75,53257.0833333333,53252.8333333333,53257.0833333333,24511.25,40036.5,24511.25,19353.75,20692.5,19353.75,34835.1071428571,37228.6428571429,34835.1071428571,2235.25,2891.5,2235.25,2492.25,3572.5,2492.25,4371.91666666667,5803.5,4371.91666666667,3425.75,6030.5,3425.75,2465.5,3534.5,2465.5,3390.64285714286,4777.07142857143,3390.64285714286,22245,22245,19468,19281,18061,18061,22373,19104,,,,,,,,,,,,,56250,56250,54590,54635,56167,56167,54761,54806,47367,47367,50573,50152,8986,8986,40130,39943,18015,18015,22327,19058,1609,1549,2721,3062,1451,1373,4068,3077,,,,,,,,,,,,,2951,3247,5535,4872,2977,3221,5693,5030,2622,2624,6577,7114,857,785,6212,5849,1435,1358,4030,3039,3308750.25,3080545.5,3308750.25,3084560.25,3297421.5,3084560.25,8467876.25,8467200.5,8467876.25,3897288.75,6365803.5,3897288.75,3077246.25,3290107.5,3077246.25,5538782.03571429,5919354.21428571,5538782.03571429,355404.75,459748.5,355404.75,396267.75,568027.5,396267.75,695134.75,922756.5,695134.75,544694.25,958849.5,544694.25,392014.5,561985.5,392014.5,539112.214285714,759554.357142857,539112.214285714
346,"112","01","01","1120101",Pinilla del Valle,Pinilla del Valle,Pinilla del Valle Núcleo,199,"199",66980.75,85643.5,66980.75,81165,91802,81165,88426.375,91097.25,88426.375,28726.5,34888,28726.5,93869.5,116910,93869.5,74599.0833333333,85239.6666666667,74599.0833333333,6566,10802.5,6566,5824.75,8540.5,5824.75,6064,8335.75,6064,1953.5,2630,1953.5,7028.25,10768.5,7028.25,5583.41666666667,8235.5,5583.41666666667,48318,48318,51170,120117,70528,70528,98352,85252,,,,,,,,,,,,,86920,86920,83928,96302,84591,84591,85892,98267,,,,,22565,22565,34888,34888,70829,70829,112287,121533,2377,2282,11468,10137,3107,3111,9979,7102,,,,,,,,,,,,,3649,3759,8029,7969,3797,3964,8699,8646,,,,,1304,1250,2630,2630,3317,3259,10810,10727,13329169.25,17043056.5,13329169.25,16151835,18268598,16151835,17596848.625,18128352.75,17596848.625,5716573.5,6942712,5716573.5,18680030.5,23265090,18680030.5,14845217.5833333,16962693.6666667,14845217.5833333,1306634,2149697.5,1306634,1159125.25,1699559.5,1159125.25,1206736,1658814.25,1206736,388746.5,523370,388746.5,1398621.75,2142931.5,1398621.75,1111099.91666667,1638864.5,1111099.91666667
347,"038","01","01","0380101",Camorritos,Camorritos,Camorritos Núcleo,87,"87",22070,22380,22070,22372.25,25042.5,22372.25,55195.0833333333,56319.8333333333,55195.0833333333,26322,42016,26322,22326.75,24996.5,22326.75,36953.75,40484.9285714286,36953.75,2867,3914,2867,3283.75,4947,3283.75,4965.16666666667,6731,4965.16666666667,3951.5,6883.5,3951.5,3257.5,4909,3257.5,4036.46428571429,5835.21428571429,4036.46428571429,21760,21760,22380,22380,19702,19702,25285,24800,,,,,,,,,,,,,57059,57059,57502,57734,56976,56976,57673,57905,48176,48176,53485,53620,10628,10628,43042,40990,19657,19657,25239,24754,1813,1827,3914,3914,1646,1595,5261,4633,,,,,,,,,,,,,3185,3506,6728,5828,3204,3511,6886,5986,2883,2907,7770,7188,1041,998,7405,6362,1632,1580,5223,4595,1920090,1947060,1920090,1946385.75,2178697.5,1946385.75,4801972.25,4899825.5,4801972.25,2290014,3655392,2290014,1942427.25,2174695.5,1942427.25,3214976.25,3522188.78571429,3214976.25,249429,340518,249429,285686.25,430389,285686.25,431969.5,585597,431969.5,343780.5,598864.5,343780.5,283402.5,427083,283402.5,351172.392857143,507663.642857143,351172.392857143
348,"038","02","01","0380201",Cercedilla,Cercedilla,Cercedilla Núcleo,7196,"7196",19928.5,18345,19928.5,18604.5,19711,18604.5,52425.1666666667,52225.3333333333,52425.1666666667,23716,39008,23716,18558.5,19665,18558.5,34011.8571428571,36200.7142857143,34011.8571428571,2041.5,2563,2041.5,2325.75,3244,2325.75,4196,5475,4196,3258.75,5702,3258.75,2299.25,3206,2299.25,3216.17857142857,4448.57142857143,3216.17857142857,21608,21416,18440,18250,17498,17498,21346,18076,,,,,,,,,,,,,55613,55613,53563,53607,55531,55531,53734,53778,46731,46731,49546,49124,8424,8424,39103,38913,17452,17452,21300,18030,1572,1468,2403,2723,1431,1384,3750,2738,,,,,,,,,,,,,2902,3240,5217,4533,2941,3235,5375,4691,2585,2599,6259,6775,835,796,5894,5510,1417,1368,3712,2700,143405486,132010620,143405486,133877982,141840356,133877982,377251499.333333,375813498.666667,377251499.333333,170660336,280701568,170660336,133546966,141509340,133546966,244749324,260500340,244749324,14690634,18443348,14690634,16736097,23343824,16736097,30194416,39398100,30194416,23449965,41031592,23449965,16545403,23070376,16545403,23143621,32011920,23143621
349,"113","01","02","1130102",Pinto,Pinto,Pinto Núcleo,55918,"55918",6755.5,6999,6755.5,15128,16639.5,15128,,,,5928,6670,5928,7400.5,7674,7400.5,10068,10924.4,10068,1309,1971,1309,2105.625,3328.5,2105.625,,,,1011.75,1616,1011.75,1365,1994,1365,1579.4,2447.6,1579.4,6512,6512,6999,6999,16981,16981,12919,23674,10252,10252,10065,19900,,,,,,,,,,,,,,,,,,,,,5186,5186,6670,6670,7127,7127,7674,7674,655,639,2251,1691,959,988,3486,3453,738,846,2900,3475,,,,,,,,,,,,,,,,,,,,,406,409,1616,1616,741,731,2274,1714,377754049,391370082,377754049,845927504,930447561,845927504,,,,331481904,372973060,331481904,413821159,429114732,413821159,562982424,610870599.2,562982424,73196662,110214378,73196662,117742338.75,186123063,117742338.75,,,,56575036.5,90363488,56575036.5,76328070,111500492,76328070,88316889.2,136864896.8,88316889.2
350,"045","01","01","0450101",Colmenar Viejo,Colmenar Viejo,Colmenar Viejo Núcleo,55428,"55428",202,163,202,36389.5,37742,36389.5,26609.75,25305.5,26609.75,11200.5,10927,11200.5,1405.5,1351,1405.5,17069.5,16799,17069.5,89.75,138,89.75,2750.25,3728,2750.25,1894.625,2244,1894.625,1581.25,2397,1581.25,323.25,442.5,323.25,1422.29166666667,1865.58333333333,1422.29166666667,241,241,163,163,35037,35037,43864,31620,,,,,,,,,,,,,28173,28173,25883,25883,27655,27655,24728,24728,,,,,11474,11474,10927,10927,1460,1460,1351,1351,43,40,138,138,1697,1848,3868,3588,,,,,,,,,,,,,1361,1532,2156,2303,1629,1659,2189,2328,,,,,736,795,2397,2397,208,200,421,464,11196456,9034764,11196456,2016997206,2091963576,2016997206,1474925223,1402633254,1474925223,620821314,605661756,620821314,77904054,74883228,77904054,946128246,931134972,946128246,4974663,7649064,4974663,152440857,206635584,152440857,105015274.5,124380432,105015274.5,87645525,132860916,87645525,17917101,24526890,17917101,78834782.5,103405553,78834782.5
351,"045","03","01","0450301","Chortales, Los",Los Chortales,Los Chortales Núcleo,29,"29",43925.75,67503.5,43925.75,21529.75,21864.5,21529.75,36761.125,37098.75,36761.125,39904.5,54426,39904.5,43030.5,67245,43030.5,36985.4583333333,47539.4166666667,36985.4583333333,5940,10470,5940,3964.25,6585,3964.25,5228.125,8416.75,5228.125,6072.25,10584,6072.25,5821.25,10457.5,5821.25,5375.66666666667,9155,5375.66666666667,20348,20348,63352,71655,21195,21195,21687,22042,,,,,,,,,,,,,37588,37588,32737,37909,35259,35259,34702,43047,,,,,25383,25383,54426,54426,18816,18816,61762,72728,1399,1421,9841,11099,1308,1379,6037,7133,,,,,,,,,,,,,1801,2093,6904,9142,1965,2299,7581,10040,,,,,1529,1592,10434,10734,1171,1199,9598,11317,1273846.75,1957601.5,1273846.75,624362.75,634070.5,624362.75,1066072.625,1075863.75,1066072.625,1157230.5,1578354,1157230.5,1247884.5,1950105,1247884.5,1072578.29166667,1378643.08333333,1072578.29166667,172260,303630,172260,114963.25,190965,114963.25,151615.625,244085.75,151615.625,176095.25,306936,176095.25,168816.25,303267.5,168816.25,155894.333333333,265495,155894.333333333
352,"045","04","01","0450401",Famet,Famet,Famet Núcleo,91,"91",4072.5,4068,4072.5,41550.5,47459,41550.5,28998.75,29478.5,28998.75,13873.5,15667,13873.5,5152.5,4712,5152.5,20441.0833333333,21810.5,20441.0833333333,1771,3132,1771,3852.75,5927,3852.75,2576.125,3606.5,2576.125,2978.75,5196,2978.75,2001,3586,2001,2625.95833333333,4175.66666666667,2625.95833333333,4077,4077,4068,4068,35642,35642,47459,47459,,,,,,,,,,,,,28778,28778,30056,30056,28260,28260,28901,28901,,,,,12080,12080,15667,15667,5593,5593,4712,4712,412,408,3132,3132,1678,1879,5927,5927,,,,,,,,,,,,,1350,1547,3593,3593,1614,1672,3620,3620,,,,,735,788,5196,5196,413,419,3586,3586,370597.5,370188,370597.5,3781095.5,4318769,3781095.5,2638886.25,2682543.5,2638886.25,1262488.5,1425697,1262488.5,468877.5,428792,468877.5,1860138.58333333,1984755.5,1860138.58333333,161161,285012,161161,350600.25,539357,350600.25,234427.375,328191.5,234427.375,271066.25,472836,271066.25,182091,326326,182091,238962.208333333,379985.666666667,238962.208333333
353,"160","05","01","1600501",Dehesa,Dehesa,Dehesa Núcleo,1212,"1212",11610.25,13251.5,11610.25,30801,31361,30801,43296,47582.3333333333,43296,7009.75,8091.5,7009.75,11713,14667,11713,27288.8571428571,30016.8571428571,27288.8571428571,1894.5,2970,1894.5,4080.5,6102.5,4080.5,4559.75,6824.33333333333,4559.75,1339.5,2253,1339.5,1707,2528,1707,3242.96428571429,4903.78571428571,3242.96428571429,9969,9969,13110,13393,30241,30241,31034,31688,,,,,,,,,,,,,44726,44726,50095,50378,44643,44643,50252,50535,27660,27660,41507,42727,5928,5928,7950,8233,8759,8759,14667,14667,831,807,2373,3567,2077,2040,6383,5822,,,,,,,,,,,,,2301,3007,6659,6726,2345,2978,6814,6881,1517,1623,7092,6774,427,425,1815,2691,918,854,2528,2528,14071623,16060818,14071623,37330812,38009532,37330812,52474752,57669788,52474752,8495817,9806898,8495817,14196156,17776404,14196156,33074094.8571429,36380430.8571429,33074094.8571429,2296134,3599640,2296134,4945566,7396230,4945566,5526417,8271092,5526417,1623474,2730636,1623474,2068884,3063936,2068884,3930472.71428571,5943388.28571429,3930472.71428571
354,"160","06","01","1600601","Paraíso, El",El Paraíso,El Paraíso Núcleo,475,"475",21371.75,25329.5,21371.75,38356.75,54663.5,38356.75,38738.25,42205.1666666667,38738.25,16789.75,20193.5,16789.75,20826.5,25436,20826.5,30508.5,36034,30508.5,3397,5508.5,3397,4391.5,6645.5,4391.5,4406.25,6593.16666666667,4406.25,2810.25,4729,2810.25,3319.75,5278.5,3319.75,3876.75,5991.57142857143,3876.75,17414,17414,27506,23153,22050,22050,25415,83912,,,,,,,,,,,,,40988,40988,45255,44363,40905,40905,45426,44534,23921,23921,37060,36593,13386,13386,22364,18023,16217,16217,26131,24741,1310,1261,5392,5625,2134,2141,6046,7245,,,,,,,,,,,,,2214,2954,7952,4840,2253,2933,8110,4998,1428,1534,8047,5612,901,882,4353,5105,1413,1309,4739,5818,10151581.25,12031512.5,10151581.25,18219456.25,25965162.5,18219456.25,18400668.75,20047454.1666667,18400668.75,7975131.25,9591912.5,7975131.25,9892587.5,12082100,9892587.5,14491537.5,17116150,14491537.5,1613575,2616537.5,1613575,2085962.5,3156612.5,2085962.5,2092968.75,3131754.16666667,2092968.75,1334868.75,2246275,1334868.75,1576881.25,2507287.5,1576881.25,1841456.25,2845996.42857143,1841456.25
355,"160","08","01","1600801",Pino Alto,Pino Alto,Pino Alto Núcleo,521,"521",18795.5,20805,18795.5,24360,26640,24360,35049.8333333333,36439,35049.8333333333,14216.5,15675,14216.5,18990.5,22393,18990.5,25930.2857142857,27832.8571428571,25930.2857142857,2423.5,3625,2423.5,3871.25,5610,3871.25,3563.91666666667,5048.83333333333,3563.91666666667,1965.75,3105,1965.75,2553.75,3818,2553.75,3072.28571428571,4472.07142857143,3072.28571428571,16786,16786,20805,20805,22080,22080,26568,26712,,,,,,,,,,,,,39377,39377,39105,39123,39294,39294,39276,39294,22311,22311,30918,30918,12758,12758,15675,15675,15588,15588,22393,22393,1246,1198,3625,3625,2117,2148,5760,5460,,,,,,,,,,,,,2079,2801,4845,4845,2124,2774,5003,5003,1298,1398,5000,5597,833,820,3105,3105,1338,1241,3818,3818,9792455.5,10839405,9792455.5,12691560,13879440,12691560,18260963.1666667,18984719,18260963.1666667,7406796.5,8166675,7406796.5,9894050.5,11666753,9894050.5,13509678.8571429,14500918.5714286,13509678.8571429,1262643.5,1888625,1262643.5,2016921.25,2922810,2016921.25,1856800.58333333,2630442.16666667,1856800.58333333,1024155.75,1617705,1024155.75,1330503.75,1989178,1330503.75,1600660.85714286,2329949.21428571,1600660.85714286
356,"041","01","01","0410101",Cobeña,Cobeña,Cobeña Núcleo,7723,"7723",18713.25,16010,18713.25,14027.75,12746.5,14027.75,27789.5,27821,27789.5,15771.75,16458.5,15771.75,15765.5,15572,15765.5,19976.2083333333,19404.8333333333,19976.2083333333,2419.5,3444,2419.5,1225,1464.5,1225,2140.25,2700.25,2140.25,1925.5,2895,1925.5,1530.75,1991,1530.75,1896.875,2532.5,1896.875,24478,18355,16868,15152,15309,15309,12741,12752,,,,,,,,,,,,,29338,29338,26251,25548,26178,26178,28216,31269,,,,,15085,15085,16463,16454,15959,15959,15572,15572,1464,1326,3804,3084,936,1035,1482,1447,,,,,,,,,,,,,1476,1559,2632,1915,1628,1658,3498,2756,,,,,914,998,3003,2787,993,1148,2069,1913,144522429.75,123645230,144522429.75,108336313.25,98441219.5,108336313.25,214618308.5,214861583,214618308.5,121805225.25,127108995.5,121805225.25,121756956.5,120262556,121756956.5,154276256.958333,149863527.833333,154276256.958333,18685798.5,26598012,18685798.5,9460675,11310333.5,9460675,16529150.75,20854030.75,16529150.75,14870636.5,22358085,14870636.5,11821982.25,15376493,11821982.25,14649565.625,19558497.5,14649565.625
357,"068","07","03","0680703","Serranilla, La",La Serranilla,La Serranilla Núcleo,73,"73",14396,15663,14396,15203.25,19335.5,15203.25,49360,49500.6666666667,49360,23171.5,36326,23171.5,15157.75,19289.5,15157.75,30858.3571428571,34159.4285714286,30858.3571428571,2014.25,2795,2014.25,2433.75,3836,2433.75,4107.25,5602,4107.25,3301.5,5779,3301.5,2406.5,3798,2406.5,3211.10714285714,4716.28571428571,3211.10714285714,13129,13129,15663,15663,11071,11071,23165,15506,,,,,,,,,,,,,52208,52208,50785,51018,52125,52125,50956,51189,43325,43325,46528,46528,10017,10017,36326,36326,11026,11026,23119,15460,1208,1259,2755,2835,1029,1034,4462,3210,,,,,,,,,,,,,2562,2987,4959,4645,2581,2982,5117,4803,2227,2336,7201,6887,837,811,5936,5622,1016,1014,4424,3172,1050908,1143399,1050908,1109837.25,1411491.5,1109837.25,3603280,3613548.66666667,3603280,1691519.5,2651798,1691519.5,1106515.75,1408133.5,1106515.75,2252660.07142857,2493638.28571429,2252660.07142857,147040.25,204035,147040.25,177663.75,280028,177663.75,299829.25,408946,299829.25,241009.5,421867,241009.5,175674.5,277254,175674.5,234410.821428571,344288.857142857,234410.821428571
358,"062","05","01","0620501","Pajarillas, Las",Las Pajarillas,Las Pajarillas Núcleo,10,"10",48555.25,63317.5,48555.25,62739.5,69476,62739.5,70000.875,68771.25,70000.875,10309,12578,10309,75444,94584,75444,56174.9166666667,62916.3333333333,56174.9166666667,5404.75,9297,5404.75,4678.25,7035,4678.25,4905.375,6830.25,4905.375,951.75,1459,951.75,5866.5,9263,5866.5,4452,6785.75,4452,33793,33793,28829,97806,56003,56003,76011,62941,,,,,,,,,,,,,72395,72395,61587,73991,70066,70066,63551,75956,,,,,8040,8040,12578,12578,56304,56304,89946,99222,1525,1500,9628,8966,2320,2323,8139,5931,,,,,,,,,,,,,2822,2991,6189,6798,2962,3147,6859,7475,,,,,449,440,1459,1459,2467,2473,8970,9556,485552.5,633175,485552.5,627395,694760,627395,700008.75,687712.5,700008.75,103090,125780,103090,754440,945840,754440,561749.166666667,629163.333333333,561749.166666667,54047.5,92970,54047.5,46782.5,70350,46782.5,49053.75,68302.5,49053.75,9517.5,14590,9517.5,58665,92630,58665,44520,67857.5,44520
359,"021","04","01","0210401",Pradera del Amor,Pradera del Amor,Pradera del Amor Núcleo,101,"101",16058.5,10975,16058.5,44546.25,45740.5,44546.25,56390.75,54202,56390.75,10729,11377,10729,59760.75,75868.5,59760.75,40646,42060.8333333333,40646,1888,2712,1888,3441.25,5006,3441.25,4567.625,6593,4567.625,1126.5,1674,1126.5,4927,7823,4927,3419.66666666667,5066.83333333333,3419.66666666667,21142,21142,10975,10975,43352,43352,43772,47709,,,,,,,,,,,,,59744,59744,47680,58759,57415,57415,49645,60724,,,,,10081,10081,11377,11377,43653,43653,76705,75032,1071,1057,2712,2712,1846,1907,3866,6146,,,,,,,,,,,,,2355,2554,4920,7313,2486,2774,5899,8240,,,,,582,576,1674,1674,2027,2035,8578,7068,1621908.5,1108475,1621908.5,4499171.25,4619790.5,4499171.25,5695465.75,5474402,5695465.75,1083629,1149077,1083629,6035835.75,7662718.5,6035835.75,4105246,4248144.16666667,4105246,190688,273912,190688,347566.25,505606,347566.25,461330.125,665893,461330.125,113776.5,169074,113776.5,497627,790123,497627,345386.333333333,511750.166666667,345386.333333333
360,"043","02","01","0430201",Colmenar de Oreja,Colmenar de Oreja,Colmenar de Oreja Núcleo,5587,"5587",29176,35061,29176,68890,77992,68890,,,,30400.5,36346,30400.5,33757.5,38102,33757.5,46222.8,53098.6,46222.8,2459.25,3340,2459.25,5365.5,7878.25,5365.5,,,,2831.75,3915.5,2831.75,2497.25,3440,2497.25,3703.85,5290.4,3703.85,23291,23291,35061,35061,61037,61037,79778,78144,58539,58539,77848,76198,,,,,,,,,,,,,,,,,,,,,24455,24455,36346,36346,29413,29413,38102,38102,1601,1556,3340,3340,2846,2933,7598,7664,2793,2839,8129,8122,,,,,,,,,,,,,,,,,,,,,1783,1713,3491,4340,1557,1552,3440,3440,163006312,195885807,163006312,384888430,435741304,384888430,,,,169847593.5,203065102,169847593.5,188603152.5,212875874,188603152.5,258246783.6,296661878.2,258246783.6,13739829.75,18660580,13739829.75,29977048.5,44015782.75,29977048.5,,,,15820987.25,21875898.5,15820987.25,13952135.75,19219280,13952135.75,20693409.95,29557464.8,20693409.95
361,"118","01","01","1180101",Puebla de la Sierra,Puebla de la Sierra,Puebla de la Sierra Núcleo,91,"91",56144.25,67405.5,56144.25,81118.25,83133.5,81118.25,95139.125,95947.75,95139.125,32304.25,29509.5,32304.25,100357.5,121311,100357.5,76700.4166666667,82209.1666666667,76700.4166666667,8151,12835.5,8151,7302.75,10095,7302.75,8301.75,11481.75,8301.75,4140.25,5563,4140.25,9345,13980,9345,7590.41666666667,10906.1666666667,7590.41666666667,44883,44883,84753,50058,79103,79103,83457,82810,,,,,,,,,,,,,95495,95495,94506,93859,93166,93166,99602,95824,,,,,35099,35099,29509,29510,79404,79404,123532,119090,3500,3433,15110,10561,4536,4485,10935,9255,,,,,,,,,,,,,5077,5040,11982,10122,5181,5189,12952,10871,,,,,2739,2696,5923,5203,4721,4699,15180,12780,5109126.75,6133900.5,5109126.75,7381760.75,7565148.5,7381760.75,8657660.375,8731245.25,8657660.375,2939686.75,2685364.5,2939686.75,9132532.5,11039301,9132532.5,6979737.91666667,7481034.16666667,6979737.91666667,741741,1168030.5,741741,664550.25,918645,664550.25,755459.25,1044839.25,755459.25,376762.75,506233,376762.75,850395,1272180,850395,690727.916666667,992461.166666667,690727.916666667
362,"061","01","01","0610101",Bellavista,Bellavista,Bellavista Núcleo,172,"172",3127,3150,3127,8537.5,9990,8537.5,37258.4166666667,38899.5,37258.4166666667,5434,5728,5434,8492,9944,8492,19623.6785714286,20787.2142857143,19623.6785714286,1201.25,2010.5,1201.25,2011.5,3117.5,2011.5,3495.83333333333,4934.16666666667,3495.83333333333,1572.5,2492,1572.5,1983.25,3079.5,1983.25,2465.14285714286,3643.14285714286,2465.14285714286,3104,3104,3150,3150,7085,7085,12479,7501,,,,,,,,,,,,,38606,38606,40540,40507,38523,38523,40711,40678,29723,29723,36141,34820,5140,5140,6031,5425,7040,7040,12433,7455,374,410,2024,1997,887,924,3549,2686,,,,,,,,,,,,,1972,2444,4273,4363,2043,2431,4431,4521,1644,1811,6288,5729,634,672,2363,2621,870,904,3511,2648,537844,541800,537844,1468450,1718280,1468450,6408447.66666667,6690714,6408447.66666667,934648,985216,934648,1460624,1710368,1460624,3375272.71428571,3575400.85714286,3375272.71428571,206615,345806,206615,345978,536210,345978,601283.333333333,848676.666666667,601283.333333333,270470,428624,270470,341119,529674,341119,424004.571428571,626620.571428571,424004.571428571
363,"121","01","01","1210101",Redueña,Redueña,Redueña Núcleo,289,"289",6651.5,6748,6651.5,42365.25,49365.5,42365.25,49626.75,48661,49626.75,20592.25,19630.5,20592.25,46673.75,57681.5,46673.75,35922.7083333333,38457.9166666667,35922.7083333333,1077.5,1687,1077.5,3355.5,5059.5,3355.5,3742.25,5144.5,3742.25,2943,4854,2943,4303.5,6802,4303.5,3194,4781.91666666667,3194,6555,6555,6748,6748,35365,35365,55331,43400,,,,,,,,,,,,,51757,51757,40907,54450,49428,49428,42872,56415,,,,,21554,21554,21535,17726,35666,35666,32555,82808,470,466,1687,1687,1629,1674,5358,4761,,,,,,,,,,,,,2133,2365,3408,5928,2301,2561,4387,6855,,,,,1078,986,4849,4859,1805,1805,4835,8769,1922283.5,1950172,1922283.5,12243557.25,14266629.5,12243557.25,14342130.75,14063029,14342130.75,5951160.25,5673214.5,5951160.25,13488713.75,16669953.5,13488713.75,10381662.7083333,11114337.9166667,10381662.7083333,311397.5,487543,311397.5,969739.5,1462195.5,969739.5,1081510.25,1486760.5,1081510.25,850527,1402806,850527,1243711.5,1965778,1243711.5,923066,1381973.91666667,923066
364,"091","01","01","0910101",Morata de Tajuña,Morata de Tajuña,Morata de Tajuña Núcleo,7650,"7650",10603.25,10660.5,10603.25,31698.5,33177,31698.5,36714,38219.5,36714,15006.5,16937,15006.5,10427.5,10301,10427.5,20889.95,21859,20889.95,1241.25,1616.5,1241.25,2933,4062.5,2933,2968.5,4039.5,2968.5,1398.25,2009,1398.25,1079.5,1189,1079.5,1924.1,2583.3,1924.1,10546,10546,10489,10832,30220,30220,35838,30516,,,,,,,,,,,,,33871,36546,41031,35408,,,,,,,,,13076,13076,16937,16937,10554,10554,10301,10301,884,848,1832,1401,1763,1844,3988,4137,,,,,,,,,,,,,1791,2004,3935,4144,,,,,,,,,802,773,2009,2009,992,948,1189,1189,81114862.5,81552825,81114862.5,242493525,253804050,242493525,280862100,292379175,280862100,114799725,129568050,114799725,79770375,78802650,79770375,159808117.5,167221350,159808117.5,9495562.5,12366225,9495562.5,22437450,31078125,22437450,22709025,30902175,22709025,10696612.5,15368850,10696612.5,8258175,9095850,8258175,14719365,19762245,14719365
365,"045","05","01","0450501",Navarrosillos - Polígono Sur,Navarrosillos - Polígono Sur,Navarrosillos - Polígono Sur Núcleo,10,"10",5918,5953,5918,37822,39365,37822,29670.25,30184.5,29670.25,12762.25,12807.5,12762.25,5168,5596,5168,20168.4583333333,20681.75,20168.4583333333,1227.75,1740.5,1227.75,3594.75,5137,3594.75,2968.625,4121,2968.625,2372.25,3714.5,2372.25,1227.25,1891.5,1227.25,2393.20833333333,3454.25,2393.20833333333,5883,5883,4512,7394,36279,36279,41835,36895,,,,,,,,,,,,,29415,29415,30419,31105,28897,28897,29264,29950,,,,,12717,12717,11518,14097,4740,4740,5390,5802,715,715,1742,1739,1972,2133,5519,4755,,,,,,,,,,,,,1634,1793,4227,3986,1900,1938,4260,4011,,,,,1011,1049,3637,3792,565,561,2354,1429,59180,59530,59180,378220,393650,378220,296702.5,301845,296702.5,127622.5,128075,127622.5,51680,55960,51680,201684.583333333,206817.5,201684.583333333,12277.5,17405,12277.5,35947.5,51370,35947.5,29686.25,41210,29686.25,23722.5,37145,23722.5,12272.5,18915,12272.5,23932.0833333333,34542.5,23932.0833333333
366,"045","06","01","0450601",Ciudalcampo,Ciudalcampo,Ciudalcampo Núcleo,786,"786",35887.5,47778,35887.5,10027.5,9913,10027.5,23878.75,22388,23878.75,37200,41978,37200,14901.5,14255,14901.5,24295.6666666667,26450,24295.6666666667,3514.75,5405.5,3514.75,1245,1742,1245,2401.125,3340.5,2401.125,3389.5,5198.5,3389.5,1928.75,2800.5,1928.75,2480.04166666667,3637.91666666667,2480.04166666667,23997,23997,47783,47773,10142,10142,9913,9913,,,,,,,,,,,,,26534,26534,20972,20962,24205,24205,24691,22927,,,,,32422,32422,44853,39103,15548,15548,14909,13601,1625,1623,5817,4994,716,780,1802,1682,,,,,,,,,,,,,1234,1508,3329,2549,1381,1724,4258,3226,,,,,1454,1707,5878,4519,948,1166,2956,2645,28207575,37553508,28207575,7881615,7791618,7881615,18768697.5,17596968,18768697.5,29239200,32994708,29239200,11712579,11204430,11712579,19096394,20789700,19096394,2762593.5,4248723,2762593.5,978570,1369212,978570,1887284.25,2625633,1887284.25,2664147,4086021,2664147,1515997.5,2201193,1515997.5,1949312.75,2859402.5,1949312.75
367,"045","06","05","0450605",Valdelagua - Punta Galea,Valdelagua - Punta Galea,Valdelagua - Punta Galea Núcleo,182,"182",36370,51256,36370,11810,11700,11810,25335.875,23524.25,25335.875,37545.5,40891,37545.5,16674.5,16024,16674.5,25511.9583333333,27819.9166666667,25511.9583333333,3173.5,4830.5,3173.5,1058.75,1319,1058.75,1943.625,2372.75,1943.625,2922.5,4216,2922.5,1757.5,2402,1757.5,2133.25,2918.83333333333,2133.25,21484,21484,52951,49561,11920,11920,11700,11700,,,,,,,,,,,,,28312,28312,22334,22750,25983,25983,24298,24715,,,,,34200,34200,40891,40891,17325,17325,16330,15718,1516,1517,5120,4541,770,827,1289,1349,,,,,,,,,,,,,1281,1563,1616,2396,1425,1789,2706,2773,,,,,1503,1755,4306,4126,1000,1226,2475,2329,6619340,9328592,6619340,2149420,2129400,2149420,4611129.25,4281413.5,4611129.25,6833281,7442162,6833281,3034759,2916368,3034759,4643176.41666667,5063224.83333333,4643176.41666667,577577,879151,577577,192692.5,240058,192692.5,353739.75,431840.5,353739.75,531895,767312,531895,319865,437164,319865,388251.5,531227.666666667,388251.5
368,"045","07","01","0450701",San Pedro,San Pedro,San Pedro Núcleo,111,"111",2767,2778,2767,38290,40253,38290,28505,27806.5,28505,13101.75,13439.5,13101.75,5064.5,3851,5064.5,19372.2083333333,19322.4166666667,19372.2083333333,722,1071.5,722,3404,4993.5,3404,2387.125,3195.75,2387.125,2147.75,3498.5,2147.75,867,1283.5,867,1985.83333333333,2873.08333333333,1985.83333333333,2756,2756,2778,2778,36327,36327,46364,34142,,,,,,,,,,,,,29463,29463,28384,28384,28944,28944,27229,27229,,,,,12764,12764,13430,13449,6278,6278,3851,3851,371,374,1073,1070,1708,1921,5190,4797,,,,,,,,,,,,,1376,1583,3210,3158,1643,1712,3232,3183,,,,,767,827,3319,3678,444,457,1286,1281,307137,308358,307137,4250190,4468083,4250190,3164055,3086521.5,3164055,1454294.25,1491784.5,1454294.25,562159.5,427461,562159.5,2150315.125,2144788.25,2150315.125,80142,118936.5,80142,377844,554278.5,377844,264970.875,354728.25,264970.875,238400.25,388333.5,238400.25,96237,142468.5,96237,220427.5,318912.25,220427.5
369,"095","01","02","0950102",Navalagamella,Navalagamella,Navalagamella Núcleo,2784,"2784",22576.5,24385,22576.5,57392,84268,57392,41098.5,41985.3333333333,41098.5,17976,19225,17976,22750,25942,22750,34855.7142857143,39968,34855.7142857143,2590,3697,2590,4434.75,6254.5,4434.75,3352.16666666667,4201.16666666667,3352.16666666667,2102,3139,2102,2695,3852,2695,3125.46428571429,4220.85714285714,3125.46428571429,20768,20768,24385,24385,30516,30516,84183,84353,,,,,,,,,,,,,45928,45928,44634,44804,45845,45845,44805,44975,28862,28862,36102,36592,16727,16727,19225,19225,19558,19558,25942,25942,1512,1454,3097,4297,2617,2613,6630,5879,,,,,,,,,,,,,2500,3101,3925,4074,2599,3188,4083,4232,1770,1861,4067,4826,1065,1065,2539,3739,1593,1483,3252,4452,62852976,67887840,62852976,159779328,234602112,159779328,114418224,116887168,114418224,50045184,53522400,50045184,63336000,72222528,63336000,97038308.5714286,111270912,97038308.5714286,7210560,10292448,7210560,12346344,17412528,12346344,9332432,11696048,9332432,5851968,8738976,5851968,7502880,10723968,7502880,8701292.57142857,11750866.2857143,8701292.57142857
370,"144","02","01","1440201","Rancajales, Los",Los Rancajales,Los Rancajales Núcleo,939,"939",12425,15355,12425,49045.25,57029.5,49045.25,37160.5,40383.5,37160.5,26808.75,36119.5,26808.75,13720,16428,13720,29386.6666666667,34283.1666666667,29386.6666666667,2793.5,4794,2793.5,5679.25,9201.5,5679.25,4405.25,6881.25,4405.25,4655,8166,4655,2898.25,5005,2898.25,4139.41666666667,6821.5,4139.41666666667,9495,9495,15355,15355,41061,41061,58364,55695,,,,,,,,,,,,,34197,34197,40961,40961,33678,33678,39806,39806,,,,,17498,17498,43462,28777,11012,11012,16428,16428,805,781,4781,4807,2062,2252,9248,9155,,,,,,,,,,,,,1744,1907,6824,6913,2002,2064,6851,6937,,,,,1123,1165,8117,8215,794,789,4991,5019,11667075,14418345,11667075,46053489.75,53550700.5,46053489.75,34893709.5,37920106.5,34893709.5,25173416.25,33916210.5,25173416.25,12883080,15425892,12883080,27594080,32191893.5,27594080,2623096.5,4501566,2623096.5,5332815.75,8640208.5,5332815.75,4136529.75,6461493.75,4136529.75,4371045,7667874,4371045,2721456.75,4699695,2721456.75,3886912.25,6405388.5,3886912.25
371,"138","01","01","1380101","Serna del Monte, La",La Serna del Monte,La Serna del Monte Núcleo,77,"77",43043.5,48109,43043.5,61383.5,62579,61383.5,74382.25,73349,74382.25,12553,12881,12553,60664.25,60839.5,60664.25,54401.4583333333,55184.4166666667,54401.4583333333,4429,7224.5,4429,4225.75,6030.5,4225.75,5225,7355.75,5225,1449.25,2342.5,1449.25,5329.5,8063,5329.5,4313.91666666667,6395.33333333333,4313.91666666667,37978,37978,42970,53248,60188,60188,65815,59343,,,,,,,,,,,,,76580,76580,76864,66304,74251,74251,78829,71399,,,,,12225,12225,13249,12513,60489,60489,64054,57625,1653,1614,6901,7548,2406,2436,7695,4366,,,,,,,,,,,,,2925,3126,8562,5260,3051,3275,9311,6290,,,,,554,558,2424,2261,2597,2595,9769,6357,3314349.5,3704393,3314349.5,4726529.5,4818583,4726529.5,5727433.25,5647873,5727433.25,966581,991837,966581,4671147.25,4684641.5,4671147.25,4188912.29166667,4249200.08333333,4188912.29166667,341033,556286.5,341033,325382.75,464348.5,325382.75,402325,566392.75,402325,111592.25,180372.5,111592.25,410371.5,620851,410371.5,332171.583333333,492440.666666667,332171.583333333
372,"144","03","01","1440301","Fresneda, La",La Fresneda,La Fresneda Núcleo,33,"33",11049.5,11095,11049.5,45887.25,48281.5,45887.25,36246.25,36122.5,36246.25,32430.5,43068,32430.5,12806,12168,12806,29110.9583333333,31142.9166666667,29110.9583333333,1146.75,1505,1146.75,3868,5579.5,3868,2762.25,3605.5,2762.25,4275.5,7122.5,4275.5,1259.25,1716,1259.25,2679,3855.66666666667,2679,11004,11004,11095,11095,43493,43493,54103,42460,,,,,,,,,,,,,36629,36629,36700,36700,36111,36111,35545,35545,,,,,21793,21793,43068,43068,13444,13444,12168,12168,792,785,1505,1505,2047,2266,5927,5232,,,,,,,,,,,,,1721,1910,3593,3593,1990,2055,3618,3618,,,,,1452,1405,7944,6301,802,803,1716,1716,364633.5,366135,364633.5,1514279.25,1593289.5,1514279.25,1196126.25,1192042.5,1196126.25,1070206.5,1421244,1070206.5,422598,401544,422598,960661.625,1027716.25,960661.625,37842.75,49665,37842.75,127644,184123.5,127644,91154.25,118981.5,91154.25,141091.5,235042.5,141091.5,41555.25,56628,41555.25,88407,127237,88407
373,"126","01","01","1260101",Robregordo,Robregordo,Robregordo Núcleo,68,"68",51648,56776,51648,75065.75,81401.5,75065.75,88065,92171.5,88065,21158,21548,21158,69268.75,69506.5,69268.75,65545.0833333333,68929.1666666667,65545.0833333333,4846,7779,4846,4632,6557,4632,5629.875,7882.25,5629.875,1871.25,2897,1871.25,5752.25,8617.5,5752.25,4726.875,6935.83333333333,4726.875,46520,46520,51561,61991,68730,68730,94718,68085,,,,,,,,,,,,,85123,85123,105767,75046,82794,82794,107732,80141,,,,,20768,20768,21840,21256,69031,69031,72646,66367,1930,1896,7740,7818,2684,2730,8478,4636,,,,,,,,,,,,,3227,3417,9345,5530,3341,3525,10094,6560,,,,,847,844,3263,2531,2884,2890,10608,6627,3512064,3860768,3512064,5104471,5535302,5104471,5988420,6267662,5988420,1438744,1465264,1438744,4710275,4726442,4710275,4457065.66666667,4687183.33333333,4457065.66666667,329528,528972,329528,314976,445876,314976,382831.5,535993,382831.5,127245,196996,127245,391153,585990,391153,321427.5,471636.666666667,321427.5
374,"016","01","01","0160101","Atazar, El",El Atazar,El Atazar Núcleo,104,"104",23752.5,23746,23752.5,62362.25,60479.5,62362.25,75991.875,72511.25,75991.875,38750.75,50572.5,38750.75,76778,89010,76778,58937.875,61471.75,58937.875,2426,3128,2426,5287.25,7222,5287.25,6411.75,8803.25,6411.75,5747,9500,5747,7275.25,10983,7275.25,5593.16666666667,8073.25,5593.16666666667,23759,23759,23746,23746,64245,64245,60479,60480,,,,,,,,,,,,,80637,80637,71528,71530,78308,78308,73492,73495,,,,,26929,26929,42623,58522,64546,64546,78132,99888,1739,1709,3128,3128,3355,3350,8182,6262,,,,,,,,,,,,,3855,4041,9229,7429,3998,4187,10199,8356,,,,,2050,1938,8930,10070,3580,3555,11696,10270,2470260,2469584,2470260,6485674,6289868,6485674,7903155,7541170,7903155,4030078,5259540,4030078,7984912,9257040,7984912,6129539,6393062,6129539,252304,325312,252304,549874,751088,549874,666822,915538,666822,597688,988000,597688,756626,1142232,756626,581689.333333333,839618,581689.333333333
375,"067","01","01","0670101",Guadalix de la Sierra,Guadalix de la Sierra,Guadalix de la Sierra Núcleo,6896,"6896",19568.5,19885,19568.5,45054.75,51249.5,45054.75,43654.25,44912.5,43654.25,25506.75,25343.5,25506.75,20214,20958,20214,32942.0833333333,34543.5,32942.0833333333,1562,1898,1562,3486.25,5073,3486.25,3095.375,3838.5,3095.375,3409.25,5455,3409.25,1666,2104,1666,2719.04166666667,3701.16666666667,2719.04166666667,20550,17954,19885,19885,38860,38860,62893,39606,,,,,,,,,,,,,42655,42655,45490,45490,42137,42137,44335,44335,,,,,25670,25670,26193,24494,19470,19470,20958,20958,1265,1187,1898,1898,1875,1924,6156,3990,,,,,,,,,,,,,2211,2306,3822,3822,2451,2441,3855,3855,,,,,1429,1298,4105,6805,1263,1193,2104,2104,134944376,137126960,134944376,310697556,353416552,310697556,301039708,309716600,301039708,175894548,174768776,175894548,139395744,144526368,139395744,227168606.666667,238211976,227168606.666667,10771552,13088608,10771552,24041180,34983408,24041180,21345706,26470296,21345706,23510188,37617680,23510188,11488736,14509184,11488736,18750511.3333333,25523245.3333333,18750511.3333333
376,"182","02","01","1820201","Llanos, Los",Los Llanos,Los Llanos Núcleo,32,"32",64774.25,90871.5,64774.25,78958.5,97030,78958.5,86220.125,96325.25,86220.125,26508.5,40093,26508.5,91663,122138,91663,72390.75,90463.8333333333,72390.75,7212.5,12588.5,7212.5,6483.25,10326.5,6483.25,6711.75,10121.75,6711.75,2880,4998,2880,7682.75,12554.5,7682.75,6280.33333333333,10118.5,6280.33333333333,38677,38677,56398,125345,60887,60887,103580,90480,,,,,,,,,,,,,77280,77280,89156,101530,74950,74950,91120,103495,,,,,12924,12924,40069,40117,61188,61188,117515,126761,1852,1821,12774,12403,2618,2662,11285,9368,,,,,,,,,,,,,3132,3349,9335,10235,3269,3457,10005,10912,,,,,758,766,5100,4896,2807,2815,12116,12993,2072776,2907888,2072776,2526672,3104960,2526672,2759044,3082408,2759044,848272,1282976,848272,2933216,3908416,2933216,2316504,2894842.66666667,2316504,230800,402832,230800,207464,330448,207464,214776,323896,214776,92160,159936,92160,245848,401744,245848,200970.666666667,323792,200970.666666667
377,"172","02","01","1720201","Gurugú, El",El Gurugú,El Gurugú Núcleo,276,"276",5207.5,5311,5207.5,12823,13660,12823,,,,9258.5,9716,9258.5,6373.5,6945,6373.5,9297.1,9858.4,9297.1,999.25,1433,999.25,1849.5,2767.25,1849.5,,,,2028.75,3360.5,2028.75,1520,2390,1520,1649.4,2543.6,1649.4,5104,5104,5311,5311,13161,13161,10886,12501,10811,10811,14754,16499,,,,,,,,,,,,,,,,,,,,,8801,8801,9497,9935,5802,5802,6945,6945,546,585,1433,1433,975,1055,1958,2498,829,868,3092,3521,,,,,,,,,,,,,,,,,,,,,677,717,3088,3633,630,670,2390,2390,1437270,1465836,1437270,3539148,3770160,3539148,,,,2555346,2681616,2555346,1759086,1916820,1759086,2565999.6,2720918.4,2565999.6,275793,395508,275793,510462,763761,510462,,,,559935,927498,559935,419520,659640,419520,455234.4,702033.6,455234.4
378,"108","03","01","1080301",Pedrezuela,Pedrezuela,Pedrezuela Núcleo,5277,"5277",30117,29396,30117,25115.5,25198,25115.5,38917.375,37573.25,38917.375,44308.25,56714.5,44308.25,35521.5,45709,35521.5,35482.8333333333,38694,35482.8333333333,2759.75,3813.5,2759.75,2245.5,3138,2245.5,3112.375,4165.25,3112.375,4157.5,6455,4157.5,3728.25,5962.5,3728.25,3185.95833333333,4616.58333333333,3185.95833333333,30838,30838,30221,28571,25033,25033,25750,24646,,,,,,,,,,,,,41426,41426,36799,36383,39097,39097,38764,38347,,,,,31902,31902,58489,54940,25334,25334,65825,25593,1608,1804,4564,3063,1320,1386,3108,3168,,,,,,,,,,,,,1837,2107,4155,3315,1978,2316,5026,4165,,,,,1840,1880,7145,5765,1487,1501,7693,4232,158927409,155122692,158927409,132534493.5,132969846,132534493.5,205366987.875,198274040.25,205366987.875,233814635.25,299282416.5,233814635.25,187446955.5,241206393,187446955.5,187242911.5,204188238,187242911.5,14563200.75,20123839.5,14563200.75,11849503.5,16559226,11849503.5,16424002.875,21980024.25,16424002.875,21939127.5,34063035,21939127.5,19673975.25,31464112.5,19673975.25,16812302.125,24361710.25,16812302.125
379,"158","03","01","1580301","Hoya, La",La Hoya,La Hoya Núcleo,55,"55",19582.5,18850,19582.5,47920.5,53316,47920.5,54550.875,51349.25,54550.875,15080,15224,15080,40394.25,37962.5,40394.25,38679.8333333333,38008.5,38679.8333333333,2145,3210,2145,3946.25,5999,3946.25,4233.75,5896,4233.75,1797,2806,1797,3202,4353.5,3202,3259.625,4693.41666666667,3259.625,20315,20315,18850,18850,42525,42525,62143,44489,,,,,,,,,,,,,58917,58917,47719,51450,56588,56588,49683,56545,,,,,14936,14936,15224,15224,42826,42826,37999,37926,1089,1071,3210,3210,1862,1925,7421,4577,,,,,,,,,,,,,2386,2576,5471,5471,2525,2799,6141,6501,,,,,792,784,2806,2806,2045,2056,4818,3889,1077037.5,1036750,1077037.5,2635627.5,2932380,2635627.5,3000298.125,2824208.75,3000298.125,829400,837320,829400,2221683.75,2087937.5,2221683.75,2127390.83333333,2090467.5,2127390.83333333,117975,176550,117975,217043.75,329945,217043.75,232856.25,324280,232856.25,98835,154330,98835,176110,239442.5,176110,179279.375,258137.916666667,179279.375
380,"158","02","01","1580201",Cerro Matallera,Cerro Matallera,Cerro Matallera Núcleo,329,"329",24079.5,27547,24079.5,51644,57740,51644,58736.25,56697,58736.25,19177,20395,19177,38637,34215,38637,41835,42215.1666666667,41835,3382,5336,3382,4548.75,6948,4548.75,4311.75,5798,4311.75,2178.25,3300.5,2178.25,2839,3351.5,2839,3595.25,5088.66666666667,3595.25,20612,20612,21865,33229,45548,45548,73482,41998,,,,,,,,,,,,,61940,61940,58747,52857,59611,59611,57592,57592,,,,,17959,17959,18239,22551,45849,40269,34215,34215,1450,1406,3868,6804,2123,2176,7487,6409,,,,,,,,,,,,,2632,2858,5188,7276,2794,3018,5210,5518,,,,,1072,1040,3464,3137,2334,2319,3264,3439,7922155.5,9062963,7922155.5,16990876,18996460,16990876,19324226.25,18653313,19324226.25,6309233,6709955,6309233,12711573,11256735,12711573,13763715,13888789.8333333,13763715,1112678,1755544,1112678,1496538.75,2285892,1496538.75,1418565.75,1907542,1418565.75,716644.25,1085864.5,716644.25,934031,1102643.5,934031,1182837.25,1674171.33333333,1182837.25
381,"095","03","01","0950301",Cerro Alarcón,Cerro Alarcón,Cerro Alarcón Núcleo,172,"172",33657,46886,33657,59273.75,88760.5,59273.75,42707.9166666667,46551.5,42707.9166666667,29196,42005,29196,33232.5,47247,33232.5,40497.5714285714,52079,40497.5714285714,3695.75,5833.5,3695.75,4541,6380.5,4541,3424.58333333333,4380.5,3424.58333333333,3101.75,5064,3101.75,3616,5613.5,3616,3604.03571428571,5147.57142857143,3604.03571428571,20428,20428,66416,27356,29787,29787,87307,90214,,,,,,,,,,,,,44581,44581,47758,50665,44498,44498,47929,50836,27514,27514,39226,42895,16387,16387,61814,22196,19218,19218,65581,28913,1580,1536,6718,4949,2677,2726,6230,6531,,,,,,,,,,,,,2468,3053,4125,4126,2557,3161,4283,4284,1730,1843,4567,4898,1144,1135,5737,4391,1675,1562,6123,5104,5789004,8064392,5789004,10195085,15266806,10195085,7345761.66666667,8006858,7345761.66666667,5021712,7224860,5021712,5715990,8126484,5715990,6965582.28571429,8957588,6965582.28571429,635669,1003362,635669,781052,1097446,781052,589028.333333333,753446,589028.333333333,533501,871008,533501,621952,965522,621952,619894.142857143,885382.285714286,619894.142857143
382,"096","01","01","0960101",Calypo II,Calypo II,Calypo II Núcleo,272,"272",10367.5,11447,10367.5,42501.5,60820.25,42501.5,,,,26203,28597,26203,9966.5,10630,9966.5,30934.7142857143,41993.5714285714,30934.7142857143,1540.25,2323,1540.25,2757.875,4278.75,2757.875,,,,2963,4627.5,2963,1439.5,2087,1439.5,2424.89285714286,3736.07142857143,2424.89285714286,9288,9288,11447,11447,19836,19836,54959,54959,25813,25813,62604,62604,23265,23265,59577,59577,27817,27817,66141,66141,,,,,,,,,,,,,23809,23809,28597,28597,9303,9303,10630,10630,774,741,2323,2323,1090,1163,3478,3478,1366,1396,4148,4148,1171,1217,4395,4095,1254,1239,5244,5244,,,,,,,,,,,,,1307,1290,4267,4988,799,785,2087,2087,2819960,3113584,2819960,11560408,16543108,11560408,,,,7127216,7778384,7127216,2710888,2891360,2710888,8414242.28571429,11422251.4285714,8414242.28571429,418948,631856,418948,750142,1163820,750142,,,,805936,1258680,805936,391544,567664,391544,659570.857142857,1016211.42857143,659570.857142857
383,"096","03","01","0960301",Navalcarnero,Navalcarnero,Navalcarnero Núcleo,31902,"31902",295.5,127,295.5,22097,27165.5,22097,,,,18206,20371,18206,1288,1392,1288,15453.9285714286,18650.2857142857,15453.9285714286,96.5,109,96.5,1819.375,2630.625,1819.375,,,,2274.75,3598,2274.75,326.75,419,326.75,1425.07142857143,2092.64285714286,1425.07142857143,464,464,127,127,11907,11907,13983,13983,17884,17884,51686,51686,15336,15336,18713,18713,22987,22987,24274,24286,,,,,,,,,,,,,16041,16041,21149,19593,1184,1184,1392,1392,92,76,109,109,805,859,2120,2120,1084,1112,2279,2279,890,929,2532,2532,1170,1216,3803,3380,,,,,,,,,,,,,898,1005,3512,3684,238,231,419,419,9427041,4051554,9427041,704938494,866633781,704938494,,,,580807812,649875642,580807812,41089776,44407584,41089776,493011229.285714,594981414.857143,493011229.285714,3078543,3477318,3078543,58041701.25,83922198.75,58041701.25,,,,72569074.5,114783396,72569074.5,10423978.5,13366938,10423978.5,45462628.7142857,66759492.4285714,45462628.7142857
384,"181","01","01","1810101",Villaviciosa de Odón,Villaviciosa de Odón,Villaviciosa de Odón Núcleo,21650,"21650",7065.5,6575,7065.5,11061.375,13670.25,11061.375,,,,2814,2228,2814,11524.75,12792.5,11524.75,9378.53571428571,10896.6428571429,9378.53571428571,1579,2342,1579,1814.375,2774,1814.375,,,,1125.25,1843,1125.25,2165.25,3396.5,2165.25,1732.42857142857,2668.21428571429,1732.42857142857,7556,7556,6575,6575,8150,8150,7709,7709,8174,8174,10283,10283,4821,4821,15216,9692,12665,12665,24235,24235,,,,,,,,,,,,,3400,3400,2228,2228,10257,10257,15868,9717,812,820,2342,2342,953,974,2598,2598,863,891,1668,1907,722,716,3418,2516,849,870,3658,3829,,,,,,,,,,,,,398,417,1843,1843,914,954,3564,3229,152968075,142348750,152968075,239478768.75,295960912.5,239478768.75,,,,60923100,48236200,60923100,249510837.5,276957625,249510837.5,203045298.214286,235912317.857143,203045298.214286,34185350,50704300,34185350,39281218.75,60057100,39281218.75,,,,24361662.5,39900950,24361662.5,46877662.5,73534225,46877662.5,37507078.5714286,57766839.2857143,37507078.5714286
385,"005","01","01","0050101",Alcalá de Henares,Alcalá de Henares,Alcalá de Henares Núcleo,199590,"199590",3118.75,3285.5,3118.75,6836.25,7079,6836.25,,,,1346.5,1113,1346.5,1359.5,1416,1359.5,3899.45,3994.5,3899.45,1168.75,1716.5,1168.75,1562.375,2568.5,1562.375,,,,585,946,585,356.25,505,356.25,1046.95,1660.9,1046.95,2952,2952,4452,2119,4475,4475,6160,6160,8712,8712,7998,7998,,,,,,,,,,,,,,,,,,,,,1580,1580,1113,1113,1303,1303,1416,1416,657,585,1656,1777,445,473,2592,2592,614,693,2545,2545,,,,,,,,,,,,,,,,,,,,,227,221,946,946,201,214,417,593,622471312.5,655752945,622471312.5,1364447137.5,1412897610,1364447137.5,,,,268747935,222143670,268747935,271342605,282619440,271342605,778291225.5,797262255,778291225.5,233270812.5,342596235,233270812.5,311834426.25,512646915,311834426.25,,,,116760150,188812140,116760150,71103937.5,100792950,71103937.5,208960750.5,331499031,208960750.5
386,"181","02","01","1810201","Bosque, El",El Bosque,El Bosque Núcleo,7142,"7142",11107.5,11390,11107.5,15383.25,16811.25,15383.25,,,,6716,7300,6716,13467.5,14531,13467.5,13260.5714285714,14352.2857142857,13260.5714285714,2013,3050,2013,2482.6875,3807.5,2482.6875,,,,1396.5,2258,1396.5,2612.5,3937,2612.5,2278.96428571429,3496.42857142857,2278.96428571429,10825,10825,11390,11390,11419,11419,12524,12524,14524,14524,18435,18435,11017,11017,17269,12421,18861,18861,21441,21441,,,,,,,,,,,,,6132,6132,7300,7300,12404,12404,14531,14531,986,966,3050,3050,1136,1113,3306,3306,1233,1229,3353,2801,1079,1056,4464,3564,1217,1200,4863,4803,,,,,,,,,,,,,540,530,2258,2258,1314,1262,3937,3937,79329765,81347380,79329765,109867171.5,120065947.5,109867171.5,,,,47965672,52136600,47965672,96184885,103780402,96184885,94707001.1428571,102504024.571429,94707001.1428571,14376846,21783100,14376846,17731354.125,27193165,17731354.125,,,,9973803,16126636,9973803,18658475,28118054,18658475,16276362.9285714,24971492.8571429,16276362.9285714
387,"107","03","01","1070301",Patones de Abajo,Patones de Abajo,Patones de Abajo Núcleo,558,"558",7585.75,9042.5,7585.75,45525.25,45776.5,45525.25,59547,58591.5,59547,34014,36564,34014,65379.75,85184.5,65379.75,45266.4583333333,48958.4166666667,45266.4583333333,1092.75,1725,1092.75,3637,5009,3637,4785.75,6665.25,4785.75,5350.25,9044,5350.25,5715,9017,5715,4227.75,6354.25,4227.75,6129,6129,8001,10084,45274,45274,44735,46818,,,,,,,,,,,,,61667,61667,55785,57868,59338,59338,60880,59833,,,,,31464,31464,28268,44860,45575,45575,84143,86226,462,459,1605,1845,2252,2278,5039,4979,,,,,,,,,,,,,2749,2896,6206,6146,2893,3087,7236,7073,,,,,1733,1580,9301,8787,2425,2401,9047,8987,4232848.5,5045715,4232848.5,25403089.5,25543287,25403089.5,33227226,32694057,33227226,18979812,20402712,18979812,36481900.5,47532951,36481900.5,25258683.75,27318796.5,25258683.75,609754.5,962550,609754.5,2029446,2795022,2029446,2670448.5,3719209.5,2670448.5,2985439.5,5046552,2985439.5,3188970,5031486,3188970,2359084.5,3545671.5,2359084.5
388,"107","04","01","1070401",Patones de Arriba,Patones de Arriba,Patones de Arriba Núcleo,46,"46",10395.5,12526,10395.5,48334.75,49259.5,48334.75,61964.875,61291.25,61964.875,36476.25,39352.5,36476.25,62750.5,77790,62750.5,46981.125,50251.75,46981.125,2204.25,3676,2204.25,5141.25,7770,5141.25,6269.125,9351.25,6269.125,5987,10048,5987,7107.5,11531,7107.5,5496.375,8621.25,5496.375,8265,8265,12526,12526,47410,47410,49259,49260,,,,,,,,,,,,,63803,63803,60308,60310,61474,61474,62272,62275,,,,,33600,33600,31403,47302,47711,47711,66912,88668,738,727,3676,3676,2508,2517,8730,6810,,,,,,,,,,,,,3015,3220,9777,7977,3179,3334,10747,8904,,,,,2016,1836,9478,10618,2715,2653,12244,10818,478193,576196,478193,2223398.5,2265937,2223398.5,2850384.25,2819397.5,2850384.25,1677907.5,1810215,1677907.5,2886523,3578340,2886523,2161131.75,2311580.5,2161131.75,101395.5,169096,101395.5,236497.5,357420,236497.5,288379.75,430157.5,288379.75,275402,462208,275402,326945,530426,326945,252833.25,396577.5,252833.25
389,"172","05","01","1720501",Zulema,Zulema,Zulema Núcleo,2716,"2716",5869,6358,5869,15322.375,14037.75,15322.375,,,,11012,12946,11012,6531,6984,6531,10811.35,10872.7,10811.35,1385.25,2110,1385.25,2157.75,3337,2157.75,,,,1809.25,2841,1809.25,1888.5,3041.5,1888.5,1879.7,2933.3,1879.7,5380,5380,7945,4771,19448,19448,13934,10346,13766,13766,17657,14214,,,,,,,,,,,,,,,,,,,,,9078,9078,12946,12946,6078,6078,9579,4389,664,657,1608,2612,1048,1081,2553,3137,876,909,3267,4391,,,,,,,,,,,,,,,,,,,,,773,782,2841,2841,732,739,2565,3518,15940204,17268328,15940204,41615570.5,38126529,41615570.5,,,,29908592,35161336,29908592,17738196,18968544,17738196,29363626.6,29530253.2,29363626.6,3762339,5730760,3762339,5860449,9063292,5860449,,,,4913923,7716156,4913923,5129166,8260714,5129166,5105265.2,7966842.8,5105265.2
390,"120","04","01","1200401","Grifos, Los",Los Grifos,Los Grifos Núcleo,62,"62",73060.75,92218.5,73060.75,87245,98377,87245,94506.375,97672.25,94506.375,34806.5,41463,34806.5,85342.5,123485,85342.5,78244.5833333333,91814.6666666667,78244.5833333333,7380,12113.5,7380,6648.5,9851.5,6648.5,6867.75,9646.75,6867.75,2771.75,3941,2771.75,7625,12079.5,7625,6360.125,9546.5,6360.125,53903,53903,57745,126692,76113,76113,104927,91827,,,,,,,,,,,,,92505,92505,90503,102877,90176,90176,92467,104842,,,,,28150,28150,41463,41463,47200,47200,118862,128108,2690,2603,12779,11448,3451,3440,11290,8413,,,,,,,,,,,,,3958,4061,9340,9280,4110,4226,10010,9957,,,,,1640,1565,3941,3941,3186,3155,12121,12038,4529766.5,5717547,4529766.5,5409190,6099374,5409190,5859395.25,6055679.5,5859395.25,2158003,2570706,2158003,5291235,7656070,5291235,4851164.16666667,5692509.33333333,4851164.16666667,457560,751037,457560,412207,610793,412207,425800.5,598098.5,425800.5,171848.5,244342,171848.5,472750,748929,472750,394327.75,591883,394327.75
391,"172","06","01","1720601",Villalbilla,Villalbilla,Villalbilla Núcleo,2406,"2406",14666.5,19919,14666.5,22205.125,28114.25,22205.125,,,,19216.5,25322,19216.5,16489.5,22867,16489.5,18956.55,24867.3,18956.55,1726.25,2566,1726.25,2611.25,3974.75,2611.25,,,,2646,4294,2646,2152.75,3342,2152.75,2349.5,3630.3,2349.5,9414,9414,19919,19919,17471,17471,25908,25328,15121,15121,30114,31107,,,,,,,,,,,,,,,,,,,,,13111,13111,25109,25535,10112,10112,24181,21553,870,903,2566,2566,1290,1380,3751,3203,1137,1184,4171,4774,,,,,,,,,,,,,,,,,,,,,971,1025,3979,4609,935,992,3161,3523,35287599,47925114,35287599,53425530.75,67642885.5,53425530.75,,,,46234899,60924732,46234899,39673737,55018002,39673737,45609459.3,59830723.8,45609459.3,4153357.5,6173796,4153357.5,6282667.5,9563248.5,6282667.5,,,,6366276,10331364,6366276,5179516.5,8040852,5179516.5,5652897,8734501.8,5652897
392,"065","03","01","0650301",Getafe,Getafe,Getafe Núcleo,161160,"161160",5162.25,7112.5,5162.25,7381.625,7307.25,7381.625,,,,4345.5,4477,4345.5,1678,1638,1678,5189.8,5568.4,5189.8,1268.75,2214,1268.75,1339.5,2107.25,1339.5,,,,898.75,1416.5,898.75,738.75,1206.5,738.75,1117.05,1810.3,1117.05,3212,3212,7133,7092,10745,10745,10076,10076,4167,4167,5220,3857,,,,,,,,,,,,,,,,,,,,,4214,4214,4987,3967,1718,1718,1510,1766,330,317,2034,2394,697,765,2682,2622,404,421,1413,1712,,,,,,,,,,,,,,,,,,,,,370,392,1195,1638,276,266,1237,1176,831948210,1146250500,831948210,1189622685,1177636410,1189622685,,,,700320780,721513320,700320780,270426480,263980080,270426480,836388168,897403344,836388168,204471750,356808240,204471750,215873820,339604410,215873820,,,,144842550,228283140,144842550,119056950,194439540,119056950,180023778,291747948,180023778
393,"065","04","01","0650401",Perales del Río,Perales del Río,Perales del Río Núcleo,134,"134",14389.5,17875,14389.5,16764.5,19587,16764.5,15063.125,15914.5,15063.125,10041,10984,10041,9414.25,8605,9414.25,13455.9166666667,14813.3333333333,13455.9166666667,2342.25,3724,2342.25,2923.5,4412,2923.5,2343.75,3539.5,2343.75,1827,2955,1827,1617.5,2312,1617.5,2232.95833333333,3413.66666666667,2232.95833333333,10904,10904,17875,17875,13942,13942,19587,19587,,,,,,,,,,,,,15295,24470,20638,20638,8541,8541,11191,11191,,,,,9098,9098,10984,10984,9159,11288,8605,8605,988,933,3844,3604,1368,1502,4502,4322,,,,,,,,,,,,,1316,1723,4595,4415,733,820,2544,2604,,,,,682,716,2955,2955,865,981,2312,2312,1928193,2395250,1928193,2246443,2624658,2246443,2018458.75,2132543,2018458.75,1345494,1471856,1345494,1261509.5,1153070,1261509.5,1803092.83333333,1984986.66666667,1803092.83333333,313861.5,499016,313861.5,391749,591208,391749,314062.5,474293,314062.5,244818,395970,244818,216745,309808,216745,299216.416666667,457431.333333333,299216.416666667
394,"130","08","01","1300801",Polígono de San Fernando de Henares,Polígono de San Fernando de Henares,Polígono de San Fernando de Henares Núcleo,11,"11",8692.5,10299,8692.5,20729.5,19596,20729.5,20302,19992,20302,3187.75,3262.5,3187.75,10259,12568,10259,12634.15,13143.5,12634.15,1496,2156,1496,2792.25,4157.5,2792.25,2614.25,3919,2614.25,895,1463.5,895,1792.75,2632,1792.75,1918.05,2865.6,1918.05,7086,7086,10299,10299,21863,21863,19596,19596,,,,,,,,,,,,,20612,20612,19115,20869,,,,,,,,,3113,3113,3277,3248,7950,7950,12568,12568,840,832,2203,2109,1385,1469,4522,3793,,,,,,,,,,,,,1238,1381,3967,3871,,,,,,,,,334,319,1714,1213,955,952,2478,2786,95617.5,113289,95617.5,228024.5,215556,228024.5,223322,219912,223322,35065.25,35887.5,35065.25,112849,138248,112849,138975.65,144578.5,138975.65,16456,23716,16456,30714.75,45732.5,30714.75,28756.75,43109,28756.75,9845,16098.5,9845,19720.25,28952,19720.25,21098.55,31521.6,21098.55
395,"181","03","01","1810301",Dehesa del Sotillo,Dehesa del Sotillo,Dehesa del Sotillo Núcleo,189,"189",9381,9112,9381,13977.0625,14296.125,13977.0625,,,,5036,5115,5036,13161,15093,13161,11926.6071428571,12357.7857142857,11926.6071428571,2079,3401,2079,2406.3125,3883.125,2406.3125,,,,1542.25,2763,1542.25,2952.25,4840.5,2952.25,2314.10714285714,3791,2314.10714285714,9650,9650,9112,9112,10243,10243,10246,10334,16862,16862,12107,16063,9841,9841,10130,10130,17686,17686,26622,18737,,,,,,,,,,,,,4957,4957,5208,5022,11229,11229,17933,12253,772,742,3401,3401,914,896,3657,3752,972,986,3100,3545,858,836,3514,3514,997,977,5108,4875,,,,,,,,,,,,,329,314,2901,2625,1093,1035,5393,4288,1773009,1722168,1773009,2641664.8125,2701967.625,2641664.8125,,,,951804,966735,951804,2487429,2852577,2487429,2254128.75,2335621.5,2254128.75,392931,642789,392931,454793.0625,733910.625,454793.0625,,,,291485.25,522207,291485.25,557975.25,914854.5,557975.25,437366.25,716499,437366.25
396,"116","01","01","1160101",Pozuelo del Rey,Pozuelo del Rey,Pozuelo del Rey Núcleo,1298,"1298",34633.25,48875.5,34633.25,42470.5,43730,42470.5,43684,48232,43684,20809.5,21471,20809.5,34085.5,46912,34085.5,35136.55,41844.1,35136.55,5339.75,9514.5,5339.75,4661.25,7010,4661.25,4915.75,7776,4915.75,3520.25,5842.5,3520.25,4822,8304,4822,4651.8,7689.4,4651.8,20391,20391,37652,60099,41211,41211,43730,43730,,,,,,,,,,,,,39136,39136,48232,48232,,,,,,,,,20148,20148,21252,21690,21259,21259,35453,58371,1164,1166,10047,8982,2329,2296,7250,6770,,,,,,,,,,,,,2017,2094,7776,7776,,,,,,,,,1188,1208,5690,5995,1339,1341,8753,7855,44953958.5,63440399,44953958.5,55126709,56761540,55126709,56701832,62605136,56701832,27010731,27869358,27010731,44242979,60891776,44242979,45607241.9,54313641.8,45607241.9,6930995.5,12349821,6930995.5,6050302.5,9098980,6050302.5,6380643.5,10093248,6380643.5,4569284.5,7583565,4569284.5,6258956,10778592,6258956,6038036.4,9980841.2,6038036.4
397,"132","09","01","1320901",Vega del Pingarrón,Vega del Pingarrón,Vega del Pingarrón Núcleo,66,"66",26882,29911,26882,38246.125,41483.75,38246.125,,,,28899.75,30737.5,28899.75,26913.75,29660.5,26913.75,31837.55,34655.3,31837.55,5688,9802.5,5688,6900.875,11709.5,6900.875,,,,5947.75,10242.5,5947.75,5543.5,9469.5,5543.5,6196.2,10586.7,6196.2,23853,23853,28216,31606,36953,38257,48031,40346,32412,32412,41887,35671,,,,,,,,,,,,,,,,,,,,,27062,27062,30945,30530,24167,24167,26183,33138,1583,1564,9253,10352,2116,2229,12319,10900,1998,2026,11919,11700,,,,,,,,,,,,,,,,,,,,,1662,1644,10160,10325,1610,1625,8486,10453,1774212,1974126,1774212,2524244.25,2737927.5,2524244.25,,,,1907383.5,2028675,1907383.5,1776307.5,1957593,1776307.5,2101278.3,2287249.8,2101278.3,375408,646965,375408,455457.75,772827,455457.75,,,,392551.5,676005,392551.5,365871,624987,365871,408949.2,698722.2,408949.2
398,"065","04","02","0650402",Casas del Cura,Casas del Cura,Casas del Cura Núcleo,8836,"8836",14390.5,17620,14390.5,16509.5,19332,16509.5,14807.625,15659.5,14807.625,9785.5,10729,9785.5,8627,8350,8627,13154.625,14558.3333333333,13154.625,2255.5,3521,2255.5,2800.5,4209,2800.5,2226.5,3336.5,2226.5,1708.25,2752,1708.25,1481.75,2109,1481.75,2116.5,3210.66666666667,2116.5,11161,11161,17620,17620,13687,13687,19332,19332,,,,,,,,,,,,,15039,24214,20383,20383,8285,8285,10936,10936,,,,,8842,8842,10729,10729,8904,8904,8350,8350,1019,961,3641,3401,1332,1452,4299,4119,,,,,,,,,,,,,1293,1684,4392,4212,704,785,2341,2401,,,,,647,682,2752,2752,834,875,2109,2109,127154458,155690320,127154458,145877942,170817552,145877942,130840174.5,138367342,130840174.5,86464678,94801444,86464678,76228172,73780600,76228172,116234266.5,128637433.333333,116234266.5,19929598,31111556,19929598,24745218,37190724,24745218,19673354,29481314,19673354,15094097,24316672,15094097,13092743,18635124,13092743,18701394,28369450.6666667,18701394
399,"090","01","01","0900101",Moralzarzal,Moralzarzal,Moralzarzal Núcleo,13710,"13710",28736.25,37071.5,28736.25,7234.25,8298.5,7234.25,46118.1666666667,51772.6666666667,46118.1666666667,7291,8585,7291,7188.25,8252.5,7188.25,26972.0357142857,31075.0714285714,26972.0357142857,2940.75,4548.5,2940.75,1205.25,1756,1205.25,2978.58333333333,3637.16666666667,2978.58333333333,940,1276,940,1177.75,1718,1177.75,2171.35714285714,2887.14285714286,2171.35714285714,20401,20401,28162,45981,6170,6170,9868,6729,,,,,,,,,,,,,43452,43452,44200,44169,43369,43369,44371,44340,34570,34570,65106,68450,5997,5997,7651,9519,6124,6124,9822,6683,1328,1338,4628,4469,639,670,1805,1707,,,,,,,,,,,,,2279,2715,2602,2602,2307,2695,2760,2760,1897,2027,5631,5468,584,624,1295,1257,622,653,1767,1669,393973987.5,508250265,393973987.5,99181567.5,113772435,99181567.5,632280065,709803260,632280065,99959610,117700350,99959610,98550907.5,113141775,98550907.5,369786609.642857,426039229.285714,369786609.642857,40317682.5,62359935,40317682.5,16523977.5,24074760,16523977.5,40836377.5,49865555,40836377.5,12887400,17493960,12887400,16146952.5,23553780,16146952.5,29769306.4285714,39582728.5714286,29769306.4285714
400,"090","03","01","0900301","Arroyuelos, Los",Los Arroyuelos,Los Arroyuelos Núcleo,43,"43",29274.75,37612.5,29274.75,12143,14150,12143,45979.3333333333,47455.3333333333,45979.3333333333,8632.5,9569,8632.5,12097,14104,12097,28583.6071428571,31114.5,28583.6071428571,3511.25,5665,3511.25,1771,2611.5,1771,3629.33333333333,4724.5,3629.33333333333,1675,2545,1675,1743.25,2573.5,1743.25,2798.35714285714,3938.35714285714,2798.35714285714,20937,20937,27746,47479,10136,10136,17035,11265,,,,,,,,,,,,,47492,47492,49899,47853,47409,47409,50070,48024,38609,38609,45383,43503,7696,7696,9569,9569,10090,10090,16989,11219,1351,1364,4704,6626,916,945,3200,2023,,,,,,,,,,,,,2460,2942,3977,4172,2498,2925,4135,4330,2124,2256,5919,5814,791,819,2545,2545,901,925,3162,1985,1258814.25,1617337.5,1258814.25,522149,608450,522149,1977111.33333333,2040579.33333333,1977111.33333333,371197.5,411467,371197.5,520171,606472,520171,1229095.10714286,1337923.5,1229095.10714286,150983.75,243595,150983.75,76153,112294.5,76153,156061.333333333,203153.5,156061.333333333,72025,109435,72025,74959.75,110660.5,74959.75,120329.357142857,169349.357142857,120329.357142857
401,"065","04","03","0650403",Caserío de Perales,Caserío de Perales,Caserío de Perales Núcleo,970,"970",15262,19157,15262,17925.5,20869,17925.5,16223.625,17196.5,16223.625,11201,12265,11201,10819,9887,10819,14609.125,16095.1666666667,14609.125,2427.25,3823.5,2427.25,2988,4425,2988,2409.125,3552.5,2409.125,1896,2968,1896,1703.25,2325,1703.25,2305.45833333333,3441.08333333333,2305.45833333333,11367,11367,19157,19157,14982,14982,20869,20869,,,,,,,,,,,,,16334,25509,21920,21920,9580,9580,12473,12473,,,,,10137,10137,12265,12265,11751,11751,9887,9887,1061,1001,3943,3704,1492,1610,4515,4335,,,,,,,,,,,,,1442,1835,4608,4428,855,931,2557,2617,,,,,811,837,2968,2968,1121,1042,2325,2325,14804140,18582290,14804140,17387735,20242930,17387735,15736916.25,16680605,15736916.25,10864970,11897050,10864970,10494430,9590390,10494430,14170851.25,15612311.6666667,14170851.25,2354432.5,3708795,2354432.5,2898360,4292250,2898360,2336851.25,3445925,2336851.25,1839120,2878960,1839120,1652152.5,2255250,1652152.5,2236294.58333333,3337850.83333333,2236294.58333333
402,"151","01","02","1510102",Torrelaguna,Torrelaguna,Torrelaguna Núcleo,4929,"4929",282,260,282,38363,37162,38363,51992.25,49192,51992.25,28659.25,31564.5,28659.25,47862.75,55860.5,47862.75,36525.25,37205.1666666667,36525.25,133.5,209,133.5,2827.5,3771,2827.5,3770.375,4975.25,3770.375,3762,6239,3762,4239.5,6442,4239.5,3083.875,4435.25,3083.875,304,304,260,260,39564,39564,37162,37162,,,,,,,,,,,,,55957,55957,46642,48212,53628,53628,48607,53307,,,,,25754,25754,27270,35859,39865,39865,38289,73432,61,55,209,209,1875,1893,3711,3831,,,,,,,,,,,,,2383,2552,4038,4878,2558,2769,5017,5968,,,,,1354,1216,5479,6999,2048,2026,5465,7419,1389978,1281540,1389978,189091227,183171498,189091227,256269800.25,242467368,256269800.25,141261443.25,155581420.5,141261443.25,235915494.75,275336404.5,235915494.75,180032957.25,183384266.5,180032957.25,658021.5,1030161,658021.5,13936747.5,18587259,13936747.5,18584178.375,24523007.25,18584178.375,18542898,30752031,18542898,20896495.5,31752618,20896495.5,15200419.875,21861347.25,15200419.875
403,"151","02","01","1510201","Tomillares, Los",Los Tomillares,Los Tomillares Núcleo,15,"15",7249,5397,7249,47460.5,42122,47460.5,61090.5,54154.5,61090.5,29162.25,42841.5,29162.25,57911.5,62723,57911.5,43994.0416666667,43565.4166666667,43994.0416666667,2365.25,3873,2365.25,4876.25,7211,4876.25,6007.5,8795.25,6007.5,5255.5,9366.5,5255.5,6797.25,10865.5,6797.25,5218.20833333333,8151.08333333333,5218.20833333333,9101,9101,5397,5397,52799,52799,42122,42122,,,,,,,,,,,,,69191,69191,53172,53172,66862,66862,55137,55137,,,,,15483,15483,46469,39214,53100,53100,82197,43249,868,847,3873,3873,2522,2561,7211,7211,,,,,,,,,,,,,3042,3260,8378,8378,3185,3392,9187,9238,,,,,1181,1108,10324,8409,2736,2722,11396,10335,108735,80955,108735,711907.5,631830,711907.5,916357.5,812317.5,916357.5,437433.75,642622.5,437433.75,868672.5,940845,868672.5,659910.625,653481.25,659910.625,35478.75,58095,35478.75,73143.75,108165,73143.75,90112.5,131928.75,90112.5,78832.5,140497.5,78832.5,101958.75,162982.5,101958.75,78273.125,122266.25,78273.125
404,"154","01","01","1540101",Mariblanca,Mariblanca,Mariblanca Núcleo,86,"86",40018.5,61195,40018.5,18661.625,22684.25,18661.625,,,,16413,19714,16413,15099,17661,15099,21770.75,28787.7,21770.75,5222.5,9150.5,5222.5,3027,5169.5,3027,,,,2888.75,5084,2888.75,2580.5,4357,2580.5,3349.15,5786.1,3349.15,18842,18842,60695,61695,17480,17480,20702,20702,11798,11798,24908,24425,,,,,,,,,,,,,,,,,,,,,13112,13112,19714,19714,12537,12537,18975,16347,1290,1299,9218,9083,950,989,5396,4496,781,818,5216,5570,,,,,,,,,,,,,,,,,,,,,685,702,5384,4784,799,809,4206,4508,3441591,5262770,3441591,1604899.75,1950845.5,1604899.75,,,,1411518,1695404,1411518,1298514,1518846,1298514,1872284.5,2475742.2,1872284.5,449135,786943,449135,260322,444577,260322,,,,248432.5,437224,248432.5,221923,374702,221923,288026.9,497604.6,288026.9
405,"154","02","01","1540201",Torres de la Alameda,Torres de la Alameda,Torres de la Alameda Núcleo,7564,"7564",30695.25,42738.5,30695.25,17428.875,19238.75,17428.875,,,,14704.25,15316.5,14704.25,12827.5,12138,12827.5,18616.95,21734.1,18616.95,3540.75,5688,3540.75,2054.75,3069.25,2054.75,,,,2204,3556.5,2204,1770.75,2587,1770.75,2325,3594,2325,18652,18652,58760,26717,18460,18460,16079,17694,12778,12778,21490,21692,,,,,,,,,,,,,,,,,,,,,14092,14092,15505,15128,13517,13517,12138,12138,1395,1392,7282,4094,1106,1152,2155,2695,933,970,3709,3718,,,,,,,,,,,,,,,,,,,,,840,863,3283,3830,948,961,2587,2587,232178871,323274014,232178871,131832010.5,145521905,131832010.5,,,,111222947,115854006,111222947,97027210,91811832,97027210,140818609.8,164396732.4,140818609.8,26782233,43024032,26782233,15542129,23215807,15542129,,,,16671056,26901366,16671056,13393953,19568068,13393953,17586300,27185016,17586300
406,"087","01","02","0870102","Molinos, Los",Los Molinos,Los Molinos Núcleo,4812,"4812",16861.25,15462.5,16861.25,16578.5,20136,16578.5,51681.1666666667,54085,51681.1666666667,22028.75,35098.5,22028.75,16532.5,20090,16532.5,32434.9285714286,36148.8571428571,32434.9285714286,1496,1719.5,1496,2020.25,2828.5,2020.25,3703.58333333333,4762.5,3703.58333333333,2657.75,4534,2657.75,1993.5,2790.5,1993.5,2754.03571428571,3737.14285714286,2754.03571428571,18260,18260,15359,15566,13021,13021,25070,15202,,,,,,,,,,,,,52266,52266,50481,50920,52183,52183,50652,51091,43383,43383,74695,46671,8959,8959,36021,34176,12975,12975,25024,15156,1275,1270,1586,1853,1229,1195,3559,2098,,,,,,,,,,,,,2608,2999,3790,3767,2661,2977,3948,3925,2276,2347,6536,6609,790,773,4767,4301,1216,1177,3521,2060,81136335,74405550,81136335,79775742,96894432,79775742,248689774,260257020,248689774,106002345,168893982,106002345,79554390,96673080,79554390,156076876.285714,173948300.571429,156076876.285714,7198752,8274234,7198752,9721443,13610742,9721443,17821643,22917150,17821643,12789093,21817608,12789093,9592722,13427886,9592722,13252419.8571429,17983131.4285714,13252419.8571429
407,"183","03","01","1830301",Zarzalejo,Zarzalejo,Zarzalejo Núcleo,665,"665",17633,19351,17633,35463.25,34738.5,35463.25,51656.6666666667,55958.3333333333,51656.6666666667,11952,12647,11952,13344.75,16558.5,13344.75,33337.5714285714,35881.4285714286,33337.5714285714,2335.25,3391,2335.25,4202.25,5858,4202.25,4454.91666666667,5977,4454.91666666667,2081,3342,2081,2663,4393.5,2663,3520.89285714286,4987.92857142857,3520.89285714286,15915,15915,19351,19351,36188,36188,31831,37646,,,,,,,,,,,,,53071,53071,60809,56336,52989,52989,60966,56493,36005,36005,52461,48685,11257,11257,11103,14191,10131,10131,12209,20908,1308,1251,3391,3391,2588,2505,6070,5646,,,,,,,,,,,,,3021,3518,5016,6550,3036,3572,5171,6705,2181,2269,5822,6598,832,808,4169,2515,962,903,5104,3683,11725945,12868415,11725945,23583061.25,23101102.5,23583061.25,34351683.3333333,37212291.6666667,34351683.3333333,7948080,8410255,7948080,8874258.75,11011402.5,8874258.75,22169485,23861150,22169485,1552941.25,2255015,1552941.25,2794496.25,3895570,2794496.25,2962519.58333333,3974705,2962519.58333333,1383865,2222430,1383865,1770895,2921677.5,1770895,2341393.75,3316972.5,2341393.75
408,"012","01","01","0120101",Anchuelo,Anchuelo,Anchuelo Núcleo,1369,"1369",21600,30964,21600,26137,33147.5,26137,,,,24319,32705,24319,25537.5,33603,25537.5,24746.1,32713.4,24746.1,2025.25,3115,2025.25,2671.875,4115,2671.875,,,,2518.25,3988,2518.25,2593,3997,2593,2496.05,3866,2496.05,12236,12236,30964,30964,20310,20310,29006,29006,17943,17943,37289,37289,,,,,,,,,,,,,,,,,,,,,15933,15933,32914,32496,17472,17472,33579,33627,926,945,3115,3115,1251,1258,3517,3517,1190,1216,4773,4653,,,,,,,,,,,,,,,,,,,,,1038,1059,4109,3867,1173,1205,3909,4085,29570400,42389716,29570400,35781553,45378927.5,35781553,,,,33292711,44773145,33292711,34960837.5,46002507,34960837.5,33877410.9,44784644.6,33877410.9,2772567.25,4264435,2772567.25,3657796.875,5633435,3657796.875,,,,3447484.25,5459572,3447484.25,3549817,5471893,3549817,3417092.45,5292554,3417092.45
409,"129","09","01","1290901",Valdelagua,Valdelagua,Valdelagua Núcleo,509,"509",19617.75,19500.5,19617.75,13768.75,13607.5,13768.75,27297,25436.5,27297,39610.75,43011.5,39610.75,19060.75,18785.5,19060.75,24442,24296.3333333333,24442,2563.5,3697.5,2563.5,1650.5,2228,1650.5,2624,3456,2624,3680.5,5451,3680.5,2381,3378.5,2381,2587.25,3611.16666666667,2587.25,19735,19735,21264,17737,13930,13930,13949,13266,,,,,,,,,,,,,30322,30322,25009,23900,27993,27993,26973,25864,,,,,36210,36210,43566,42457,19336,19336,20765,16806,1325,1534,3430,3965,1041,1105,2001,2455,,,,,,,,,,,,,1564,1825,3280,2842,1722,2057,3950,3752,,,,,1783,2037,5550,5352,1276,1491,3468,3289,9985434.75,9925754.5,9985434.75,7008293.75,6926217.5,7008293.75,13894173,12947178.5,13894173,20161871.75,21892853.5,20161871.75,9701921.75,9561819.5,9701921.75,12440978,12366833.6666667,12440978,1304821.5,1882027.5,1304821.5,840104.5,1134052,840104.5,1335616,1759104,1335616,1873374.5,2774559,1873374.5,1211929,1719656.5,1211929,1316910.25,1838083.83333333,1316910.25
410,"172","03","01","1720301","Hueros, Los",Los Hueros,Los Hueros Núcleo,2238,"2238",6372.5,6663,6372.5,14181.75,15398.5,14181.75,,,,10628,11476,10628,7538.5,8297,7538.5,10580.5,11446.6,10580.5,1094,1509,1094,1988.75,2948.25,1988.75,,,,2116,3435.5,2116,1606.75,2466,1606.75,1758.85,2661.4,1758.85,6082,6082,6663,6663,14140,14140,12238,13854,11790,11790,17650,17852,,,,,,,,,,,,,,,,,,,,,9780,9780,11665,11287,6780,6780,8297,8297,663,695,1509,1509,1077,1152,2034,2574,921,967,3588,3597,,,,,,,,,,,,,,,,,,,,,777,816,3162,3709,727,768,2466,2466,14261655,14911794,14261655,31738756.5,34461843,31738756.5,,,,23785464,25683288,23785464,16871163,18568686,16871163,23679159,25617490.8,23679159,2448372,3377142,2448372,4450822.5,6598183.5,4450822.5,,,,4735608,7688649,4735608,3595906.5,5518908,3595906.5,3936306.3,5956213.2,3936306.3
411,"104","03","01","1040301","Avalón, El",El Avalón,El Avalón Núcleo,18,"18",9073.5,4371,9073.5,22853,25572,22853,26914.875,29872.75,26914.875,18198,17018,18198,23977.25,27171.5,23977.25,21321.9166666667,22313,21321.9166666667,2384,3507,2384,3214.5,4918,3214.5,4289.25,6553.25,4289.25,3503,5550,3503,4010,6414,4010,3615,5582.58333333333,3615,13776,13776,4371,4371,20134,20134,25572,25572,,,,,,,,,,,,,26391,23655,30954,36405,22891,22891,27236,24896,,,,,19378,19378,24001,10035,20783,20783,26175,28168,1258,1264,3507,3507,1431,1591,4918,4918,,,,,,,,,,,,,1870,2077,6179,6505,1977,2177,6920,6609,,,,,1402,1510,6250,4850,1503,1709,6964,5864,163323,78678,163323,411354,460296,411354,484467.75,537709.5,484467.75,327564,306324,327564,431590.5,489087,431590.5,383794.5,401634,383794.5,42912,63126,42912,57861,88524,57861,77206.5,117958.5,77206.5,63054,99900,63054,72180,115452,72180,65070,100486.5,65070
412,"065","06","01","0650601",Arroyo Culebro,Arroyo Culebro,Arroyo Culebro Núcleo,15,"15",12178,15474,12178,23750.25,30071.5,23750.25,20666.625,22713,20666.625,12583.25,12582.5,12583.25,12313.75,15610.5,12313.75,17026.4166666667,19860.75,17026.4166666667,2379.5,4082,2379.5,3957.25,6484,3957.25,3663.125,6116,3663.125,2301.25,3889,2301.25,2893,5111.5,2893,3142.875,5299.75,3142.875,8882,8882,15474,15474,17429,17429,28730,31413,,,,,,,,,,,,,20222,29482,27452,27191,13468,11309,19104,17105,,,,,12584,12584,12975,12190,9017,9017,16840,14381,673,681,4142,4022,1383,1478,6484,6484,,,,,,,,,,,,,1367,1807,6731,7179,786,881,5348,5206,,,,,690,737,4072,3706,666,683,5335,4888,182670,232110,182670,356253.75,451072.5,356253.75,309999.375,340695,309999.375,188748.75,188737.5,188748.75,184706.25,234157.5,184706.25,255396.25,297911.25,255396.25,35692.5,61230,35692.5,59358.75,97260,59358.75,54946.875,91740,54946.875,34518.75,58335,34518.75,43395,76672.5,43395,47143.125,79496.25,47143.125
413,"065","07","01","0650701","Bercial, El",El Bercial,El Bercial Núcleo,20046,"20046",7206,9148,7206,3848.125,4118.25,3848.125,,,,2128.5,2145,2128.5,4599.5,4828,4599.5,4326.05,4871.5,4326.05,1408.25,2277,1408.25,1133.375,1826.75,1133.375,,,,869,1420,869,850.75,1105,850.75,1078.95,1691.1,1078.95,5264,5264,9148,9148,4415,4415,3796,7499,2741,2741,2589,2589,,,,,,,,,,,,,,,,,,,,,2112,2112,2145,2145,4371,4371,4828,4828,539,540,2307,2247,500,497,1271,1488,383,380,2274,2274,,,,,,,,,,,,,,,,,,,,,317,319,1420,1420,589,604,1105,1105,144451476,183380808,144451476,77139513.75,82554439.5,77139513.75,,,,42667911,42998670,42667911,92201577,96782088,92201577,86719998.3,97654089,86719998.3,28229779.5,45644742,28229779.5,22719635.25,36619030.5,22719635.25,,,,17419974,28465320,17419974,17054134.5,22150830,17054134.5,21628631.7,33899790.6,21628631.7
414,"073","01","01","0730101",Humanes de Madrid,Humanes de Madrid,Humanes de Madrid Núcleo,19915,"19915",6145,6521,6145,14532,18495,14532,,,,8212,9261,8212,5627.5,5530,5627.5,11158.9285714286,13613.1428571429,11158.9285714286,1161.5,1624.5,1161.5,2065.75,3327,2065.75,,,,1515.75,2604,1515.75,938.75,1232.5,938.75,1697,2681.28571428571,1697,5769,5769,6485,6557,9179,9179,20433,18151,12364,12364,22306,22306,13887,13887,25181,23325,6846,6846,8129,8129,,,,,,,,,,,,,7163,7163,9261,9261,5725,5725,5530,5530,700,697,1507,1742,993,949,3831,3611,847,942,3708,3696,905,962,4164,4462,409,429,1572,1572,,,,,,,,,,,,,423,432,2544,2664,654,636,1211,1254,122377675,129865715,122377675,289404780,368327925,289404780,,,,163541980,184432815,163541980,112071662.5,110129950,112071662.5,222230062.5,271105740,222230062.5,23131272.5,32351917.5,23131272.5,41139411.25,66257205,41139411.25,,,,30186161.25,51858660,30186161.25,18695206.25,24545237.5,18695206.25,33795755,53397805,33795755
415,"090","07","01","0900701","Berrocal- El Retamar, El",El Berrocal- El Retamar,El Berrocal- El Retamar Núcleo,737,"737",21806.25,25376.5,21806.25,10850,11860,10850,47685.1666666667,49698.3333333333,47685.1666666667,10848.5,13909,10848.5,10804,11814,10804,28194.8928571429,30293.5,28194.8928571429,2096.75,3055.5,2096.75,1724.5,2409.5,1724.5,3529.08333333333,4438.16666666667,3529.08333333333,2456.75,4335.5,2456.75,1695.5,2371.5,1695.5,2651.53571428571,3640.92857142857,2651.53571428571,18236,18236,25364,25389,9840,9840,11353,12367,,,,,,,,,,,,,47122,51738,47421,47390,47039,51655,47592,47561,38239,38239,65110,43116,7788,7788,15662,12156,9794,9794,11307,12321,1135,1141,2837,3274,1024,1055,2157,2662,,,,,,,,,,,,,2635,2858,3565,3342,2667,2868,3723,3500,2301,2391,6428,6071,575,581,4887,3784,1006,1033,2119,2624,16071206.25,18702480.5,16071206.25,7996450,8740820,7996450,35143967.8333333,36627671.6666667,35143967.8333333,7995344.5,10250933,7995344.5,7962548,8706918,7962548,20779636.0357143,22326309.5,20779636.0357143,1545304.75,2251903.5,1545304.75,1270956.5,1775801.5,1270956.5,2600934.41666667,3270928.83333333,2600934.41666667,1810624.75,3195263.5,1810624.75,1249583.5,1747795.5,1249583.5,1954181.82142857,2683364.35714286,1954181.82142857
416,"171","03","01","1710301",Encinar del Alberche,Encinar del Alberche,Encinar del Alberche Núcleo,1151,"1151",35021,34850,35021,53432,54187.25,53432,,,,17391.5,17265,17391.5,34482,33757,34482,42946.0714285714,43231.5714285714,42946.0714285714,2929.25,3688,2929.25,4089.6875,5219.875,4089.6875,,,,1407.25,1791,1407.25,2786.5,3368.5,2786.5,3354.53571428571,4246.71428571429,3354.53571428571,35192,35192,34978,34722,47555,47555,48624,48624,53532,53532,56285,56285,50984,50984,52925,52925,58636,58636,58915,58915,,,,,,,,,,,,,17518,17518,17265,17265,35207,35207,33757,33757,2216,2125,3457,3919,2816,2757,4181,4425,3041,3028,5803,5744,2884,2849,4786,5037,3173,3128,5766,6017,,,,,,,,,,,,,1016,1031,1791,1791,2246,2163,3273,3464,40309171,40112350,40309171,61500232,62369524.75,61500232,,,,20017616.5,19872015,20017616.5,39688782,38854307,39688782,49430928.2142857,49759538.7142857,49430928.2142857,3371566.75,4244888,3371566.75,4707230.3125,6008076.125,4707230.3125,,,,1619744.75,2061441,1619744.75,3207261.5,3877143.5,3207261.5,3861070.60714286,4887968.14285714,3861070.60714286
417,"134","01","01","1340101",Ciudalcampo,Ciudalcampo,Ciudalcampo Núcleo,2660,"2660",16431.5,15851,16431.5,11111,11016,11111,24636.875,22839.25,24636.875,37733.25,41980.5,37733.25,15690.25,14768.5,15690.25,21706.625,21549.0833333333,21706.625,2512.25,3808,2512.25,1728.75,2598,1728.75,2638.875,3700.25,2638.875,3849.75,6005,3849.75,2276.25,3387.5,2276.25,2607.45833333333,3866.5,2607.45833333333,17012,17012,15851,15851,11206,11206,11016,11016,,,,,,,,,,,,,27599,27599,22065,21649,25270,25270,24030,23613,,,,,33486,33486,43755,40206,16612,16612,14982,14555,1129,1304,3868,3748,835,884,2658,2538,,,,,,,,,,,,,1354,1613,3645,2865,1499,1844,4516,3775,,,,,1579,1810,6635,5375,1071,1259,3403,3372,43707790,42163660,43707790,29555260,29302560,29555260,65534087.5,60752405,65534087.5,100370445,111668130,100370445,41736065,39284210,41736065,57739622.5,57320561.6666667,57739622.5,6682585,10129280,6682585,4598475,6910680,4598475,7019407.5,9842665,7019407.5,10240335,15973300,10240335,6054825,9010750,6054825,6935839.16666667,10284890,6935839.16666667
418,"149","03","01","1490301",Vaciasilos,Vaciasilos,Vaciasilos Núcleo,40,"40",19253.5,25975,19253.5,18822,19720,18822,,,,10149.25,10030.5,10149.25,6975.5,7036,6975.5,14804.45,16496.3,14804.45,2961.75,5134.5,2961.75,1941.625,2857.5,1941.625,,,,1092,1591.5,1092,961.25,1382.5,961.25,1779.65,2764.7,1779.65,12532,12532,27422,24528,19238,19238,21594,20707,16610,16610,18733,17846,,,,,,,,,,,,,,,,,,,,,10268,10268,10496,9565,6915,6915,7036,7036,783,795,5448,4821,1011,1181,3497,3039,888,1023,2662,2232,,,,,,,,,,,,,,,,,,,,,548,637,1701,1482,524,556,1191,1574,770140,1039000,770140,752880,788800,752880,,,,405970,401220,405970,279020,281440,279020,592178,659852,592178,118470,205380,118470,77665,114300,77665,,,,43680,63660,43680,38450,55300,38450,71186,110588,71186
419,"160","15","01","1601501",Montemorillo,Montemorillo,Montemorillo Núcleo,73,"73",11982.25,13614.5,11982.25,31195,31755,31195,44105.3333333333,47976.3333333333,44105.3333333333,7403.75,8485.5,7403.75,12107,15061,12107,27857.7142857143,30406.4285714286,27857.7142857143,2043,3208.5,2043,4249,6379,4249,4742.41666666667,7100.83333333333,4742.41666666667,1507.5,2529.5,1507.5,1874.5,2807,1874.5,3414.46428571429,5175.21428571429,3414.46428571429,10350,10350,13473,13756,30635,30635,31428,32082,,,,,,,,,,,,,45951,45951,50489,50772,45868,45868,50646,50929,28884,28884,41901,43121,6322,6322,8344,8627,9153,9153,15061,15061,889,866,2614,3803,2134,2104,6662,6096,,,,,,,,,,,,,2409,3073,6938,7000,2419,3061,7093,7155,1623,1719,7371,7048,485,486,2094,2965,974,910,2807,2807,874704.25,993858.5,874704.25,2277235,2318115,2277235,3219689.33333333,3502272.33333333,3219689.33333333,540473.75,619441.5,540473.75,883811,1099453,883811,2033613.14285714,2219669.28571429,2033613.14285714,149139,234220.5,149139,310177,465667,310177,346196.416666667,518360.833333333,346196.416666667,110047.5,184653.5,110047.5,136838.5,204911,136838.5,249255.892857143,377790.642857143,249255.892857143
420,"068","06","01","0680601",Alderete,Alderete,Alderete Núcleo,30,"30",11515.75,13183.5,11515.75,13453.5,17235,13453.5,43673.8333333333,46483.3333333333,43673.8333333333,10620.5,13439,10620.5,13408,17189,13408,25717.0357142857,28642.3571428571,25717.0357142857,2178.25,3669,2178.25,2716.75,4437,2716.75,3872.08333333333,5654.5,3872.08333333333,2312.25,3861.5,2312.25,2690,4399,2690,3073.35714285714,4761.42857142857,3073.35714285714,9848,9848,13999,12368,9672,9672,17477,16993,,,,,,,,,,,,,43853,43853,47928,47928,43770,43770,48085,48085,34970,34970,43437,43437,7802,7802,14345,12533,9627,9627,17431,16947,689,686,3699,3639,1003,990,4751,4123,,,,,,,,,,,,,2017,2487,5164,4902,2058,2470,5319,5057,1682,1824,7010,6475,774,752,4014,3709,992,970,4713,4085,345472.5,395505,345472.5,403605,517050,403605,1310215,1394500,1310215,318615,403170,318615,402240,515670,402240,771511.071428571,859270.714285714,771511.071428571,65347.5,110070,65347.5,81502.5,133110,81502.5,116162.5,169635,116162.5,69367.5,115845,69367.5,80700,131970,80700,92200.7142857143,142842.857142857,92200.7142857143
421,"068","07","01","0680701",Canto de la Pata,Canto de la Pata,Canto de la Pata Núcleo,11,"11",15077,13969,15077,15532.25,18642.5,15532.25,49876.9166666667,52551.5,49876.9166666667,22085.5,34631,22085.5,15486.25,18596.5,15486.25,31115.9642857143,34784.7857142857,31115.9642857143,1461.75,1852.5,1461.75,2066.75,3022,2066.75,3595.83333333333,4743.5,3595.83333333333,2810.75,4836.5,2810.75,2040.5,2984,2040.5,2738.17857142857,3846.5,2738.17857142857,16185,16185,13969,13969,12422,12422,23473,13812,,,,,,,,,,,,,50191,50191,49091,49323,50108,50108,49262,49494,41308,41308,73305,44834,9540,9540,34631,34631,12376,12376,23427,13766,1057,1085,1814,1891,1101,1122,3810,2234,,,,,,,,,,,,,2402,2810,4018,3701,2450,2799,4176,3859,2059,2169,6764,5943,788,782,4995,4678,1086,1108,3772,2196,165847,153659,165847,170854.75,205067.5,170854.75,548646.083333333,578066.5,548646.083333333,242940.5,380941,242940.5,170348.75,204561.5,170348.75,342275.607142857,382632.642857143,342275.607142857,16079.25,20377.5,16079.25,22734.25,33242,22734.25,39554.1666666667,52178.5,39554.1666666667,30918.25,53201.5,30918.25,22445.5,32824,22445.5,30119.9642857143,42311.5,30119.9642857143
422,"149","01","01","1490101",Torrejón de la Calzada,Torrejón de la Calzada,Torrejón de la Calzada Núcleo,10248,"10248",17236,20622,17236,17242.5,18136.5,17242.5,,,,8569.5,8447,8569.5,5419,5497,5419,13141.9,14167.8,13141.9,2674.75,4257.5,2674.75,1817.25,2564.5,1817.25,,,,990.5,1347,990.5,800.5,1046.5,800.5,1620.05,2356,1620.05,13850,13850,20622,20622,17663,17663,20055,19079,15034,15034,17194,16218,,,,,,,,,,,,,,,,,,,,,8692,8692,8957,7937,5341,5341,5497,5497,1081,1103,4461,4054,1086,1210,3199,2751,947,1037,2364,1944,,,,,,,,,,,,,,,,,,,,,610,658,1403,1291,552,557,893,1200,176634528,211334256,176634528,176701140,185862852,176701140,,,,87820236,86564856,87820236,55533912,56333256,55533912,134678191.2,145191614.4,134678191.2,27410838,43630860,27410838,18623178,26280996,18623178,,,,10150644,13804056,10150644,8203524,10724532,8203524,16602272.4,24144288,16602272.4
423,"903","01","02","9030102",Soto de Viñuelas,Soto de Viñuelas,Soto de Viñuelas Núcleo,2473,"2473",13949.5,13980,13949.5,28000,31134,28000,19043.75,20344.5,19043.75,4050.75,4170.5,4050.75,16971.5,18842,16971.5,16843.2083333333,18135.9166666667,16843.2083333333,2008.25,2884,2008.25,2658.75,3875,2658.75,1725.625,2247.75,1725.625,1101.25,1719,1101.25,2036.5,2858.5,2036.5,1876,2638.66666666667,1876,13919,13919,13946,14014,24866,24866,38984,23284,,,,,,,,,,,,,18002,18002,20922,20922,17484,17484,19767,19767,,,,,3931,3931,4152,4189,15101,15101,18509,19175,1143,1122,2965,2803,1379,1506,4001,3749,,,,,,,,,,,,,1053,1167,1923,2560,1312,1282,1956,2552,,,,,483,484,1900,1538,1190,1239,3103,2614,34497113.5,34572540,34497113.5,69244000,76994382,69244000,47095193.75,50311948.5,47095193.75,10017504.75,10313646.5,10017504.75,41970519.5,46596266,41970519.5,41653254.2083333,44850121.9166667,41653254.2083333,4966402.25,7132132,4966402.25,6575088.75,9582875,6575088.75,4267470.625,5558685.75,4267470.625,2723391.25,4251087,2723391.25,5036264.5,7069070.5,5036264.5,4639348,6525422.66666667,4639348
424,"903","01","03","9030103",Tres Cantos,Tres Cantos,Tres Cantos Núcleo,50282,"50282",11243.5,11385,11243.5,22613.5,19986,22613.5,17522,16926,17522,1598.5,1896,1598.5,9681,9793,9681,13363.4166666667,12818.6666666667,13363.4166666667,1650,2496,1650,2528.75,3692,2528.75,1685.75,2246.5,1685.75,620.75,995,620.75,1363,2138,1363,1589,2302.33333333333,1589,11102,11102,11385,11385,25241,25241,20052,19920,,,,,,,,,,,,,18377,18377,17494,17494,17859,17859,16358,16358,,,,,1301,1301,1896,1896,9569,9569,9793,9793,816,792,2496,2496,1297,1434,4069,3315,,,,,,,,,,,,,954,1106,2232,2232,1219,1221,2261,2261,,,,,249,244,995,995,599,577,2138,2138,565345667,572460570,565345667,1137052007,1004936052,1137052007,881041204,851073132,881041204,80375777,95334672,80375777,486780042,492411626,486780042,671939316.833333,644548197.333333,671939316.833333,82965300,125503872,82965300,127150607.5,185641144,127150607.5,84762881.5,112958513,84762881.5,31212551.5,50030590,31212551.5,68534366,107502916,68534366,79898098,115765924.666667,79898098
425,"160","09","01","1600901","Pizarrera, La",La Pizarrera,La Pizarrera Núcleo,229,"229",14758.5,16863,14758.5,59175.5,85411,59175.5,42933.8333333333,43329,42933.8333333333,10164.5,11703,10164.5,14938.5,18420,14938.5,32548.3571428571,37483.4285714286,32548.3571428571,2550.25,4058,2550.25,6010.75,9718,6010.75,4704.66666666667,6861.66666666667,4704.66666666667,2078.5,3500,2078.5,2657.75,4213,2657.75,3915.89285714286,6010.57142857143,3915.89285714286,12654,12654,16863,16863,32940,32940,85411,85411,,,,,,,,,,,,,48255,48255,45862,45862,48172,48172,46033,46033,31189,31189,38092,38092,8626,8626,11703,11703,11457,11457,18420,18420,1054,1031,4058,4058,2316,2291,9718,9718,,,,,,,,,,,,,2589,3233,6713,6713,2609,3204,6871,6871,1778,1873,7001,7001,654,660,3500,3500,1141,1064,4213,4213,3379696.5,3861627,3379696.5,13551189.5,19559119,13551189.5,9831847.83333333,9922341,9831847.83333333,2327670.5,2679987,2327670.5,3420916.5,4218180,3420916.5,7453573.78571429,8583705.14285714,7453573.78571429,584007.25,929282,584007.25,1376461.75,2225422,1376461.75,1077368.66666667,1571321.66666667,1077368.66666667,475976.5,801500,475976.5,608624.75,964777,608624.75,896739.464285714,1376420.85714286,896739.464285714
426,"010","01","01","0100101",Alpedrete,Alpedrete,Alpedrete Núcleo,11950,"11950",6137.5,6805,6137.5,5197,6864,5197,39138.1666666667,40378.6666666667,39138.1666666667,5920.25,7758.5,5920.25,5151,6818,5151,19974.3214285714,21340.2142857143,19974.3214285714,1028.5,1398.5,1028.5,1076.5,1675.5,1076.5,3119.58333333333,4117.16666666667,3119.58333333333,1241.75,1994.5,1241.75,1049,1637.5,1049,1964.92857142857,2722.5,1964.92857142857,5587,5353,6805,6805,3530,3530,4399,9329,,,,,,,,,,,,,40886,40886,41928,41890,40803,40803,42099,42061,32004,32004,37667,36627,4082,4082,8546,6971,3484,3484,4353,9283,653,664,1399,1398,480,475,1176,2175,,,,,,,,,,,,,2051,2538,3553,3552,2082,2504,3711,3710,1699,1858,5085,5092,469,509,2501,1488,466,455,1138,2137,73343125,81319750,73343125,62104150,82024800,62104150,467701091.666667,482525066.666667,467701091.666667,70746987.5,92714075,70746987.5,61554450,81475100,61554450,238693141.071429,255015560.714286,238693141.071429,12290575,16712075,12290575,12864175,20022225,12864175,37279020.8333333,49200141.6666667,37279020.8333333,14838912.5,23834275,14838912.5,12535550,19568125,12535550,23480896.4285714,32533875,23480896.4285714
427,"035","01","01","0350101",Carabaña,Carabaña,Carabaña Núcleo,2300,"2300",24465.5,23903,24465.5,50880.75,52916.5,50880.75,53323.5,53442,53323.5,30610.5,29521,30610.5,25000,24239,25000,36856.05,36804.3,36856.05,2682,3947,2682,4932.25,7341,4932.25,4885.75,7263,4885.75,3063.5,4603.5,3063.5,2704.5,3813,2704.5,3653.6,5393.5,3653.6,25028,25028,23903,23903,48845,48845,56436,49397,,,,,,,,,,,,,53205,53205,54458,52426,,,,,,,,,31700,31700,29229,29813,25761,25761,24239,24239,1434,1400,3947,3947,2512,2535,7090,7592,,,,,,,,,,,,,2459,2558,7005,7521,,,,,,,,,1524,1523,4246,4961,1613,1579,3813,3813,56270650,54976900,56270650,117025725,121707950,117025725,122644050,122916600,122644050,70404150,67898300,70404150,57500000,55749700,57500000,84768915,84649890,84768915,6168600,9078100,6168600,11344175,16884300,11344175,11237225,16704900,11237225,7046050,10588050,7046050,6220350,8769900,6220350,8403280,12405050,8403280
428,"084","05","01","0840501","Raya de Velilla, La",La Raya de Velilla,La Raya de Velilla Núcleo,88,"88",13447.75,12294.5,13447.75,21787,23963,21787,22828.5,28122,22828.5,15670,19199,15670,22438.5,34576,22438.5,19234.35,23630.9,19234.35,1655,2214,1655,2665.5,4045.5,2665.5,2806,4581.5,2806,2440,3861,2440,2738.25,4500,2738.25,2460.95,3840.4,2460.95,14601,14601,10636,13953,19611,19611,23963,23963,,,,,,,,,,,,,17535,17535,28122,28122,,,,,,,,,12141,12141,17015,21383,10301,10301,34576,34576,1060,1132,2231,2197,1271,1300,4170,3921,,,,,,,,,,,,,957,1104,4423,4740,,,,,,,,,924,1114,3771,3951,942,1011,4560,4440,1183402,1081916,1183402,1917256,2108744,1917256,2008908,2474736,2008908,1378960,1689512,1378960,1974588,3042688,1974588,1692622.8,2079519.2,1692622.8,145640,194832,145640,234564,356004,234564,246928,403172,246928,214720,339768,214720,240966,396000,240966,216563.6,337955.2,216563.6
429,"006","01","01","0060101",Alcobendas,Alcobendas,Alcobendas Núcleo,121330,"121330",4112,4691,4112,7001,7233,7001,11278.875,11212.25,11278.875,2978,2635,2978,3156.25,3363.5,3156.25,6634.16666666667,6724.5,6634.16666666667,953.25,1435,953.25,1049.75,1576,1049.75,1508.5,2153,1508.5,781.5,1253,781.5,743.5,1117.5,743.5,1090.83333333333,1614.58333333333,1090.83333333333,3533,3533,4691,4691,6769,6769,7233,7233,,,,,,,,,,,,,12510,12510,8180,11112,10181,10181,13269,12288,,,,,3321,3321,2502,2768,2949,2949,3148,3579,464,479,1435,1435,499,548,1621,1531,,,,,,,,,,,,,723,848,1548,1843,855,1030,2464,2757,,,,,301,319,1317,1189,355,384,1307,928,498908960,569159030,498908960,849431330,877579890,849431330,1368465903.75,1360382292.5,1368465903.75,361320740,319704550,361320740,382947812.5,408093455,382947812.5,804923441.666667,815883585,804923441.666667,115657822.5,174108550,115657822.5,127366167.5,191216080,127366167.5,183026305,261223490,183026305,94819395,152026490,94819395,90208855,135586275,90208855,132350808.333333,195897395.833333,132350808.333333
430,"174","01","01","1740101",Villamanta,Villamanta,Villamanta Núcleo,2593,"2593",11016,10643,11016,29209.6875,29731.875,29209.6875,,,,7983,8169,7983,10512,9620,10512,20907.1071428571,21051.3571428571,20907.1071428571,1346.75,1904,1346.75,2388.125,3189.75,2388.125,,,,724.5,935.5,724.5,1160,1498,1160,1826.25,2442.35714285714,1826.25,11389,11389,10841,10445,23752,23752,24487,24487,29729,29729,31259,30171,27181,27181,28788,29107,34088,34088,34778,34778,,,,,,,,,,,,,7797,7797,8169,8169,11404,11404,9620,9620,797,782,1666,2142,1418,1450,2396,2443,1680,1695,3224,3547,1499,1511,3001,2955,1723,1716,3981,3971,,,,,,,,,,,,,508,519,818,1053,825,819,1488,1508,28564488,27597299,28564488,75740719.6875,77094751.875,75740719.6875,,,,20699919,21182217,20699919,27257616,24944660,27257616,54212128.8214286,54586169.0714286,54212128.8214286,3492122.75,4937072,3492122.75,6192408.125,8271021.75,6192408.125,,,,1878628.5,2425751.5,1878628.5,3007880,3884314,3007880,4735466.25,6333032.07142857,4735466.25
431,"174","02","01","1740201",Jirfa,Jirfa,Jirfa Núcleo,37,"37",9908.5,9486,9908.5,28071.0625,28512.875,28071.0625,,,,9562.75,10283.5,9562.75,9305.5,8265,9305.5,20151.5714285714,20298,20151.5714285714,1238.5,1793.5,1238.5,2127,2787.75,2127,,,,973.75,1376.5,973.75,976,1235.5,976,1670.89285714286,2222.35714285714,1670.89285714286,10331,10331,9486,9486,22694,22694,23132,23132,28670,28670,29904,29904,26123,26123,27433,27752,33030,33030,33423,33423,,,,,,,,,,,,,8842,8842,10284,10283,10346,10346,8265,8265,686,681,1455,2132,1302,1346,2185,1923,1542,1558,3013,2773,1372,1396,2790,2420,1602,1612,3770,3428,,,,,,,,,,,,,568,574,1232,1521,715,718,1277,1194,366614.5,350982,366614.5,1038629.3125,1054976.375,1038629.3125,,,,353821.75,380489.5,353821.75,344303.5,305805,344303.5,745608.142857143,751026,745608.142857143,45824.5,66359.5,45824.5,78699,103146.75,78699,,,,36028.75,50930.5,36028.75,36112,45713.5,36112,61823.0357142857,82227.2142857143,61823.0357142857
432,"021","01","01","0210101","Berrueco, El",El Berrueco,El Berrueco Núcleo,662,"662",9820.5,8008,9820.5,45684,45515,45684,59314,57547.5,59314,8182.5,8078,8182.5,54510.5,62867,54510.5,39470.9166666667,39927.1666666667,39470.9166666667,1648.75,2384,1648.75,3478.5,4893.5,3478.5,4526.75,6329.5,4526.75,865,1132,865,4283.75,6336,4283.75,3221.58333333333,4567.41666666667,3221.58333333333,11633,11633,8008,8008,45853,45853,46288,44742,,,,,,,,,,,,,62245,62245,57338,55792,59916,59916,59303,57757,,,,,8287,8287,8078,8078,46154,46154,48182,77552,919,908,2384,2384,2029,2098,3969,5818,,,,,,,,,,,,,2512,2776,4836,6985,2684,2924,5585,7912,,,,,622,574,1132,1132,2226,2237,5443,7229,6501171,5301296,6501171,30242808,30130930,30242808,39265868,38096445,39265868,5416815,5347636,5416815,36085951,41617954,36085951,26129746.8333333,26431784.3333333,26129746.8333333,1091472.5,1578208,1091472.5,2302767,3239497,2302767,2996708.5,4190129,2996708.5,572630,749384,572630,2835842.5,4194432,2835842.5,2132688.16666667,3023629.83333333,2132688.16666667
433,"902","02","01","9020201",Serrada de la Fuente,Serrada de la Fuente,Serrada de la Fuente Núcleo,79,"79",82622,104218,82622,76268,88693,76268,77161.25,75252,77161.25,19084.5,22276,19084.5,83386,102628,83386,69280.5,78053.1666666667,69280.5,6281.5,9237,6281.5,5628.75,8160,5628.75,5167.125,6545,5167.125,2200.5,3151,2200.5,6141.75,8991,6141.75,5097.79166666667,7104.83333333333,5097.79166666667,61026,61026,104218,104218,63843,63843,88693,88693,,,,,,,,,,,,,80235,80235,74270,74270,77906,77906,76234,76234,,,,,15893,15893,22276,22276,64144,64144,102628,102628,3362,3290,9237,9237,3098,3097,8160,8160,,,,,,,,,,,,,3641,3793,6210,6210,3774,3949,6880,6880,,,,,1244,1256,3151,3151,3314,3271,8991,8991,6527138,8233222,6527138,6025172,7006747,6025172,6095738.75,5944908,6095738.75,1507675.5,1759804,1507675.5,6587494,8107612,6587494,5473159.5,6166200.16666667,5473159.5,496238.5,729723,496238.5,444671.25,644640,444671.25,408202.875,517055,408202.875,173839.5,248929,173839.5,485198.25,710289,485198.25,402725.541666667,561281.833333333,402725.541666667
434,"902","03","01","9020301",Cinco Villas,Cinco Villas,Cinco Villas Núcleo,119,"119",72023,95024,72023,54496.5,57153,54496.5,68126.5,69185.5,68126.5,3946,4002,3946,72787.5,93434,72787.5,56584.3333333333,64664,56584.3333333333,6440.75,10466,6440.75,4455.25,6681,4455.25,5403.75,7922.5,5403.75,1200,2055,1200,6293.75,10206,6293.75,4866.20833333333,7542.16666666667,4866.20833333333,49022,49022,95024,95024,51840,51840,57153,57153,,,,,,,,,,,,,68232,68232,68203,68203,65903,65903,70168,70168,,,,,3890,3890,4114,3890,52141,52141,93434,93434,2440,2391,10466,10466,2209,2250,6681,6681,,,,,,,,,,,,,2699,2886,7548,7548,2875,3080,8297,8297,,,,,341,349,941,3169,2380,2383,10206,10206,8570737,11307856,8570737,6485083.5,6801207,6485083.5,8107053.5,8233074.5,8107053.5,469574,476238,469574,8661712.5,11118646,8661712.5,6733535.66666667,7695016,6733535.66666667,766449.25,1245454,766449.25,530174.75,795039,530174.75,643046.25,942777.5,643046.25,142800,244545,142800,748956.25,1214514,748956.25,579078.791666667,897517.833333333,579078.791666667
435,"084","01","01","0840101",Mejorada del Campo,Mejorada del Campo,Mejorada del Campo Núcleo,21438,"21438",10656,11155,10656,21648.25,22532.5,21648.25,22291,25893,22291,14969.25,18957.5,14969.25,21166.5,32347,21166.5,18146.2,22177,18146.2,1606,2124.5,1606,2860.5,4292,2860.5,2710.5,4244.5,2710.5,2118,3249.5,2118,2570.75,4163,2570.75,2373.15,3614.7,2373.15,10157,10157,10586,11724,20764,20764,23914,21151,,,,,,,,,,,,,18689,18689,25893,25893,,,,,,,,,10981,10981,16965,20950,9986,9986,32347,32347,1073,1102,2385,1864,1427,1431,4540,4044,,,,,,,,,,,,,1114,1239,4086,4403,,,,,,,,,951,1022,2641,3858,965,992,4223,4103,228443328,239140890,228443328,464095183.5,483051735,464095183.5,477874458,555094134,477874458,320910781.5,406410885,320910781.5,453767427,693454986,453767427,389018235.6,475430526,389018235.6,34429428,45545031,34429428,61323399,92011896,61323399,58107699,90993591,58107699,45405684,69662781,45405684,55111738.5,89246394,55111738.5,50875589.7,77491938.6,50875589.7
436,"051","01","01","0510101",Chapinería,Chapinería,Chapinería Núcleo,2456,"2456",40288.25,53407.5,40288.25,40718.0625,41523.875,40718.0625,,,,45582.75,69079.5,45582.75,35685,44186,35685,40632.6071428571,47538.3571428571,40632.6071428571,3735.5,5714.5,3735.5,3219.75,4528,3219.75,,,,4446.25,7573.5,4446.25,3852,5913.5,3852,3558.96428571429,5330.5,3558.96428571429,27169,27169,59349,47466,36498,36498,39270,35066,43116,43116,41657,37214,36095,36095,39155,33524,43940,43940,55301,51004,,,,,,,,,,,,,22086,22086,70008,68151,27184,27184,38378,49994,1790,1723,5942,5487,1916,1883,4756,4301,1964,1956,4038,3674,1851,1816,5014,3024,1972,1934,5950,5467,,,,,,,,,,,,,1339,1299,6995,8152,1822,1759,6017,5810,98947942,131168820,98947942,100003561.5,101982637,100003561.5,,,,111951234,169659252,111951234,87642360,108520816,87642360,99793683.1428571,116754205.142857,99793683.1428571,9174388,14034812,9174388,7907706,11120768,7907706,,,,10919990,18600516,10919990,9460512,14523556,9460512,8740816.28571429,13091708,8740816.28571429
437,"051","02","01","0510201",Valquigoso,Valquigoso,Valquigoso Núcleo,159,"159",48776,61418,48776,41435.625,41034.75,41435.625,,,,45094,63996,45094,45308.25,54466.5,45308.25,43560.1071428571,49145.6428571429,43560.1071428571,4402,7031.5,4402,3823.3125,5630,3823.3125,,,,4419,7340,4419,4349,6887,4349,4066.17857142857,6254.07142857143,4066.17857142857,36134,36134,70499,52337,38422,38422,40756,36552,45040,45040,38700,38447,38020,38020,40641,35010,45864,45864,52490,45682,,,,,,,,,,,,,26192,26192,71494,56498,36150,36150,55810,53123,1795,1750,7338,6725,2024,1980,5872,5521,2067,2058,4894,4891,1960,1927,6430,4244,2075,2042,6687,6501,,,,,,,,,,,,,1502,1494,6988,7692,1832,1790,6673,7101,7755384,9765462,7755384,6588264.375,6524525.25,6588264.375,,,,7169946,10175364,7169946,7204011.75,8660173.5,7204011.75,6926057.03571429,7814157.21428571,6926057.03571429,699918,1118008.5,699918,607906.6875,895170,607906.6875,,,,702621,1167060,702621,691491,1095033,691491,646522.392857143,994397.357142857,646522.392857143
438,"044","01","01","0440101",Colmenarejo,Colmenarejo,Colmenarejo Núcleo,9648,"9648",19366.75,22160.5,19366.75,16523.5,18109,16523.5,34008.75,33221.5,34008.75,14650,15091,14650,16478,18063,16478,24149.2142857143,24726.8571428571,24149.2142857143,2644,3959,2644,2524,3418,2524,3173.41666666667,4114,3173.41666666667,1956,2852,1956,2495.5,3380,2495.5,2734.25,3707.28571428571,2734.25,16573,16573,19754,24567,14938,14938,18100,18118,,,,,,,,,,,,,37708,37708,35502,37578,37625,37625,35659,37735,29055,29055,25004,27851,14209,14209,15091,15091,14893,14893,18054,18072,1326,1332,4311,3607,1623,1637,3613,3223,,,,,,,,,,,,,2279,2688,3985,3884,2320,2676,4140,4039,1664,1770,3780,4856,1041,1079,3302,2402,1602,1620,3575,3185,186850404,213804504,186850404,159418728,174715632,159418728,328116420,320521032,328116420,141343200,145597968,141343200,158979744,174271824,158979744,232991619.428571,238564717.714286,232991619.428571,25509312,38196432,25509312,24351552,32976864,24351552,30617124,39691872,30617124,18871488,27516096,18871488,24076584,32610240,24076584,26380044,35767892.5714286,26380044
439,"075","01","01","0750101",Colegio Monfort,Colegio Monfort,Colegio Monfort Núcleo,15,"15",25075.25,35935.5,25075.25,29060.25,31094.5,29060.25,30545,36140,30545,12643.5,13656,12643.5,16600,20255,16600,22784.8,27416.2,22784.8,3717.75,6314,3717.75,3483.5,5286,3483.5,3279.25,5131,3279.25,2077.75,3230,2077.75,2805.5,4558,2805.5,3072.75,4903.8,3072.75,14215,14215,49588,22283,27026,27026,32663,29526,,,,,,,,,,,,,24950,24950,36140,36140,,,,,,,,,11631,11631,13655,13657,12945,12945,20168,20342,1124,1119,8278,4350,1665,1697,5421,5151,,,,,,,,,,,,,1345,1510,5131,5131,,,,,,,,,921,930,3403,3057,1066,1040,5126,3990,376128.75,539032.5,376128.75,435903.75,466417.5,435903.75,458175,542100,458175,189652.5,204840,189652.5,249000,303825,249000,341772,411243,341772,55766.25,94710,55766.25,52252.5,79290,52252.5,49188.75,76965,49188.75,31166.25,48450,31166.25,42082.5,68370,42082.5,46091.25,73557,46091.25
440,"075","01","02","0750102",Loeches,Loeches,Loeches Núcleo,8621,"8621",23659,34002,23659,28538,29370,28538,30547.25,35464.5,30547.25,12505,13466,12505,21856.25,31667.5,21856.25,23421.1,28794,23421.1,3041.75,5040.5,3041.75,3231.75,4728,3231.75,3403.75,5330.5,3403.75,1869.25,2814.5,1869.25,2760.75,4544.5,2760.75,2861.45,4491.6,2861.45,13316,13316,46739,21265,27706,27706,29370,29370,,,,,,,,,,,,,25630,25630,33872,37057,,,,,,,,,11544,11544,13431,13501,12045,12045,44011,19324,1042,1044,6595,3486,1726,1745,4758,4698,,,,,,,,,,,,,1397,1557,5570,5091,,,,,,,,,922,926,3025,2604,989,965,5963,3126,203964239,293131242,203964239,246026098,253198770,246026098,263347842.25,305739454.5,263347842.25,107805605,116090386,107805605,188422731.25,273005517.5,188422731.25,201913303.1,248233074,201913303.1,26222926.75,43454150.5,26222926.75,27860916.75,40760088,27860916.75,29343728.75,45954240.5,29343728.75,16114804.25,24263804.5,16114804.25,23800425.75,39178134.5,23800425.75,24668560.45,38722083.6,24668560.45
441,"152","02","01","1520201","Berzosilla, La",La Berzosilla,La Berzosilla Núcleo,537,"537",8468,8600,8468,13575.75,16105.5,13575.75,31199.5833333333,33717.5,31199.5833333333,9630.25,10084.5,9630.25,13530.25,16059.5,13530.25,19829,21714.5714285714,19829,1388.5,2122,1388.5,2277,3726.5,2277,2716.08333333333,3735.5,2716.08333333333,1548.5,2499,1548.5,2249.5,3688.5,2249.5,2230.25,3320.35714285714,2230.25,8336,8336,8600,8600,11046,11046,17835,14376,,,,,,,,,,,,,31670,31670,30402,45583,31587,31587,30573,45754,22788,22788,25668,24325,9176,9176,10076,10093,11001,11001,17789,14330,646,664,2103,2141,824,831,4138,3315,,,,,,,,,,,,,1607,2140,3075,3910,1648,2120,3233,4068,1248,1417,4203,3924,597,599,2477,2521,809,812,4100,3277,4547316,4618200,4547316,7290177.75,8648653.5,7290177.75,16754176.25,18106297.5,16754176.25,5171444.25,5415376.5,5171444.25,7265744.25,8623951.5,7265744.25,10648173,11660724.8571429,10648173,745624.5,1139514,745624.5,1222749,2001130.5,1222749,1458536.75,2005963.5,1458536.75,831544.5,1341963,831544.5,1207981.5,1980724.5,1207981.5,1197644.25,1783031.78571429,1197644.25
442,"023","01","01","0230101","Boalo, El",El Boalo,El Boalo Núcleo,2497,"2497",25352.25,31071.5,25352.25,61076,70268,61076,48718.125,52675.75,48718.125,24953.5,39258,24953.5,26989.75,32144.5,26989.75,39301.2916666667,46348.9166666667,39301.2916666667,2097.75,2999.5,2097.75,4508.5,6483.5,4508.5,3249.5,4205.75,3249.5,2999.75,5141,2999.75,2194,3210,2194,3049.83333333333,4374.25,3049.83333333333,19633,19633,31083,31060,51884,51884,65839,74697,,,,,,,,,,,,,45020,45020,49847,56653,44501,44501,48699,55504,,,,,10649,10649,39258,39258,21835,21835,32156,32133,1203,1189,2829,3170,2444,2623,6673,6294,,,,,,,,,,,,,2100,2283,4328,4041,2372,2418,4368,4086,,,,,897,820,5141,5141,1183,1173,3040,3380,63304568.25,77585535.5,63304568.25,152506772,175459196,152506772,121649158.125,131531347.75,121649158.125,62308889.5,98027226,62308889.5,67393405.75,80264816.5,67393405.75,98135325.2916667,115733244.916667,98135325.2916667,5238081.75,7489751.5,5238081.75,11257724.5,16189299.5,11257724.5,8114001.5,10501757.75,8114001.5,7490375.75,12837077,7490375.75,5478418,8015370,5478418,7615433.83333333,10922502.25,7615433.83333333
443,"174","03","01","1740301","Malpuesta, La",La Malpuesta,La Malpuesta Núcleo,69,"69",13169.25,12762.5,13169.25,31331.9375,31789.375,31331.9375,,,,5412.5,5573,5412.5,12566.25,11541.5,12566.25,22353.6785714286,22433.5,22353.6785714286,1382.5,1877,1382.5,2278.8125,2871.25,2278.8125,,,,413.5,541,413.5,1121,1319,1121,1718.89285714286,2174.57142857143,1718.89285714286,13576,13576,12736,12789,25939,25939,26382,26435,31916,31916,33154,33207,29368,29368,30683,31055,36275,36275,36673,36726,,,,,,,,,,,,,5252,5252,5573,5573,13591,13591,11515,11568,899,877,1559,2195,1527,1554,2289,1986,1787,1785,3117,2836,1598,1606,2894,2483,1830,1804,3874,3491,,,,,,,,,,,,,284,288,459,623,927,919,1381,1257,908678.25,880612.5,908678.25,2161903.6875,2193466.875,2161903.6875,,,,373462.5,384537,373462.5,867071.25,796363.5,867071.25,1542403.82142857,1547911.5,1542403.82142857,95392.5,129513,95392.5,157238.0625,198116.25,157238.0625,,,,28531.5,37329,28531.5,77349,91011,77349,118603.607142857,150045.428571429,118603.607142857
444,"174","04","01","1740401","Olivos, Los",Los Olivos,Los Olivos Núcleo,55,"55",9236.5,8716,9236.5,27430.1875,27804.875,27430.1875,,,,9554.25,9709.5,9554.25,8732.5,7693,8732.5,19606.2857142857,19619.7142857143,19606.2857142857,1253.75,1831.5,1253.75,2290.875,3117.25,2290.875,,,,760.25,900.5,760.25,1067.5,1425.5,1067.5,1749.28571428571,2375.21428571429,1749.28571428571,9757,9757,8914,8518,22120,22120,22560,22560,28097,28097,29332,28244,25549,25549,26861,27180,32456,32456,32851,32851,,,,,,,,,,,,,9399,9399,9710,9709,9772,9772,7693,7693,678,674,1595,2068,1304,1331,2325,2369,1541,1564,3153,3473,1381,1396,2930,2881,1601,1598,3910,3897,,,,,,,,,,,,,619,621,756,1045,710,709,1417,1434,508007.5,479380,508007.5,1508660.3125,1529268.125,1508660.3125,,,,525483.75,534022.5,525483.75,480287.5,423115,480287.5,1078345.71428571,1079084.28571429,1078345.71428571,68956.25,100732.5,68956.25,125998.125,171448.75,125998.125,,,,41813.75,49527.5,41813.75,58712.5,78402.5,58712.5,96210.7142857143,130636.785714286,96210.7142857143
445,"159","01","01","1590101",Valdemaqueda,Valdemaqueda,Valdemaqueda Núcleo,813,"813",37882,47262,37882,77184.25,105594.5,77184.25,67871.6666666667,61713.3333333333,67871.6666666667,32972,42101,32972,30672.5,38627,30672.5,54617.9642857143,59817.7857142857,54617.9642857143,3671.5,5088,3671.5,5458.75,7469,5458.75,3853.16666666667,3848.83333333333,3853.16666666667,3162.5,4530,3162.5,3615.25,5331,3615.25,3923.92857142857,4852.07142857143,3923.92857142857,28502,28502,47262,47262,48774,48774,107174,104015,,,,,,,,,,,,,82704,82704,64866,64512,82621,82621,64669,64669,64320,49210,55782,55782,23843,23843,42101,42101,22718,22718,28435,48819,2342,2168,4179,5997,3532,3365,7359,7579,,,,,,,,,,,,,3998,4291,3658,3623,4040,4311,3820,3778,3225,3280,4098,4116,1873,1717,3621,5439,1984,1815,4510,6152,30798066,38424006,30798066,62750795.25,85848328.5,62750795.25,55179665,50172940,55179665,26806236,34228113,26806236,24936742.5,31403751,24936742.5,44404404.9642857,48631859.7857143,44404404.9642857,2984929.5,4136544,2984929.5,4437963.75,6072297,4437963.75,3132624.5,3129101.5,3132624.5,2571112.5,3682890,2571112.5,2939198.25,4334103,2939198.25,3190153.92857143,3944734.07142857,3190153.92857143
446,"099","01","01","0990101","Morro, El",El Morro,El Morro Núcleo,322,"322",56087.5,72079,56087.5,49668.125,53537.75,49668.125,,,,57120.25,84086.5,57120.25,56506.5,72902,56506.5,52626.6785714286,63316.9285714286,52626.6785714286,5783.5,9566,5783.5,5054.1875,7863.5,5054.1875,,,,5691.25,9662.5,5691.25,5869.5,9715,5869.5,5365.85714285714,8628.21428571429,5365.85714285714,40096,40096,72079,72079,42384,42384,52161,52161,49002,49002,44814,44814,41982,41982,58572,58572,49826,49826,58604,58604,,,,,,,,,,,,,30154,30154,77692,90481,40111,40111,72902,72902,2031,1971,9566,9566,2268,2209,7990,7990,2300,2276,6633,6633,2176,2141,8405,8405,2316,2273,8426,8426,,,,,,,,,,,,,1734,1706,8686,10639,2054,1994,9715,9715,18060175,23209438,18060175,15993136.25,17239155.5,15993136.25,,,,18392720.5,27075853,18392720.5,18195093,23474444,18195093,16945790.5,20388051,16945790.5,1862287,3080252,1862287,1627448.375,2532047,1627448.375,,,,1832582.5,3111325,1832582.5,1889979,3128230,1889979,1727806,2778285,1727806
447,"159","02","01","1590201","Río, El",El Río,El Río Núcleo,15,"15",35817,45213,35817,75119.25,103545.5,75119.25,67065.5,59664.3333333333,67065.5,30907,40052,30907,28607,36578,28607,53092.3928571429,57768.7857142857,53092.3928571429,3409.25,4802.5,3409.25,5226,7183.5,5226,3595.83333333333,3563.33333333333,3595.83333333333,2906,4244.5,2906,3303.5,4946.5,3303.5,3661.75,4552.42857142857,3661.75,26421,26421,45213,45213,46693,46693,105125,101966,,,,,,,,,,,,,80622,80622,62817,62463,80539,80539,62620,62620,62239,62239,53733,53733,21762,21762,40052,40052,20636,20636,26386,46770,2084,1948,3893,5712,3338,3199,7073,7294,,,,,,,,,,,,,3752,4124,3372,3338,3772,4113,3534,3493,2963,3046,3812,3831,1621,1514,3335,5154,1732,1589,4026,5867,537255,678195,537255,1126788.75,1553182.5,1126788.75,1005982.5,894965,1005982.5,463605,600780,463605,429105,548670,429105,796385.892857143,866531.785714286,796385.892857143,51138.75,72037.5,51138.75,78390,107752.5,78390,53937.5,53450,53937.5,43590,63667.5,43590,49552.5,74197.5,49552.5,54926.25,68286.4285714286,54926.25
448,"062","03","01","0620301",Garganta de los Montes,Garganta de los Montes,Garganta de los Montes Núcleo,303,"303",51639.25,66388.5,51639.25,65823.5,72547,65823.5,73084.875,71842.25,73084.875,13385,15633,13385,78528,97655,78528,59257.5833333333,65984.6666666667,59257.5833333333,5927.25,10031.5,5927.25,5189.5,7769.5,5189.5,5425,7564.75,5425,1315.5,1859,1315.5,6403.25,9997.5,6403.25,4947.58333333333,7464.5,4947.58333333333,36890,36890,31915,100862,59100,59100,79097,65997,,,,,,,,,,,,,75492,75492,64673,77047,73163,73163,66637,79012,,,,,11137,11137,15633,15633,59401,59401,93032,102278,1830,1816,10697,9366,2568,2651,9208,6331,,,,,,,,,,,,,3081,3323,7258,7198,3259,3478,7928,7875,,,,,761,783,1859,1859,2801,2817,10039,9956,15646692.75,20115715.5,15646692.75,19944520.5,21981741,19944520.5,22144717.125,21768201.75,22144717.125,4055655,4736799,4055655,23793984,29589465,23793984,17955047.75,19993354,17955047.75,1795956.75,3039544.5,1795956.75,1572418.5,2354158.5,1572418.5,1643775,2292119.25,1643775,398596.5,563277,398596.5,1940184.75,3029242.5,1940184.75,1499117.75,2261743.5,1499117.75
449,"062","02","01","0620201","Cuadrón, El",El Cuadrón,El Cuadrón Núcleo,31,"31",45087,59836,45087,59271.75,65994.5,59271.75,66533.125,65289.75,66533.125,6833,9080,6833,71976.25,91102.5,71976.25,52705.7083333333,59432.0833333333,52705.7083333333,5246.5,9103.5,5246.5,4521.25,6841.5,4521.25,4744.375,6636.75,4744.375,787.5,1261,787.5,5715.25,9069.5,5715.25,4293.20833333333,6591.5,4293.20833333333,30338,30338,25363,94309,52549,52549,72545,59444,,,,,,,,,,,,,68941,68941,58121,70494,66612,66612,60085,72459,,,,,4586,4586,9080,9080,52850,52850,86480,95725,1402,1377,9439,8768,2183,2219,7950,5733,,,,,,,,,,,,,2673,2872,6000,6600,2832,3031,6670,7277,,,,,317,311,1261,1261,2358,2364,8781,9358,1397697,1854916,1397697,1837424.25,2045829.5,1837424.25,2062526.875,2023982.25,2062526.875,211823,281480,211823,2231263.75,2824177.5,2231263.75,1633876.95833333,1842394.58333333,1633876.95833333,162641.5,282208.5,162641.5,140158.75,212086.5,140158.75,147075.625,205739.25,147075.625,24412.5,39091,24412.5,177172.75,281154.5,177172.75,133089.458333333,204336.5,133089.458333333
450,"104","01","01","1040101",Belvis de Jarama,Belvis de Jarama,Belvis de Jarama Núcleo,333,"333",22931,27511,22931,9365,9472,9365,24255.5,23114,24255.5,12841.5,12959,12841.5,12833,12068,12833,17746.9166666667,18039.6666666667,17746.9166666667,2845.25,4708,2845.25,939.75,1053,939.75,2128.5,2838.5,2128.5,1922.25,3053,1922.25,1530,2149,1530,1915.70833333333,2773.33333333333,1915.70833333333,18351,18351,26832,28190,9258,9258,9472,9472,,,,,,,,,,,,,26977,26977,20306,22079,23817,23817,22271,27800,,,,,12724,12724,12959,12959,13598,13598,12068,12068,983,982,4779,4637,747,906,1053,1053,,,,,,,,,,,,,1305,1406,2820,2001,1459,1504,3691,2842,,,,,743,840,3233,2873,825,997,2299,1999,7636023,9161163,7636023,3118545,3154176,3118545,8077081.5,7696962,8077081.5,4276219.5,4315347,4276219.5,4273389,4018644,4273389,5909723.25,6007209,5909723.25,947468.25,1567764,947468.25,312936.75,350649,312936.75,708790.5,945220.5,708790.5,640109.25,1016649,640109.25,509490,715617,509490,637930.875,923520,637930.875
451,"104","02","01","1040201",Paracuellos de Jarama,Paracuellos de Jarama,Paracuellos de Jarama Núcleo,23492,"23492",14830.75,16852.5,14830.75,19078.5,21554,19078.5,25648.375,26451.75,25648.375,17380.75,18913.5,17380.75,20203.25,23153.5,20203.25,20465,22229.5,20465,1548.25,2305,1548.25,1666,2381,1666,2587.25,3657.25,2587.25,2232.5,3571,2232.5,2531.75,4027,2531.75,2192.16666666667,3266.41666666667,2192.16666666667,12809,12809,15737,17968,16603,16603,21554,21554,,,,,,,,,,,,,21021,30632,26936,26936,20256,27471,23218,28717,,,,,15848,15848,17798,20029,17253,17253,24150,22157,792,791,2305,2305,899,1003,2381,2381,,,,,,,,,,,,,1377,1534,3642,3432,1532,1626,3840,3715,,,,,865,923,3571,3571,958,1115,3627,4427,348403979,395898930,348403979,448192122,506346568,448192122,602531625.5,621404511,602531625.5,408308579,444315942,408308579,474614749,543922022,474614749,480763780,522215414,480763780,36371489,54149060,36371489,39137672,55934452,39137672,60779677,85916117,60779677,52445890,83889932,52445890,59475871,94602284,59475871,51498379.3333333,76734660.3333333,51498379.3333333
452,"104","04","01","1040401","Berrocales del Jarama, Los",Los Berrocales del Jarama,Los Berrocales del Jarama Núcleo,866,"866",12260,15573,12260,26903.75,32804.5,26903.75,24316.5,26644.5,24316.5,15138,17231,15138,24865.25,28077.5,24865.25,21300,24495.8333333333,21300,1952.75,3244.5,1952.75,3228.75,5326.5,3228.75,2958,4353.5,2958,2694.75,4540.5,2694.75,3466.5,5710,3466.5,2876.45833333333,4588.08333333333,2876.45833333333,8947,8947,24706,6440,21003,21003,27855,37754,,,,,,,,,,,,,21562,21562,33240,24411,22415,22415,27179,21748,,,,,13045,13045,26767,7695,21653,21653,28458,27697,665,657,4290,2199,1069,1193,5124,5529,,,,,,,,,,,,,1287,1717,4570,4125,1438,1808,4724,3995,,,,,820,878,5556,3525,1134,1312,5370,6050,10617160,13486218,10617160,23298647.5,28408697,23298647.5,21058089,23074137,21058089,13109508,14922046,13109508,21533306.5,24315115,21533306.5,18445800,21213391.6666667,18445800,1691081.5,2809737,1691081.5,2796097.5,4612749,2796097.5,2561628,3770131,2561628,2333653.5,3932073,2333653.5,3001989,4944860,3001989,2491012.91666667,3973280.16666667,2491012.91666667
453,"104","05","01","1040501","Granja - El Cruce, La",La Granja - El Cruce,La Granja - El Cruce Núcleo,2248,"2248",19528,20542,19528,14576,16040,14576,22501.5,26448,22501.5,15867.75,18848.5,15867.75,16198.5,18636,16198.5,18528.875,21160.4166666667,18528.875,2636,4247,2636,1307.5,1767,1307.5,2713.75,4115,2713.75,2587.75,4348,2587.75,1904,2863,1904,2310.45833333333,3575.83333333333,2310.45833333333,18514,18514,20551,20533,13112,13112,16040,16040,,,,,,,,,,,,,18937,18937,26874,24149,18173,18173,28839,25930,,,,,12887,12887,19527,18170,13761,13761,18636,18636,1035,1015,4280,4214,801,895,1767,1767,,,,,,,,,,,,,1143,1409,3534,4119,1294,1404,4405,4402,,,,,781,874,3947,4749,862,1028,3013,2713,43898944,46178416,43898944,32766848,36057920,32766848,50583372,59455104,50583372,35670702,42371428,35670702,36414228,41893728,36414228,41652911,47568616.6666667,41652911,5925728,9547256,5925728,2939260,3972216,2939260,6100510,9250520,6100510,5817262,9774304,5817262,4280192,6436024,4280192,5193910.33333333,8038473.33333333,5193910.33333333
454,"050","04","01","0500401","Soto, El",El Soto,El Soto Núcleo,2638,"2638",34958.75,47940.5,34958.75,22654.375,24444.75,22654.375,,,,16156.5,18151,16156.5,12750.5,14690,12750.5,21834.9,25934.2,21834.9,3439.5,5371,3439.5,2266.75,3297.25,2266.75,,,,1785,2604,1785,1443.25,1992.5,1443.25,2240.25,3312.4,2240.25,21977,21977,69859,26022,21242,21242,29248,18191,20486,20486,26387,23953,,,,,,,,,,,,,,,,,,,,,14162,14162,18151,18151,10811,10811,14690,14690,1529,1487,6502,4240,1164,1245,3884,2500,1251,1285,3049,3756,,,,,,,,,,,,,,,,,,,,,955,977,2088,3120,895,893,1578,2407,92221182.5,126467039,92221182.5,59762241.25,64485250.5,59762241.25,,,,42620847,47882338,42620847,33635819,38752220,33635819,57600466.2,68414419.6,57600466.2,9073401,14168698,9073401,5979686.5,8698145.5,5979686.5,,,,4708830,6869352,4708830,3807293.5,5256215,3807293.5,5909779.5,8738111.2,5909779.5
455,"141","01","01","1410101","Cortijos, Los",Los Cortijos,Los Cortijos Núcleo,439,"439",12225.75,12921.5,12225.75,29525.1875,30906.875,29525.1875,,,,29875,40119,29875,12032.75,12520.5,12032.75,24604.8928571429,27026.9285714286,24604.8928571429,1553,2228.5,1553,3116.5625,4511.5,3116.5625,,,,2985.25,4709.5,2985.25,1621.25,2338,1621.25,2660.82142857143,3903.14285714286,2660.82142857143,11530,11530,13835,12008,23357,23357,26429,24602,31805,31805,32113,32263,24784,24784,31031,29204,32628,32628,36720,34893,,,,,,,,,,,,,19631,19631,30981,49257,11545,11545,13017,12024,893,862,2292,2165,1618,1668,3773,3709,1783,1806,5122,4657,1654,1666,4050,4005,1780,1798,5414,5362,,,,,,,,,,,,,1271,1251,3922,5497,915,894,2215,2461,5367104.25,5672538.5,5367104.25,12961557.3125,13568118.125,12961557.3125,,,,13115125,17612241,13115125,5282377.25,5496499.5,5282377.25,10801547.9642857,11864821.6428571,10801547.9642857,681767,978311.5,681767,1368170.9375,1980548.5,1368170.9375,,,,1310524.75,2067470.5,1310524.75,711728.75,1026382,711728.75,1168100.60714286,1713479.71428571,1168100.60714286
456,"100","03","01","1000301",Monte Acevedo,Monte Acevedo,Monte Acevedo Núcleo,436,"436",30209,28723,30209,52274.5,58800,52274.5,53487.5,63302,53487.5,31153.25,36729.5,31153.25,28312.5,27758,28312.5,39087.35,43062.5,39087.35,4145.5,6476.5,4145.5,6056.5,9270,6056.5,6261.25,9962,6261.25,4351.5,7259,4351.5,3750.75,5563,3750.75,4913.1,7706.1,4913.1,31695,31695,29622,27824,45749,45749,58800,58800,,,,,,,,,,,,,43673,43673,63302,63302,,,,,,,,,25577,25577,37137,36322,28867,28867,27758,27758,1848,1781,6023,6930,2877,2809,9390,9150,,,,,,,,,,,,,2534,2587,9962,9962,,,,,,,,,1454,1434,6988,7530,1970,1907,5563,5563,13171124,12523228,13171124,22791682,25636800,22791682,23320550,27599672,23320550,13582817,16014062,13582817,12344250,12102488,12344250,17042084.6,18775250,17042084.6,1807438,2823754,1807438,2640634,4041720,2640634,2729905,4343432,2729905,1897254,3164924,1897254,1635327,2425468,1635327,2142111.6,3359859.6,2142111.6
457,"100","04","01","1000401",Nuevo Baztán,Nuevo Baztán,Nuevo Baztán Núcleo,306,"306",30825.75,33323.5,30825.75,51733.5,55328,51733.5,52947,59830,52947,30459.75,33969.5,30459.75,30777.5,32359,30777.5,39348.7,42962,39348.7,3782.25,6022.5,3782.25,5989.25,9299,5989.25,6068,9721,6068,4541.75,7632,4541.75,3420,5109,3420,4760.25,7556.7,4760.25,28328,28328,34223,32424,48139,48139,55328,55328,,,,,,,,,,,,,46064,46064,59830,59830,,,,,,,,,26950,26950,33665,34274,29196,29196,32359,32359,1558,1526,5569,6476,2702,2657,9149,9449,,,,,,,,,,,,,2392,2438,9721,9721,,,,,,,,,1469,1434,6747,8517,1743,1719,5109,5109,9432679.5,10196991,9432679.5,15830451,16930368,15830451,16201782,18307980,16201782,9320683.5,10394667,9320683.5,9417915,9901854,9417915,12040702.2,13146372,12040702.2,1157368.5,1842885,1157368.5,1832710.5,2845494,1832710.5,1856808,2974626,1856808,1389775.5,2335392,1389775.5,1046520,1563354,1046520,1456636.5,2312350.2,1456636.5
458,"130","13","01","1301301","Castellanas, Las",Las Castellanas,Las Castellanas Núcleo,14,"14",11420.5,9798,11420.5,22488.75,19663.5,22488.75,21845.5,20045.5,21845.5,9345,7792,9345,12413,10923,12413,15502.55,13644.4,15502.55,2335,3300.5,2335,3543.75,4989,3543.75,3556.75,5250.5,3556.75,2038.5,2995.5,2038.5,2522.75,3585.5,2522.75,2799.35,4024.2,2799.35,13043,13043,10883,8713,25314,25314,21673,17654,,,,,,,,,,,,,23932,23359,19834,20257,,,,,,,,,10898,10898,9315,6269,13903,13903,11705,10141,1321,1418,3716,2885,2008,2189,5902,4076,,,,,,,,,,,,,1737,1989,5551,4950,,,,,,,,,1055,1108,3404,2587,1419,1501,4044,3127,159887,137172,159887,314842.5,275289,314842.5,305837,280637,305837,130830,109088,130830,173782,152922,173782,217035.7,191021.6,217035.7,32690,46207,32690,49612.5,69846,49612.5,49794.5,73507,49794.5,28539,41937,28539,35318.5,50197,35318.5,39190.9,56338.8,39190.9
459,"100","02","01","1000201","Mirador de Baztán, El",El Mirador de Baztán,El Mirador de Baztán Núcleo,187,"187",31831.75,34296.5,31831.75,52737.5,56296,52737.5,53950.5,60798,53950.5,30612.75,34937.5,30612.75,31783.5,33332,31783.5,40183.2,43932,40183.2,4220,6795.5,4220,6003.75,9214,6003.75,6078,9636,6078,4491.25,7547,4491.25,3858.25,5882,3858.25,4930.25,7814.9,4930.25,29367,29367,35196,33397,49179,49179,56296,56296,,,,,,,,,,,,,47103,47103,60798,60798,,,,,,,,,26288,26288,34633,35242,30235,30235,33332,33332,1664,1625,6342,7249,2834,2753,9064,9364,,,,,,,,,,,,,2499,2541,9636,9636,,,,,,,,,1448,1423,6662,8432,1849,1820,5882,5882,5952537.25,6413445.5,5952537.25,9861912.5,10527352,9861912.5,10088743.5,11369226,10088743.5,5724584.25,6533312.5,5724584.25,5943514.5,6233084,5943514.5,7514258.4,8215284,7514258.4,789140,1270758.5,789140,1122701.25,1723018,1122701.25,1136586,1801932,1136586,839863.75,1411289,839863.75,721492.75,1099934,721492.75,921956.75,1461386.3,921956.75
460,"100","06","01","1000601",Eurovillas - Las Villas,Eurovillas - Las Villas,Eurovillas - Las Villas Núcleo,6464,"6464",35577.5,46828,35577.5,47871,49196,47871,49084.5,53699,49084.5,26414.25,27345.5,26414.25,35113.5,45032,35113.5,38812.15,44420.1,38812.15,4251.75,7056,4251.75,5170.75,7740,5170.75,5428.75,8529,5428.75,3820,6151.5,3820,3948,6262.5,3948,4523.85,7147.8,4523.85,24327,24327,28091,65565,46546,46546,49196,49196,,,,,,,,,,,,,44470,44470,53699,53699,,,,,,,,,25483,25483,27534,27157,25195,25195,26227,63837,1456,1439,4377,9735,2629,2574,7957,7523,,,,,,,,,,,,,2304,2353,8529,8529,,,,,,,,,1486,1491,5555,6748,1634,1633,3917,8608,229972960,302696192,229972960,309438144,318002944,309438144,317282208,347110336,317282208,170741712,176761312,170741712,226973664,291086848,226973664,250881737.6,287131526.4,250881737.6,27483312,45609984,27483312,33423728,50031360,33423728,35091440,55131456,35091440,24692480,39763296,24692480,25519872,40480800,25519872,29242166.4,46203379.2,29242166.4
461,"134","02","01","1340201",Fuente del Fresno,Fuente del Fresno,Fuente del Fresno Núcleo,2614,"2614",10682.75,10632,10682.75,5815,5802,5815,20165.25,18869,20165.25,9569,9500,9569,9042.75,8608,9042.75,12573.3333333333,12046.6666666667,12573.3333333333,1790,2573,1790,1122.25,1639,1122.25,2228.625,3005.75,2228.625,1733.5,2727,1733.5,1309.5,1793,1309.5,1735.41666666667,2457.25,1735.41666666667,12039,9428,10632,10632,5828,5828,5807,5797,,,,,,,,,,,,,22626,22626,19244,16846,20297,20297,20575,18811,,,,,9638,9638,9500,9500,10512,8443,8608,8608,971,1043,2723,2423,569,642,1771,1507,,,,,,,,,,,,,1199,1510,2634,2554,1351,1746,3844,2991,,,,,643,837,2727,2727,726,926,1793,1793,27924708.5,27792048,27924708.5,15200410,15166428,15200410,52711963.5,49323566,52711963.5,25013366,24833000,25013366,23637748.5,22501312,23637748.5,32866693.3333333,31489986.6666667,32866693.3333333,4679060,6725822,4679060,2933561.5,4284346,2933561.5,5825625.75,7857030.5,5825625.75,4531369,7128378,4531369,3423033,4686902,3423033,4536379.16666667,6423251.5,4536379.16666667
462,"157","01","01","1570101",Valdelaguna,Valdelaguna,Valdelaguna Núcleo,1065,"1065",60816,87996,60816,71522.25,83179.5,71522.25,,,,39807,50623,39807,40835,50274,40835,56900.5,71050.4,56900.5,5450.25,8756,5450.25,5572.375,8613.5,5572.375,,,,3342.75,5409.5,3342.75,3105.25,4293,3105.25,4608.6,7137.1,4608.6,33636,33636,103531,72461,63111,63111,90489,76090,56619,56619,88559,77580,,,,,,,,,,,,,,,,,,,,,28991,28991,60958,40288,31396,31396,50274,50274,2210,2079,8962,8550,2592,2669,8190,8333,2417,2447,8721,9210,,,,,,,,,,,,,,,,,,,,,1273,1279,5574,5245,1943,1892,4293,4293,64769040,93715740,64769040,76171196.25,88586167.5,76171196.25,,,,42394455,53913495,42394455,43489275,53541810,43489275,60599032.5,75668676,60599032.5,5804516.25,9325140,5804516.25,5934579.375,9173377.5,5934579.375,,,,3560028.75,5761117.5,3560028.75,3307091.25,4572045,3307091.25,4908159,7601011.5,4908159
463,"099","02","01","0990201",Navas del Rey,Navas del Rey,Navas del Rey Núcleo,2819,"2819",47947.75,59102.5,47947.75,42896.5625,43298.375,42896.5625,,,,49408.75,71967.5,49408.75,41941.25,47074.5,41941.25,44412,50191.1428571429,44412,3467.5,5245.5,3467.5,2961.4375,3975.375,2961.4375,,,,4270,7120,4270,3593.5,5460,3593.5,3310.96428571429,4818.14285714286,3310.96428571429,36793,36793,67893,50312,39080,39080,42200,37912,45699,45699,40060,40060,38678,38678,42085,36370,46522,46522,53850,53850,,,,,,,,,,,,,26850,26850,72938,70997,36808,36808,41309,52840,1716,1663,5444,5047,1951,1900,4289,3861,2013,1987,3234,3234,1896,1840,4547,2584,2019,1974,5027,5027,,,,,,,,,,,,,1432,1408,6528,7712,1749,1705,5550,5370,135164707.25,166609947.5,135164707.25,120925409.6875,122058119.125,120925409.6875,,,,139283266.25,202876382.5,139283266.25,118232383.75,132703015.5,118232383.75,125197428,141488831.714286,125197428,9774882.5,14787064.5,9774882.5,8348292.3125,11206582.125,8348292.3125,,,,12037130,20071280,12037130,10130076.5,15391740,10130076.5,9333608.32142857,13582344.7142857,9333608.32142857
464,"058","05","03","0580503",Miraflores,Miraflores,Miraflores Núcleo,2165,"2165",7122.5,7610,7122.5,6895.5625,8215.875,6895.5625,,,,2736,2891,2736,2370.5,2476,2370.5,5687.32142857143,6548.64285714286,5687.32142857143,1333,1987,1333,1390.6875,2183.625,1390.6875,,,,692.25,954,692.25,738,1050.5,738,1189.42857142857,1818,1189.42857142857,6635,6635,7610,7610,4347,4347,11322,4803,5741,5741,8414,9257,7264,7264,6912,6829,4949,4949,11103,7087,,,,,,,,,,,,,2581,2581,2891,2891,2265,2265,2476,2476,674,684,1987,1987,808,793,2117,2090,534,586,2316,2399,616,618,1772,2046,403,424,2421,2308,,,,,,,,,,,,,424,437,876,1032,407,444,997,1104,15420212.5,16475650,15420212.5,14928892.8125,17787369.375,14928892.8125,,,,5923440,6259015,5923440,5132132.5,5360540,5132132.5,12313050.8928571,14177811.7857143,12313050.8928571,2885945,4301855,2885945,3010838.4375,4727548.125,3010838.4375,,,,1498721.25,2065410,1498721.25,1597770,2274332.5,1597770,2575112.85714286,3935970,2575112.85714286
465,"122","01","01","1220101",Ribatejada,Ribatejada,Ribatejada Núcleo,647,"647",29694.25,31493.5,29694.25,43660.75,54087.5,43660.75,51755.25,54858.75,51755.25,28818.5,32325,28818.5,43230.75,49184,43230.75,41485.7916666667,46134.5833333333,41485.7916666667,2844.75,3802.5,2844.75,4863.75,7612.5,4863.75,4839.75,6972.25,4839.75,3085.75,4653,3085.75,4892.25,7595.5,4892.25,4227.66666666667,6268,4227.66666666667,27895,27895,31547,31440,33234,33234,60134,48041,,,,,,,,,,,,,49820,50228,52108,53157,47491,47068,49260,64910,,,,,25312,25312,30198,34452,37706,36849,47518,50850,1902,1872,3737,3868,2021,2209,7894,7331,,,,,,,,,,,,,2576,2696,6388,6959,2756,2801,6957,7585,,,,,1523,1514,3779,5527,2107,2271,7266,7925,19212179.75,20376294.5,19212179.75,28248505.25,34994612.5,28248505.25,33485646.75,35493611.25,33485646.75,18645569.5,20914275,18645569.5,27970295.25,31822048,27970295.25,26841307.2083333,29849075.4166667,26841307.2083333,1840553.25,2460217.5,1840553.25,3146846.25,4925287.5,3146846.25,3131318.25,4511045.75,3131318.25,1996480.25,3010491,1996480.25,3165285.75,4914288.5,3165285.75,2735300.33333333,4055396,2735300.33333333
466,"122","03","01","1220301","Barrancos, Los",Los Barrancos,Los Barrancos Núcleo,31,"31",34492,29016,34492,21620.25,21230.5,21620.25,38001.625,35684.25,38001.625,28790.5,31973,28790.5,27237.5,27993,27237.5,31357.25,30263.5,31357.25,4932.25,7707.5,4932.25,3173.5,4851.5,3173.5,4058.75,5963.25,4058.75,3940.5,6352.5,3940.5,3679.25,5713,3679.25,3973.83333333333,6091.83333333333,3973.83333333333,39968,39968,29016,29016,22010,22010,21337,21124,,,,,,,,,,,,,38596,44787,33793,33793,36267,41626,39393,35758,,,,,25608,25608,31973,31973,26482,26482,31770,24216,2176,2138,10258,5157,1387,1604,6560,3143,,,,,,,,,,,,,1921,2258,7305,3705,2085,2353,8265,4578,,,,,1392,1665,8077,4628,1457,1834,7700,3726,1069252,899496,1069252,670227.75,658145.5,670227.75,1178050.375,1106211.75,1178050.375,892505.5,991163,892505.5,844362.5,867783,844362.5,972074.75,938168.5,972074.75,152899.75,238932.5,152899.75,98378.5,150396.5,98378.5,125821.25,184860.75,125821.25,122155.5,196927.5,122155.5,114056.75,177103,114056.75,123188.833333333,188846.833333333,123188.833333333
467,"141","04","02","1410402","Manantiales I, Los",Los Manantiales I,Los Manantiales I Núcleo,780,"780",11186.25,11345.5,11186.25,28926.75,31741.25,28926.75,,,,25437,33463,25437,11068,11205,11068,23342.6071428571,26139.7857142857,23342.6071428571,1465.75,1984.5,1465.75,3028.6875,4371.375,3028.6875,,,,3199.25,5326,3199.25,1477.75,1996.5,1477.75,2608.21428571429,3827.5,2608.21428571429,11027,11027,12008,10683,22698,22698,24344,26512,29316,29316,36871,36871,22295,22295,28947,28947,30140,30140,34635,36803,,,,,,,,,,,,,17411,17411,34804,32122,10931,10931,11755,10655,970,924,2025,1944,1681,1649,3804,3366,1736,1744,4504,4504,1621,1591,4186,4186,1748,1718,5490,4931,,,,,,,,,,,,,1077,1068,5937,4715,978,940,2313,1680,8725275,8849490,8725275,22562865,24758175,22562865,,,,19840860,26101140,19840860,8633040,8739900,8633040,18207233.5714286,20389032.8571429,18207233.5714286,1143285,1547910,1143285,2362376.25,3409672.5,2362376.25,,,,2495415,4154280,2495415,1152645,1557270,1152645,2034407.14285714,2985450,2034407.14285714
468,"141","04","03","1410403","Manantiales II, Los",Los Manantiales II,Los Manantiales II Núcleo,309,"309",9418.5,10344,9418.5,27797.8125,32018.125,27797.8125,,,,24578.75,34281.5,24578.75,9291.25,10186.5,9291.25,22068.5357142857,26126.3571428571,22068.5357142857,1303.5,2003,1303.5,2705.125,4070.25,2705.125,,,,2826.5,4922.5,2826.5,1127.5,1640,1127.5,2296.85714285714,3549.5,2296.85714285714,8493,8493,10989,9699,20163,20163,23325,22035,26781,26781,35829,35829,19761,19761,27928,26638,27605,27605,33617,50944,,,,,,,,,,,,,14876,14876,33785,34778,8396,8396,10736,9637,617,591,1660,2346,1304,1310,3439,3893,1381,1417,3628,3388,1258,1262,3821,4189,1392,1396,5125,5079,,,,,,,,,,,,,717,744,5572,4273,618,612,1948,1332,2910316.5,3196296,2910316.5,8589524.0625,9893600.625,8589524.0625,,,,7594833.75,10592983.5,7594833.75,2870996.25,3147628.5,2870996.25,6819177.53571429,8073044.35714286,6819177.53571429,402781.5,618927,402781.5,835883.625,1257707.25,835883.625,,,,873388.5,1521052.5,873388.5,348397.5,506760,348397.5,709728.857142857,1096795.5,709728.857142857
